index,date,label
0,1994-01-26,-1
1,1994-01-27,-1
2,1994-01-28,-1
3,1994-01-31,-1
4,1994-02-01,0
5,1994-02-02,0
6,1994-02-03,0
7,1994-02-04,-1
8,1994-02-07,-1
9,1994-02-08,-1
10,1994-02-09,-1
11,1994-02-10,-1
12,1994-02-11,-1
13,1994-02-14,-1
14,1994-02-15,-1
15,1994-02-16,-1
16,1994-02-17,-1
17,1994-02-18,-1
18,1994-02-22,-1
19,1994-02-23,-1
20,1994-02-24,-1
21,1994-02-25,-1
22,1994-02-28,-1
23,1994-03-01,-1
24,1994-03-02,-1
25,1994-03-03,-1
26,1994-03-04,-1
27,1994-03-07,-1
28,1994-03-08,-1
29,1994-03-09,-1
30,1994-03-10,-1
31,1994-03-11,-1
32,1994-03-14,-1
33,1994-03-15,-1
34,1994-03-16,-1
35,1994-03-17,-1
36,1994-03-18,-1
37,1994-03-21,-1
38,1994-03-22,-1
39,1994-03-23,-1
40,1994-03-24,-1
41,1994-03-25,-1
42,1994-03-28,-1
43,1994-03-29,-1
44,1994-03-30,-1
45,1994-03-31,-1
46,1994-04-04,-1
47,1994-04-05,-1
48,1994-04-06,-1
49,1994-04-07,-1
50,1994-04-08,-1
51,1994-04-11,-1
52,1994-04-12,-1
53,1994-04-13,-1
54,1994-04-14,-1
55,1994-04-15,-1
56,1994-04-18,-1
57,1994-04-19,-1
58,1994-04-20,-1
59,1994-04-21,-1
60,1994-04-22,-1
61,1994-04-25,0
62,1994-04-26,0
63,1994-04-28,-1
64,1994-04-29,-1
65,1994-05-02,-1
66,1994-05-03,-1
67,1994-05-04,-1
68,1994-05-05,-1
69,1994-05-06,-1
70,1994-05-09,-1
71,1994-05-10,-1
72,1994-05-11,0
73,1994-05-12,0
74,1994-05-13,0
75,1994-05-16,0
76,1994-05-17,0
77,1994-05-18,0
78,1994-05-19,0
79,1994-05-20,0
80,1994-05-23,0
81,1994-05-24,0
82,1994-05-25,0
83,1994-05-26,0
84,1994-05-27,0
85,1994-05-31,0
86,1994-06-01,0
87,1994-06-02,0
88,1994-06-03,0
89,1994-06-06,0
90,1994-06-07,0
91,1994-06-08,0
92,1994-06-09,0
93,1994-06-10,0
94,1994-06-13,0
95,1994-06-14,0
96,1994-06-15,0
97,1994-06-16,0
98,1994-06-17,-1
99,1994-06-20,-1
100,1994-06-21,-1
101,1994-06-22,-1
102,1994-06-23,-1
103,1994-06-24,-1
104,1994-06-27,-1
105,1994-06-28,0
106,1994-06-29,0
107,1994-06-30,0
108,1994-07-01,0
109,1994-07-05,0
110,1994-07-06,0
111,1994-07-07,0
112,1994-07-08,0
113,1994-07-11,0
114,1994-07-12,0
115,1994-07-13,0
116,1994-07-14,-1
117,1994-07-15,-1
118,1994-07-18,-1
119,1994-07-19,-1
120,1994-07-20,-1
121,1994-07-21,-1
122,1994-07-22,-1
123,1994-07-25,-1
124,1994-07-26,-1
125,1994-07-27,-1
126,1994-07-28,0
127,1994-07-29,0
128,1994-08-01,0
129,1994-08-02,0
130,1994-08-03,0
131,1994-08-04,0
132,1994-08-05,0
133,1994-08-08,0
134,1994-08-09,0
135,1994-08-10,0
136,1994-08-11,0
137,1994-08-12,0
138,1994-08-15,0
139,1994-08-16,0
140,1994-08-17,0
141,1994-08-18,0
142,1994-08-19,0
143,1994-08-22,0
144,1994-08-23,0
145,1994-08-24,0
146,1994-08-25,0
147,1994-08-26,0
148,1994-08-29,0
149,1994-08-30,0
150,1994-08-31,0
151,1994-09-01,0
152,1994-09-02,0
153,1994-09-06,0
154,1994-09-07,0
155,1994-09-08,0
156,1994-09-09,0
157,1994-09-12,0
158,1994-09-13,0
159,1994-09-14,-1
160,1994-09-15,0
161,1994-09-16,0
162,1994-09-19,0
163,1994-09-20,-1
164,1994-09-21,-1
165,1994-09-22,0
166,1994-09-23,0
167,1994-09-26,-1
168,1994-09-27,0
169,1994-09-28,0
170,1994-09-29,0
171,1994-09-30,-1
172,1994-10-03,0
173,1994-10-04,-1
174,1994-10-05,-1
175,1994-10-06,-1
176,1994-10-07,-1
177,1994-10-10,-1
178,1994-10-11,-1
179,1994-10-12,-1
180,1994-10-13,0
181,1994-10-14,0
182,1994-10-17,0
183,1994-10-18,0
184,1994-10-19,0
185,1994-10-20,0
186,1994-10-21,0
187,1994-10-24,0
188,1994-10-25,0
189,1994-10-26,0
190,1994-10-27,0
191,1994-10-28,0
192,1994-10-31,0
193,1994-11-01,0
194,1994-11-02,0
195,1994-11-03,-1
196,1994-11-04,-1
197,1994-11-07,-1
198,1994-11-08,-1
199,1994-11-09,-1
200,1994-11-10,-1
201,1994-11-11,-1
202,1994-11-14,-1
203,1994-11-15,-1
204,1994-11-16,-1
205,1994-11-17,-1
206,1994-11-18,-1
207,1994-11-21,-1
208,1994-11-22,-1
209,1994-11-23,-1
210,1994-11-25,-1
211,1994-11-28,-1
212,1994-11-29,-1
213,1994-11-30,-1
214,1994-12-01,-1
215,1994-12-02,-1
216,1994-12-05,-1
217,1994-12-06,-1
218,1994-12-07,-1
219,1994-12-08,-1
220,1994-12-09,-1
221,1994-12-12,-1
222,1994-12-13,-1
223,1994-12-14,-1
224,1994-12-15,-1
225,1994-12-16,-1
226,1994-12-19,-1
227,1994-12-20,-1
228,1994-12-21,0
229,1994-12-22,0
230,1994-12-23,0
231,1994-12-27,0
232,1994-12-28,0
233,1994-12-29,0
234,1994-12-30,0
235,1995-01-03,0
236,1995-01-04,0
237,1995-01-05,0
238,1995-01-06,0
239,1995-01-09,0
240,1995-01-10,0
241,1995-01-11,0
242,1995-01-12,0
243,1995-01-13,0
244,1995-01-16,0
245,1995-01-17,0
246,1995-01-18,0
247,1995-01-19,0
248,1995-01-20,0
249,1995-01-23,0
250,1995-01-24,0
251,1995-01-25,0
252,1995-01-26,0
253,1995-01-27,0
254,1995-01-30,-1
255,1995-01-31,-1
256,1995-02-01,-1
257,1995-02-02,-1
258,1995-02-03,-1
259,1995-02-06,-1
260,1995-02-07,-1
261,1995-02-08,-1
262,1995-02-09,-1
263,1995-02-10,-1
264,1995-02-13,-1
265,1995-02-14,-1
266,1995-02-15,-1
267,1995-02-16,-1
268,1995-02-17,-1
269,1995-02-21,-1
270,1995-02-22,-1
271,1995-02-23,-1
272,1995-02-24,0
273,1995-02-27,0
274,1995-02-28,0
275,1995-03-01,0
276,1995-03-02,0
277,1995-03-03,0
278,1995-03-06,0
279,1995-03-07,0
280,1995-03-08,0
281,1995-03-09,0
282,1995-03-10,0
283,1995-03-13,0
284,1995-03-14,0
285,1995-03-15,0
286,1995-03-16,0
287,1995-03-17,0
288,1995-03-20,0
289,1995-03-21,0
290,1995-03-22,-1
291,1995-03-23,-1
292,1995-03-24,-1
293,1995-03-27,-1
294,1995-03-28,-1
295,1995-03-29,-1
296,1995-03-30,-1
297,1995-03-31,-1
298,1995-04-03,-1
299,1995-04-04,-1
300,1995-04-05,-1
301,1995-04-06,-1
302,1995-04-07,-1
303,1995-04-10,-1
304,1995-04-11,-1
305,1995-04-12,-1
306,1995-04-13,-1
307,1995-04-17,-1
308,1995-04-18,0
309,1995-04-19,0
310,1995-04-20,0
311,1995-04-21,0
312,1995-04-24,0
313,1995-04-25,0
314,1995-04-26,0
315,1995-04-27,0
316,1995-04-28,0
317,1995-05-01,0
318,1995-05-02,0
319,1995-05-03,0
320,1995-05-04,0
321,1995-05-05,0
322,1995-05-08,0
323,1995-05-09,0
324,1995-05-10,0
325,1995-05-11,0
326,1995-05-12,0
327,1995-05-15,-1
328,1995-05-16,-1
329,1995-05-17,0
330,1995-05-18,0
331,1995-05-19,0
332,1995-05-22,0
333,1995-05-23,0
334,1995-05-24,0
335,1995-05-25,0
336,1995-05-26,0
337,1995-05-30,0
338,1995-05-31,0
339,1995-06-01,0
340,1995-06-02,0
341,1995-06-05,0
342,1995-06-06,0
343,1995-06-07,0
344,1995-06-08,0
345,1995-06-09,0
346,1995-06-12,0
347,1995-06-13,0
348,1995-06-14,0
349,1995-06-15,0
350,1995-06-16,0
351,1995-06-19,0
352,1995-06-20,0
353,1995-06-21,-1
354,1995-06-22,0
355,1995-06-23,0
356,1995-06-26,0
357,1995-06-27,0
358,1995-06-28,0
359,1995-06-29,0
360,1995-06-30,0
361,1995-07-03,0
362,1995-07-05,0
363,1995-07-06,0
364,1995-07-07,0
365,1995-07-10,0
366,1995-07-11,0
367,1995-07-12,0
368,1995-07-13,0
369,1995-07-14,0
370,1995-07-17,0
371,1995-07-18,0
372,1995-07-19,0
373,1995-07-20,0
374,1995-07-21,0
375,1995-07-24,0
376,1995-07-25,0
377,1995-07-26,0
378,1995-07-27,0
379,1995-07-28,0
380,1995-07-31,0
381,1995-08-01,0
382,1995-08-02,0
383,1995-08-03,0
384,1995-08-04,0
385,1995-08-07,0
386,1995-08-08,0
387,1995-08-09,-1
388,1995-08-10,0
389,1995-08-11,-1
390,1995-08-14,0
391,1995-08-15,0
392,1995-08-16,0
393,1995-08-17,0
394,1995-08-18,0
395,1995-08-21,-1
396,1995-08-22,-1
397,1995-08-23,-1
398,1995-08-24,-1
399,1995-08-25,-1
400,1995-08-28,-1
401,1995-08-29,-1
402,1995-08-30,-1
403,1995-08-31,-1
404,1995-09-01,-1
405,1995-09-05,0
406,1995-09-06,0
407,1995-09-07,0
408,1995-09-08,0
409,1995-09-11,0
410,1995-09-12,0
411,1995-09-13,0
412,1995-09-14,0
413,1995-09-15,0
414,1995-09-18,0
415,1995-09-19,0
416,1995-09-20,0
417,1995-09-21,-1
418,1995-09-22,-1
419,1995-09-25,0
420,1995-09-26,-1
421,1995-09-27,0
422,1995-09-28,0
423,1995-09-29,0
424,1995-10-02,0
425,1995-10-03,-1
426,1995-10-04,-1
427,1995-10-05,-1
428,1995-10-06,-1
429,1995-10-09,-1
430,1995-10-10,-1
431,1995-10-11,-1
432,1995-10-12,-1
433,1995-10-13,-1
434,1995-10-16,-1
435,1995-10-17,-1
436,1995-10-18,-1
437,1995-10-19,-1
438,1995-10-20,-1
439,1995-10-23,-1
440,1995-10-24,-1
441,1995-10-25,-1
442,1995-10-26,-1
443,1995-10-27,-1
444,1995-10-30,-1
445,1995-10-31,-1
446,1995-11-01,-1
447,1995-11-02,-1
448,1995-11-03,-1
449,1995-11-06,-1
450,1995-11-07,-1
451,1995-11-08,-1
452,1995-11-09,-1
453,1995-11-10,-1
454,1995-11-13,-1
455,1995-11-14,-1
456,1995-11-15,-1
457,1995-11-16,-1
458,1995-11-17,-1
459,1995-11-20,-1
460,1995-11-21,-1
461,1995-11-22,-1
462,1995-11-24,-1
463,1995-11-27,-1
464,1995-11-28,-1
465,1995-11-29,-1
466,1995-11-30,-1
467,1995-12-01,-1
468,1995-12-04,-1
469,1995-12-05,-1
470,1995-12-06,-1
471,1995-12-07,-1
472,1995-12-08,-1
473,1995-12-11,-1
474,1995-12-12,0
475,1995-12-13,0
476,1995-12-14,0
477,1995-12-15,0
478,1995-12-18,0
479,1995-12-19,0
480,1995-12-20,0
481,1995-12-21,-1
482,1995-12-22,-1
483,1995-12-26,-1
484,1995-12-27,0
485,1995-12-28,-1
486,1995-12-29,0
487,1996-01-02,-1
488,1996-01-03,-1
489,1996-01-04,0
490,1996-01-05,0
491,1996-01-08,-1
492,1996-01-09,-1
493,1996-01-10,-1
494,1996-01-11,-1
495,1996-01-12,-1
496,1996-01-15,-1
497,1996-01-16,-1
498,1996-01-17,0
499,1996-01-18,-1
500,1996-01-19,-1
501,1996-01-22,-1
502,1996-01-23,-1
503,1996-01-24,-1
504,1996-01-25,-1
505,1996-01-26,0
506,1996-01-29,0
507,1996-01-30,0
508,1996-01-31,-1
509,1996-02-01,-1
510,1996-02-02,-1
511,1996-02-05,-1
512,1996-02-06,-1
513,1996-02-07,-1
514,1996-02-08,-1
515,1996-02-09,-1
516,1996-02-12,-1
517,1996-02-13,-1
518,1996-02-14,-1
519,1996-02-15,-1
520,1996-02-16,-1
521,1996-02-20,-1
522,1996-02-21,-1
523,1996-02-22,-1
524,1996-02-23,-1
525,1996-02-26,-1
526,1996-02-27,-1
527,1996-02-28,-1
528,1996-02-29,-1
529,1996-03-01,-1
530,1996-03-04,-1
531,1996-03-05,-1
532,1996-03-06,-1
533,1996-03-07,-1
534,1996-03-08,-1
535,1996-03-11,-1
536,1996-03-12,-1
537,1996-03-13,-1
538,1996-03-14,-1
539,1996-03-15,-1
540,1996-03-18,-1
541,1996-03-19,-1
542,1996-03-20,-1
543,1996-03-21,-1
544,1996-03-22,-1
545,1996-03-25,-1
546,1996-03-26,-1
547,1996-03-27,-1
548,1996-03-28,-1
549,1996-03-29,-1
550,1996-04-01,-1
551,1996-04-02,-1
552,1996-04-03,-1
553,1996-04-04,-1
554,1996-04-08,-1
555,1996-04-09,-1
556,1996-04-10,0
557,1996-04-11,0
558,1996-04-12,0
559,1996-04-15,0
560,1996-04-16,-1
561,1996-04-17,-1
562,1996-04-18,-1
563,1996-04-19,-1
564,1996-04-22,-1
565,1996-04-23,-1
566,1996-04-24,-1
567,1996-04-25,0
568,1996-04-26,0
569,1996-04-29,-1
570,1996-04-30,-1
571,1996-05-01,-1
572,1996-05-02,-1
573,1996-05-03,-1
574,1996-05-06,-1
575,1996-05-07,-1
576,1996-05-08,-1
577,1996-05-09,-1
578,1996-05-10,-1
579,1996-05-13,0
580,1996-05-14,0
581,1996-05-15,0
582,1996-05-16,0
583,1996-05-17,0
584,1996-05-20,0
585,1996-05-21,0
586,1996-05-22,-1
587,1996-05-23,0
588,1996-05-24,0
589,1996-05-28,0
590,1996-05-29,0
591,1996-05-30,0
592,1996-05-31,-1
593,1996-06-03,-1
594,1996-06-04,-1
595,1996-06-05,-1
596,1996-06-06,0
597,1996-06-07,-1
598,1996-06-10,0
599,1996-06-11,0
600,1996-06-12,0
601,1996-06-13,0
602,1996-06-14,-1
603,1996-06-17,-1
604,1996-06-18,-1
605,1996-06-19,-1
606,1996-06-20,-1
607,1996-06-21,-1
608,1996-06-24,-1
609,1996-06-25,-1
610,1996-06-26,-1
611,1996-06-27,-1
612,1996-06-28,-1
613,1996-07-01,-1
614,1996-07-02,-1
615,1996-07-03,-1
616,1996-07-05,-1
617,1996-07-08,-1
618,1996-07-09,-1
619,1996-07-10,-1
620,1996-07-11,-1
621,1996-07-12,-1
622,1996-07-15,-1
623,1996-07-16,-1
624,1996-07-17,-1
625,1996-07-18,-1
626,1996-07-19,-1
627,1996-07-22,-1
628,1996-07-23,-1
629,1996-07-24,-1
630,1996-07-25,-1
631,1996-07-26,-1
632,1996-07-29,-1
633,1996-07-30,-1
634,1996-07-31,-1
635,1996-08-01,-1
636,1996-08-02,-1
637,1996-08-05,-1
638,1996-08-06,-1
639,1996-08-07,-1
640,1996-08-08,-1
641,1996-08-09,-1
642,1996-08-12,-1
643,1996-08-13,-1
644,1996-08-14,-1
645,1996-08-15,-1
646,1996-08-16,-1
647,1996-08-19,-1
648,1996-08-20,-1
649,1996-08-21,-1
650,1996-08-22,0
651,1996-08-23,0
652,1996-08-26,-1
653,1996-08-27,-1
654,1996-08-28,0
655,1996-08-29,-1
656,1996-08-30,0
657,1996-09-03,0
658,1996-09-04,0
659,1996-09-05,0
660,1996-09-06,0
661,1996-09-09,0
662,1996-09-10,0
663,1996-09-11,0
664,1996-09-12,0
665,1996-09-13,0
666,1996-09-16,0
667,1996-09-17,0
668,1996-09-18,0
669,1996-09-19,0
670,1996-09-20,0
671,1996-09-23,0
672,1996-09-24,0
673,1996-09-25,0
674,1996-09-26,0
675,1996-09-27,0
676,1996-09-30,0
677,1996-10-01,0
678,1996-10-02,0
679,1996-10-03,-1
680,1996-10-04,-1
681,1996-10-07,-1
682,1996-10-08,-1
683,1996-10-09,0
684,1996-10-10,-1
685,1996-10-11,0
686,1996-10-14,0
687,1996-10-15,0
688,1996-10-16,0
689,1996-10-17,0
690,1996-10-18,0
691,1996-10-21,0
692,1996-10-22,0
693,1996-10-23,0
694,1996-10-24,0
695,1996-10-25,0
696,1996-10-28,0
697,1996-10-29,0
698,1996-10-30,0
699,1996-10-31,0
700,1996-11-01,0
701,1996-11-04,0
702,1996-11-05,0
703,1996-11-06,0
704,1996-11-07,0
705,1996-11-08,0
706,1996-11-11,-1
707,1996-11-12,0
708,1996-11-13,0
709,1996-11-14,0
710,1996-11-15,-1
711,1996-11-18,-1
712,1996-11-19,-1
713,1996-11-20,-1
714,1996-11-21,-1
715,1996-11-22,-1
716,1996-11-25,-1
717,1996-11-26,-1
718,1996-11-27,-1
719,1996-11-29,-1
720,1996-12-02,-1
721,1996-12-03,-1
722,1996-12-04,-1
723,1996-12-05,-1
724,1996-12-06,-1
725,1996-12-09,-1
726,1996-12-10,-1
727,1996-12-11,-1
728,1996-12-12,-1
729,1996-12-13,-1
730,1996-12-16,-1
731,1996-12-17,-1
732,1996-12-18,-1
733,1996-12-19,-1
734,1996-12-20,-1
735,1996-12-23,-1
736,1996-12-24,-1
737,1996-12-26,-1
738,1996-12-27,-1
739,1996-12-30,-1
740,1996-12-31,-1
741,1997-01-02,0
742,1997-01-03,-1
743,1997-01-06,0
744,1997-01-07,-1
745,1997-01-08,0
746,1997-01-09,0
747,1997-01-10,-1
748,1997-01-13,-1
749,1997-01-14,-1
750,1997-01-15,-1
751,1997-01-16,-1
752,1997-01-17,-1
753,1997-01-20,0
754,1997-01-21,-1
755,1997-01-22,-1
756,1997-01-23,-1
757,1997-01-24,0
758,1997-01-27,0
759,1997-01-28,-1
760,1997-01-29,-1
761,1997-01-30,-1
762,1997-01-31,-1
763,1997-02-03,-1
764,1997-02-04,-1
765,1997-02-05,-1
766,1997-02-06,-1
767,1997-02-07,-1
768,1997-02-10,-1
769,1997-02-11,-1
770,1997-02-12,-1
771,1997-02-13,-1
772,1997-02-14,-1
773,1997-02-18,-1
774,1997-02-19,-1
775,1997-02-20,-1
776,1997-02-21,-1
777,1997-02-24,-1
778,1997-02-25,-1
779,1997-02-26,-1
780,1997-02-27,-1
781,1997-02-28,-1
782,1997-03-03,-1
783,1997-03-04,-1
784,1997-03-05,-1
785,1997-03-06,-1
786,1997-03-07,0
787,1997-03-10,-1
788,1997-03-11,-1
789,1997-03-12,0
790,1997-03-13,0
791,1997-03-14,0
792,1997-03-17,0
793,1997-03-18,0
794,1997-03-19,0
795,1997-03-20,0
796,1997-03-21,0
797,1997-03-24,0
798,1997-03-25,-1
799,1997-03-26,0
800,1997-03-27,-1
801,1997-03-31,-1
802,1997-04-01,-1
803,1997-04-02,-1
804,1997-04-03,-1
805,1997-04-04,-1
806,1997-04-07,-1
807,1997-04-08,-1
808,1997-04-09,-1
809,1997-04-10,-1
810,1997-04-11,-1
811,1997-04-14,-1
812,1997-04-15,-1
813,1997-04-16,-1
814,1997-04-17,-1
815,1997-04-18,-1
816,1997-04-21,-1
817,1997-04-22,-1
818,1997-04-23,-1
819,1997-04-24,-1
820,1997-04-25,-1
821,1997-04-28,-1
822,1997-04-29,-1
823,1997-04-30,-1
824,1997-05-01,-1
825,1997-05-02,-1
826,1997-05-05,-1
827,1997-05-06,-1
828,1997-05-07,-1
829,1997-05-08,-1
830,1997-05-09,-1
831,1997-05-12,-1
832,1997-05-13,-1
833,1997-05-14,-1
834,1997-05-15,-1
835,1997-05-16,-1
836,1997-05-19,-1
837,1997-05-20,-1
838,1997-05-21,-1
839,1997-05-22,-1
840,1997-05-23,-1
841,1997-05-27,-1
842,1997-05-28,-1
843,1997-05-29,-1
844,1997-05-30,-1
845,1997-06-02,-1
846,1997-06-03,0
847,1997-06-04,0
848,1997-06-05,0
849,1997-06-06,0
850,1997-06-09,0
851,1997-06-10,0
852,1997-06-11,0
853,1997-06-12,0
854,1997-06-13,0
855,1997-06-16,-1
856,1997-06-17,-1
857,1997-06-18,-1
858,1997-06-19,-1
859,1997-06-20,-1
860,1997-06-23,0
861,1997-06-24,0
862,1997-06-25,0
863,1997-06-26,0
864,1997-06-27,0
865,1997-06-30,0
866,1997-07-01,0
867,1997-07-02,-1
868,1997-07-03,-1
869,1997-07-07,0
870,1997-07-08,0
871,1997-07-09,-1
872,1997-07-10,-1
873,1997-07-11,-1
874,1997-07-14,-1
875,1997-07-15,-1
876,1997-07-16,-1
877,1997-07-17,-1
878,1997-07-18,-1
879,1997-07-21,-1
880,1997-07-22,-1
881,1997-07-23,-1
882,1997-07-24,-1
883,1997-07-25,-1
884,1997-07-28,-1
885,1997-07-29,-1
886,1997-07-30,-1
887,1997-07-31,-1
888,1997-08-01,-1
889,1997-08-04,-1
890,1997-08-05,-1
891,1997-08-06,-1
892,1997-08-07,-1
893,1997-08-08,-1
894,1997-08-11,-1
895,1997-08-12,-1
896,1997-08-13,-1
897,1997-08-14,-1
898,1997-08-15,-1
899,1997-08-18,-1
900,1997-08-19,-1
901,1997-08-20,-1
902,1997-08-21,-1
903,1997-08-22,-1
904,1997-08-25,-1
905,1997-08-26,-1
906,1997-08-27,-1
907,1997-08-28,-1
908,1997-08-29,-1
909,1997-09-02,-1
910,1997-09-03,-1
911,1997-09-04,-1
912,1997-09-05,-1
913,1997-09-08,-1
914,1997-09-09,-1
915,1997-09-10,-1
916,1997-09-11,-1
917,1997-09-12,-1
918,1997-09-15,-1
919,1997-09-16,-1
920,1997-09-17,-1
921,1997-09-18,-1
922,1997-09-19,-1
923,1997-09-22,-1
924,1997-09-23,-1
925,1997-09-24,-1
926,1997-09-25,-1
927,1997-09-26,-1
928,1997-09-29,-1
929,1997-09-30,-1
930,1997-10-01,-1
931,1997-10-02,-1
932,1997-10-03,-1
933,1997-10-06,-1
934,1997-10-07,0
935,1997-10-08,-1
936,1997-10-09,-1
937,1997-10-10,-1
938,1997-10-13,-1
939,1997-10-14,-1
940,1997-10-15,-1
941,1997-10-16,-1
942,1997-10-17,-1
943,1997-10-20,0
944,1997-10-21,-1
945,1997-10-22,-1
946,1997-10-23,-1
947,1997-10-24,0
948,1997-10-27,-1
949,1997-10-28,-1
950,1997-10-29,-1
951,1997-10-30,-1
952,1997-10-31,-1
953,1997-11-03,-1
954,1997-11-04,-1
955,1997-11-05,-1
956,1997-11-06,-1
957,1997-11-07,-1
958,1997-11-10,-1
959,1997-11-11,-1
960,1997-11-12,-1
961,1997-11-13,-1
962,1997-11-14,-1
963,1997-11-17,-1
964,1997-11-18,-1
965,1997-11-19,-1
966,1997-11-20,-1
967,1997-11-21,-1
968,1997-11-24,-1
969,1997-11-25,-1
970,1997-11-26,-1
971,1997-11-28,0
972,1997-12-01,-1
973,1997-12-02,-1
974,1997-12-03,0
975,1997-12-04,-1
976,1997-12-05,0
977,1997-12-08,0
978,1997-12-09,-1
979,1997-12-10,-1
980,1997-12-11,-1
981,1997-12-12,0
982,1997-12-15,0
983,1997-12-16,0
984,1997-12-17,0
985,1997-12-18,0
986,1997-12-19,-1
987,1997-12-22,-1
988,1997-12-23,-1
989,1997-12-24,-1
990,1997-12-26,-1
991,1997-12-29,-1
992,1997-12-30,-1
993,1997-12-31,0
994,1998-01-02,0
995,1998-01-05,0
996,1998-01-06,0
997,1998-01-07,0
998,1998-01-08,0
999,1998-01-09,-1
1000,1998-01-12,-1
1001,1998-01-13,-1
1002,1998-01-14,-1
1003,1998-01-15,-1
1004,1998-01-16,-1
1005,1998-01-20,-1
1006,1998-01-21,-1
1007,1998-01-22,-1
1008,1998-01-23,-1
1009,1998-01-26,-1
1010,1998-01-27,-1
1011,1998-01-28,-1
1012,1998-01-29,-1
1013,1998-01-30,-1
1014,1998-02-02,-1
1015,1998-02-03,-1
1016,1998-02-04,-1
1017,1998-02-05,-1
1018,1998-02-06,-1
1019,1998-02-09,-1
1020,1998-02-10,-1
1021,1998-02-11,-1
1022,1998-02-12,-1
1023,1998-02-13,-1
1024,1998-02-17,-1
1025,1998-02-18,0
1026,1998-02-19,0
1027,1998-02-20,-1
1028,1998-02-23,-1
1029,1998-02-24,0
1030,1998-02-25,-1
1031,1998-02-26,0
1032,1998-02-27,0
1033,1998-03-02,0
1034,1998-03-03,0
1035,1998-03-04,0
1036,1998-03-05,0
1037,1998-03-06,0
1038,1998-03-09,0
1039,1998-03-10,0
1040,1998-03-11,0
1041,1998-03-12,0
1042,1998-03-13,0
1043,1998-03-16,0
1044,1998-03-17,0
1045,1998-03-18,0
1046,1998-03-19,0
1047,1998-03-20,0
1048,1998-03-23,0
1049,1998-03-24,0
1050,1998-03-25,0
1051,1998-03-26,0
1052,1998-03-27,0
1053,1998-03-30,0
1054,1998-03-31,0
1055,1998-04-01,-1
1056,1998-04-02,-1
1057,1998-04-03,0
1058,1998-04-06,0
1059,1998-04-07,0
1060,1998-04-08,0
1061,1998-04-09,0
1062,1998-04-13,0
1063,1998-04-14,0
1064,1998-04-15,0
1065,1998-04-16,0
1066,1998-04-17,0
1067,1998-04-20,0
1068,1998-04-21,0
1069,1998-04-22,0
1070,1998-04-23,0
1071,1998-04-24,0
1072,1998-04-27,0
1073,1998-04-28,0
1074,1998-04-29,0
1075,1998-04-30,-1
1076,1998-05-01,-1
1077,1998-05-04,0
1078,1998-05-05,0
1079,1998-05-06,0
1080,1998-05-07,0
1081,1998-05-08,0
1082,1998-05-11,0
1083,1998-05-12,0
1084,1998-05-13,0
1085,1998-05-14,-1
1086,1998-05-15,0
1087,1998-05-18,0
1088,1998-05-19,0
1089,1998-05-20,0
1090,1998-05-21,-1
1091,1998-05-22,-1
1092,1998-05-26,-1
1093,1998-05-27,-1
1094,1998-05-28,-1
1095,1998-05-29,0
1096,1998-06-01,0
1097,1998-06-02,-1
1098,1998-06-03,0
1099,1998-06-04,0
1100,1998-06-05,-1
1101,1998-06-08,0
1102,1998-06-09,0
1103,1998-06-10,0
1104,1998-06-11,0
1105,1998-06-12,0
1106,1998-06-15,-1
1107,1998-06-16,-1
1108,1998-06-17,0
1109,1998-06-18,-1
1110,1998-06-19,-1
1111,1998-06-22,-1
1112,1998-06-23,-1
1113,1998-06-24,-1
1114,1998-06-25,-1
1115,1998-06-26,-1
1116,1998-06-29,-1
1117,1998-06-30,-1
1118,1998-07-01,-1
1119,1998-07-02,-1
1120,1998-07-06,-1
1121,1998-07-07,-1
1122,1998-07-08,-1
1123,1998-07-09,-1
1124,1998-07-10,-1
1125,1998-07-13,-1
1126,1998-07-14,-1
1127,1998-07-15,-1
1128,1998-07-16,0
1129,1998-07-17,0
1130,1998-07-20,0
1131,1998-07-21,-1
1132,1998-07-22,0
1133,1998-07-23,-1
1134,1998-07-24,-1
1135,1998-07-27,-1
1136,1998-07-28,-1
1137,1998-07-29,-1
1138,1998-07-30,-1
1139,1998-07-31,-1
1140,1998-08-03,-1
1141,1998-08-04,-1
1142,1998-08-05,-1
1143,1998-08-06,-1
1144,1998-08-07,-1
1145,1998-08-10,-1
1146,1998-08-11,-1
1147,1998-08-12,-1
1148,1998-08-13,-1
1149,1998-08-14,-1
1150,1998-08-17,-1
1151,1998-08-18,-1
1152,1998-08-19,-1
1153,1998-08-20,-1
1154,1998-08-21,-1
1155,1998-08-24,-1
1156,1998-08-25,-1
1157,1998-08-26,-1
1158,1998-08-27,-1
1159,1998-08-28,-1
1160,1998-08-31,-1
1161,1998-09-01,-1
1162,1998-09-02,-1
1163,1998-09-03,-1
1164,1998-09-04,-1
1165,1998-09-08,-1
1166,1998-09-09,-1
1167,1998-09-10,-1
1168,1998-09-11,-1
1169,1998-09-14,-1
1170,1998-09-15,-1
1171,1998-09-16,-1
1172,1998-09-17,-1
1173,1998-09-18,-1
1174,1998-09-21,-1
1175,1998-09-22,-1
1176,1998-09-23,-1
1177,1998-09-24,-1
1178,1998-09-25,-1
1179,1998-09-28,-1
1180,1998-09-29,-1
1181,1998-09-30,-1
1182,1998-10-01,-1
1183,1998-10-02,-1
1184,1998-10-05,-1
1185,1998-10-06,-1
1186,1998-10-07,-1
1187,1998-10-08,-1
1188,1998-10-09,-1
1189,1998-10-12,-1
1190,1998-10-13,-1
1191,1998-10-14,-1
1192,1998-10-15,-1
1193,1998-10-16,-1
1194,1998-10-19,-1
1195,1998-10-20,-1
1196,1998-10-21,-1
1197,1998-10-22,-1
1198,1998-10-23,-1
1199,1998-10-26,-1
1200,1998-10-27,-1
1201,1998-10-28,-1
1202,1998-10-29,-1
1203,1998-10-30,-1
1204,1998-11-02,-1
1205,1998-11-03,-1
1206,1998-11-04,-1
1207,1998-11-05,-1
1208,1998-11-06,-1
1209,1998-11-09,-1
1210,1998-11-10,-1
1211,1998-11-11,-1
1212,1998-11-12,-1
1213,1998-11-13,-1
1214,1998-11-16,-1
1215,1998-11-17,-1
1216,1998-11-18,-1
1217,1998-11-19,0
1218,1998-11-20,-1
1219,1998-11-23,-1
1220,1998-11-24,-1
1221,1998-11-25,-1
1222,1998-11-27,-1
1223,1998-11-30,-1
1224,1998-12-01,-1
1225,1998-12-02,-1
1226,1998-12-03,-1
1227,1998-12-04,-1
1228,1998-12-07,-1
1229,1998-12-08,-1
1230,1998-12-09,-1
1231,1998-12-10,-1
1232,1998-12-11,-1
1233,1998-12-14,-1
1234,1998-12-15,-1
1235,1998-12-16,-1
1236,1998-12-17,-1
1237,1998-12-18,-1
1238,1998-12-21,-1
1239,1998-12-22,-1
1240,1998-12-23,-1
1241,1998-12-24,-1
1242,1998-12-28,-1
1243,1998-12-29,-1
1244,1998-12-30,-1
1245,1998-12-31,-1
1246,1999-01-04,-1
1247,1999-01-05,-1
1248,1999-01-06,-1
1249,1999-01-07,-1
1250,1999-01-08,-1
1251,1999-01-11,-1
1252,1999-01-12,-1
1253,1999-01-13,-1
1254,1999-01-14,-1
1255,1999-01-15,-1
1256,1999-01-19,-1
1257,1999-01-20,-1
1258,1999-01-21,-1
1259,1999-01-22,-1
1260,1999-01-25,-1
1261,1999-01-26,-1
1262,1999-01-27,-1
1263,1999-01-28,-1
1264,1999-01-29,-1
1265,1999-02-01,-1
1266,1999-02-02,-1
1267,1999-02-03,-1
1268,1999-02-04,-1
1269,1999-02-05,-1
1270,1999-02-08,-1
1271,1999-02-09,-1
1272,1999-02-10,-1
1273,1999-02-11,-1
1274,1999-02-12,-1
1275,1999-02-16,-1
1276,1999-02-17,0
1277,1999-02-18,0
1278,1999-02-19,-1
1279,1999-02-22,-1
1280,1999-02-23,-1
1281,1999-02-24,-1
1282,1999-02-25,-1
1283,1999-02-26,-1
1284,1999-03-01,-1
1285,1999-03-02,-1
1286,1999-03-03,-1
1287,1999-03-04,-1
1288,1999-03-05,-1
1289,1999-03-08,0
1290,1999-03-09,-1
1291,1999-03-10,-1
1292,1999-03-11,-1
1293,1999-03-12,0
1294,1999-03-15,-1
1295,1999-03-16,-1
1296,1999-03-17,-1
1297,1999-03-18,-1
1298,1999-03-19,-1
1299,1999-03-22,-1
1300,1999-03-23,-1
1301,1999-03-24,-1
1302,1999-03-25,-1
1303,1999-03-26,-1
1304,1999-03-29,-1
1305,1999-03-30,-1
1306,1999-03-31,-1
1307,1999-04-01,-1
1308,1999-04-05,-1
1309,1999-04-06,-1
1310,1999-04-07,-1
1311,1999-04-08,-1
1312,1999-04-09,-1
1313,1999-04-12,-1
1314,1999-04-13,-1
1315,1999-04-14,-1
1316,1999-04-15,-1
1317,1999-04-16,-1
1318,1999-04-19,-1
1319,1999-04-20,-1
1320,1999-04-21,-1
1321,1999-04-22,-1
1322,1999-04-23,-1
1323,1999-04-26,-1
1324,1999-04-27,-1
1325,1999-04-28,-1
1326,1999-04-29,-1
1327,1999-04-30,0
1328,1999-05-03,0
1329,1999-05-04,0
1330,1999-05-05,0
1331,1999-05-06,-1
1332,1999-05-07,-1
1333,1999-05-10,-1
1334,1999-05-11,-1
1335,1999-05-12,-1
1336,1999-05-13,-1
1337,1999-05-14,-1
1338,1999-05-17,-1
1339,1999-05-18,-1
1340,1999-05-19,0
1341,1999-05-20,0
1342,1999-05-21,-1
1343,1999-05-24,-1
1344,1999-05-25,-1
1345,1999-05-26,-1
1346,1999-05-27,0
1347,1999-05-28,-1
1348,1999-06-01,0
1349,1999-06-02,-1
1350,1999-06-03,-1
1351,1999-06-04,-1
1352,1999-06-07,-1
1353,1999-06-08,-1
1354,1999-06-09,-1
1355,1999-06-10,0
1356,1999-06-11,0
1357,1999-06-14,-1
1358,1999-06-15,-1
1359,1999-06-16,0
1360,1999-06-17,0
1361,1999-06-18,0
1362,1999-06-21,0
1363,1999-06-22,0
1364,1999-06-23,0
1365,1999-06-24,0
1366,1999-06-25,-1
1367,1999-06-28,-1
1368,1999-06-29,-1
1369,1999-06-30,-1
1370,1999-07-01,-1
1371,1999-07-02,0
1372,1999-07-06,0
1373,1999-07-07,0
1374,1999-07-08,0
1375,1999-07-09,-1
1376,1999-07-12,-1
1377,1999-07-13,-1
1378,1999-07-14,-1
1379,1999-07-15,-1
1380,1999-07-16,-1
1381,1999-07-19,0
1382,1999-07-20,-1
1383,1999-07-21,-1
1384,1999-07-22,0
1385,1999-07-23,-1
1386,1999-07-26,-1
1387,1999-07-27,0
1388,1999-07-28,-1
1389,1999-07-29,-1
1390,1999-07-30,-1
1391,1999-08-02,-1
1392,1999-08-03,-1
1393,1999-08-04,-1
1394,1999-08-05,-1
1395,1999-08-06,-1
1396,1999-08-09,-1
1397,1999-08-10,-1
1398,1999-08-11,-1
1399,1999-08-12,-1
1400,1999-08-13,-1
1401,1999-08-16,-1
1402,1999-08-17,-1
1403,1999-08-18,-1
1404,1999-08-19,-1
1405,1999-08-20,-1
1406,1999-08-23,-1
1407,1999-08-24,-1
1408,1999-08-25,-1
1409,1999-08-26,-1
1410,1999-08-27,0
1411,1999-08-30,-1
1412,1999-08-31,0
1413,1999-09-01,-1
1414,1999-09-02,0
1415,1999-09-03,-1
1416,1999-09-07,-1
1417,1999-09-08,-1
1418,1999-09-09,-1
1419,1999-09-10,-1
1420,1999-09-13,-1
1421,1999-09-14,-1
1422,1999-09-15,-1
1423,1999-09-16,-1
1424,1999-09-17,0
1425,1999-09-20,-1
1426,1999-09-21,-1
1427,1999-09-22,-1
1428,1999-09-23,-1
1429,1999-09-24,-1
1430,1999-09-27,-1
1431,1999-09-28,-1
1432,1999-09-29,-1
1433,1999-09-30,-1
1434,1999-10-01,-1
1435,1999-10-04,0
1436,1999-10-05,0
1437,1999-10-06,-1
1438,1999-10-07,-1
1439,1999-10-08,-1
1440,1999-10-11,0
1441,1999-10-12,0
1442,1999-10-13,-1
1443,1999-10-14,0
1444,1999-10-15,-1
1445,1999-10-18,-1
1446,1999-10-19,-1
1447,1999-10-20,-1
1448,1999-10-21,-1
1449,1999-10-22,-1
1450,1999-10-25,-1
1451,1999-10-26,-1
1452,1999-10-27,-1
1453,1999-10-28,-1
1454,1999-10-29,-1
1455,1999-11-01,-1
1456,1999-11-02,-1
1457,1999-11-03,-1
1458,1999-11-04,-1
1459,1999-11-05,-1
1460,1999-11-08,-1
1461,1999-11-09,-1
1462,1999-11-10,0
1463,1999-11-11,0
1464,1999-11-12,-1
1465,1999-11-15,-1
1466,1999-11-16,-1
1467,1999-11-17,-1
1468,1999-11-18,-1
1469,1999-11-19,-1
1470,1999-11-22,-1
1471,1999-11-23,-1
1472,1999-11-24,-1
1473,1999-11-26,0
1474,1999-11-29,0
1475,1999-11-30,0
1476,1999-12-01,0
1477,1999-12-02,0
1478,1999-12-03,0
1479,1999-12-06,0
1480,1999-12-07,0
1481,1999-12-08,0
1482,1999-12-09,0
1483,1999-12-10,0
1484,1999-12-13,0
1485,1999-12-14,0
1486,1999-12-15,0
1487,1999-12-16,0
1488,1999-12-17,0
1489,1999-12-20,0
1490,1999-12-21,0
1491,1999-12-22,0
1492,1999-12-23,0
1493,1999-12-27,0
1494,1999-12-28,0
1495,1999-12-29,0
1496,1999-12-30,0
1497,1999-12-31,0
1498,2000-01-03,0
1499,2000-01-04,-1
1500,2000-01-05,-1
1501,2000-01-06,-1
1502,2000-01-07,-1
1503,2000-01-10,-1
1504,2000-01-11,-1
1505,2000-01-12,-1
1506,2000-01-13,-1
1507,2000-01-14,-1
1508,2000-01-18,-1
1509,2000-01-19,-1
1510,2000-01-20,-1
1511,2000-01-21,-1
1512,2000-01-24,-1
1513,2000-01-25,-1
1514,2000-01-26,-1
1515,2000-01-27,-1
1516,2000-01-28,-1
1517,2000-01-31,-1
1518,2000-02-01,-1
1519,2000-02-02,-1
1520,2000-02-03,-1
1521,2000-02-04,-1
1522,2000-02-07,-1
1523,2000-02-08,-1
1524,2000-02-09,-1
1525,2000-02-10,-1
1526,2000-02-11,-1
1527,2000-02-14,-1
1528,2000-02-15,-1
1529,2000-02-16,-1
1530,2000-02-17,-1
1531,2000-02-18,-1
1532,2000-02-22,-1
1533,2000-02-23,-1
1534,2000-02-24,-1
1535,2000-02-25,-1
1536,2000-02-28,-1
1537,2000-02-29,-1
1538,2000-03-01,-1
1539,2000-03-02,-1
1540,2000-03-03,-1
1541,2000-03-06,-1
1542,2000-03-07,1
1543,2000-03-08,1
1544,2000-03-09,-1
1545,2000-03-10,-1
1546,2000-03-13,-1
1547,2000-03-14,-1
1548,2000-03-15,-1
1549,2000-03-16,-1
1550,2000-03-17,-1
1551,2000-03-20,-1
1552,2000-03-21,-1
1553,2000-03-22,-1
1554,2000-03-23,-1
1555,2000-03-24,-1
1556,2000-03-27,-1
1557,2000-03-28,-1
1558,2000-03-29,-1
1559,2000-03-30,-1
1560,2000-03-31,-1
1561,2000-04-03,-1
1562,2000-04-04,-1
1563,2000-04-05,-1
1564,2000-04-06,-1
1565,2000-04-07,-1
1566,2000-04-10,-1
1567,2000-04-11,-1
1568,2000-04-12,-1
1569,2000-04-13,0
1570,2000-04-14,-1
1571,2000-04-17,-1
1572,2000-04-18,-1
1573,2000-04-19,-1
1574,2000-04-20,-1
1575,2000-04-24,-1
1576,2000-04-25,-1
1577,2000-04-26,-1
1578,2000-04-27,-1
1579,2000-04-28,-1
1580,2000-05-01,-1
1581,2000-05-02,-1
1582,2000-05-03,-1
1583,2000-05-04,-1
1584,2000-05-05,-1
1585,2000-05-08,-1
1586,2000-05-09,-1
1587,2000-05-10,-1
1588,2000-05-11,-1
1589,2000-05-12,-1
1590,2000-05-15,-1
1591,2000-05-16,-1
1592,2000-05-17,-1
1593,2000-05-18,-1
1594,2000-05-19,-1
1595,2000-05-22,-1
1596,2000-05-23,-1
1597,2000-05-24,-1
1598,2000-05-25,-1
1599,2000-05-26,-1
1600,2000-05-30,-1
1601,2000-05-31,-1
1602,2000-06-01,-1
1603,2000-06-02,-1
1604,2000-06-05,-1
1605,2000-06-06,-1
1606,2000-06-07,-1
1607,2000-06-08,-1
1608,2000-06-09,-1
1609,2000-06-12,-1
1610,2000-06-13,-1
1611,2000-06-14,-1
1612,2000-06-15,-1
1613,2000-06-16,-1
1614,2000-06-19,-1
1615,2000-06-20,-1
1616,2000-06-21,-1
1617,2000-06-22,-1
1618,2000-06-23,-1
1619,2000-06-26,-1
1620,2000-06-27,-1
1621,2000-06-28,-1
1622,2000-06-29,-1
1623,2000-06-30,-1
1624,2000-07-03,-1
1625,2000-07-05,-1
1626,2000-07-06,-1
1627,2000-07-07,-1
1628,2000-07-10,-1
1629,2000-07-11,0
1630,2000-07-12,-1
1631,2000-07-13,-1
1632,2000-07-14,-1
1633,2000-07-17,-1
1634,2000-07-18,-1
1635,2000-07-19,-1
1636,2000-07-20,-1
1637,2000-07-21,-1
1638,2000-07-24,-1
1639,2000-07-25,-1
1640,2000-07-26,-1
1641,2000-07-27,-1
1642,2000-07-28,-1
1643,2000-07-31,-1
1644,2000-08-01,-1
1645,2000-08-02,-1
1646,2000-08-03,-1
1647,2000-08-04,-1
1648,2000-08-07,-1
1649,2000-08-08,-1
1650,2000-08-09,-1
1651,2000-08-10,-1
1652,2000-08-11,-1
1653,2000-08-14,-1
1654,2000-08-15,-1
1655,2000-08-16,-1
1656,2000-08-17,-1
1657,2000-08-18,0
1658,2000-08-21,-1
1659,2000-08-22,0
1660,2000-08-23,-1
1661,2000-08-24,-1
1662,2000-08-25,0
1663,2000-08-28,-1
1664,2000-08-29,-1
1665,2000-08-30,0
1666,2000-08-31,-1
1667,2000-09-01,-1
1668,2000-09-05,0
1669,2000-09-06,-1
1670,2000-09-07,-1
1671,2000-09-08,-1
1672,2000-09-11,-1
1673,2000-09-12,-1
1674,2000-09-13,-1
1675,2000-09-14,-1
1676,2000-09-15,-1
1677,2000-09-18,-1
1678,2000-09-19,-1
1679,2000-09-20,-1
1680,2000-09-21,-1
1681,2000-09-22,-1
1682,2000-09-25,-1
1683,2000-09-26,-1
1684,2000-09-27,-1
1685,2000-09-28,-1
1686,2000-09-29,-1
1687,2000-10-02,-1
1688,2000-10-03,-1
1689,2000-10-04,-1
1690,2000-10-05,-1
1691,2000-10-06,-1
1692,2000-10-09,-1
1693,2000-10-10,-1
1694,2000-10-11,-1
1695,2000-10-12,-1
1696,2000-10-13,-1
1697,2000-10-16,-1
1698,2000-10-17,-1
1699,2000-10-18,-1
1700,2000-10-19,-1
1701,2000-10-20,-1
1702,2000-10-23,-1
1703,2000-10-24,-1
1704,2000-10-25,-1
1705,2000-10-26,-1
1706,2000-10-27,-1
1707,2000-10-30,-1
1708,2000-10-31,-1
1709,2000-11-01,-1
1710,2000-11-02,-1
1711,2000-11-03,-1
1712,2000-11-06,-1
1713,2000-11-07,-1
1714,2000-11-08,-1
1715,2000-11-09,-1
1716,2000-11-10,-1
1717,2000-11-13,-1
1718,2000-11-14,-1
1719,2000-11-15,-1
1720,2000-11-16,0
1721,2000-11-17,0
1722,2000-11-20,-1
1723,2000-11-21,-1
1724,2000-11-22,-1
1725,2000-11-24,-1
1726,2000-11-27,-1
1727,2000-11-28,-1
1728,2000-11-29,-1
1729,2000-11-30,-1
1730,2000-12-01,-1
1731,2000-12-04,-1
1732,2000-12-05,-1
1733,2000-12-06,-1
1734,2000-12-07,-1
1735,2000-12-08,-1
1736,2000-12-11,-1
1737,2000-12-12,-1
1738,2000-12-13,-1
1739,2000-12-14,-1
1740,2000-12-15,-1
1741,2000-12-18,-1
1742,2000-12-19,-1
1743,2000-12-20,-1
1744,2000-12-21,-1
1745,2000-12-22,-1
1746,2000-12-26,-1
1747,2000-12-27,-1
1748,2000-12-28,-1
1749,2000-12-29,-1
1750,2001-01-02,-1
1751,2001-01-03,-1
1752,2001-01-04,-1
1753,2001-01-05,-1
1754,2001-01-08,-1
1755,2001-01-09,-1
1756,2001-01-10,-1
1757,2001-01-11,-1
1758,2001-01-12,-1
1759,2001-01-16,-1
1760,2001-01-17,-1
1761,2001-01-18,-1
1762,2001-01-19,-1
1763,2001-01-22,-1
1764,2001-01-23,-1
1765,2001-01-24,-1
1766,2001-01-25,-1
1767,2001-01-26,-1
1768,2001-01-29,-1
1769,2001-01-30,-1
1770,2001-01-31,-1
1771,2001-02-01,-1
1772,2001-02-02,-1
1773,2001-02-05,-1
1774,2001-02-06,0
1775,2001-02-07,0
1776,2001-02-08,0
1777,2001-02-09,0
1778,2001-02-12,0
1779,2001-02-13,0
1780,2001-02-14,0
1781,2001-02-15,0
1782,2001-02-16,0
1783,2001-02-20,0
1784,2001-02-21,-1
1785,2001-02-22,-1
1786,2001-02-23,-1
1787,2001-02-26,-1
1788,2001-02-27,-1
1789,2001-02-28,-1
1790,2001-03-01,-1
1791,2001-03-02,-1
1792,2001-03-05,-1
1793,2001-03-06,-1
1794,2001-03-07,-1
1795,2001-03-08,-1
1796,2001-03-09,-1
1797,2001-03-12,-1
1798,2001-03-13,-1
1799,2001-03-14,-1
1800,2001-03-15,-1
1801,2001-03-16,-1
1802,2001-03-19,-1
1803,2001-03-20,-1
1804,2001-03-21,-1
1805,2001-03-22,-1
1806,2001-03-23,-1
1807,2001-03-26,-1
1808,2001-03-27,-1
1809,2001-03-28,-1
1810,2001-03-29,-1
1811,2001-03-30,-1
1812,2001-04-02,-1
1813,2001-04-03,-1
1814,2001-04-04,-1
1815,2001-04-05,-1
1816,2001-04-06,-1
1817,2001-04-09,-1
1818,2001-04-10,-1
1819,2001-04-11,-1
1820,2001-04-12,-1
1821,2001-04-16,-1
1822,2001-04-17,-1
1823,2001-04-18,-1
1824,2001-04-19,-1
1825,2001-04-20,-1
1826,2001-04-23,-1
1827,2001-04-24,-1
1828,2001-04-25,-1
1829,2001-04-26,-1
1830,2001-04-27,-1
1831,2001-04-30,-1
1832,2001-05-01,-1
1833,2001-05-02,-1
1834,2001-05-03,-1
1835,2001-05-04,-1
1836,2001-05-07,-1
1837,2001-05-08,-1
1838,2001-05-09,-1
1839,2001-05-10,-1
1840,2001-05-11,-1
1841,2001-05-14,-1
1842,2001-05-15,-1
1843,2001-05-16,0
1844,2001-05-17,0
1845,2001-05-18,0
1846,2001-05-21,-1
1847,2001-05-22,-1
1848,2001-05-23,-1
1849,2001-05-24,-1
1850,2001-05-25,-1
1851,2001-05-29,-1
1852,2001-05-30,-1
1853,2001-05-31,-1
1854,2001-06-01,-1
1855,2001-06-04,-1
1856,2001-06-05,-1
1857,2001-06-06,-1
1858,2001-06-07,-1
1859,2001-06-08,-1
1860,2001-06-11,-1
1861,2001-06-12,-1
1862,2001-06-13,-1
1863,2001-06-14,0
1864,2001-06-15,-1
1865,2001-06-18,-1
1866,2001-06-19,-1
1867,2001-06-20,-1
1868,2001-06-21,0
1869,2001-06-22,0
1870,2001-06-25,0
1871,2001-06-26,0
1872,2001-06-27,0
1873,2001-06-28,0
1874,2001-06-29,0
1875,2001-07-02,0
1876,2001-07-03,0
1877,2001-07-05,0
1878,2001-07-06,-1
1879,2001-07-09,0
1880,2001-07-10,0
1881,2001-07-11,0
1882,2001-07-12,0
1883,2001-07-13,0
1884,2001-07-16,0
1885,2001-07-17,0
1886,2001-07-18,0
1887,2001-07-19,0
1888,2001-07-20,0
1889,2001-07-23,0
1890,2001-07-24,0
1891,2001-07-25,0
1892,2001-07-26,0
1893,2001-07-27,0
1894,2001-07-30,0
1895,2001-07-31,0
1896,2001-08-01,0
1897,2001-08-02,0
1898,2001-08-03,-1
1899,2001-08-06,0
1900,2001-08-07,-1
1901,2001-08-08,0
1902,2001-08-09,0
1903,2001-08-10,0
1904,2001-08-13,0
1905,2001-08-14,-1
1906,2001-08-15,0
1907,2001-08-16,-1
1908,2001-08-17,-1
1909,2001-08-20,0
1910,2001-08-21,0
1911,2001-08-22,0
1912,2001-08-23,-1
1913,2001-08-24,0
1914,2001-08-27,0
1915,2001-08-28,0
1916,2001-08-29,-1
1917,2001-08-30,-1
1918,2001-08-31,-1
1919,2001-09-04,-1
1920,2001-09-05,-1
1921,2001-09-06,-1
1922,2001-09-07,-1
1923,2001-09-10,-1
1924,2001-09-17,-1
1925,2001-09-18,-1
1926,2001-09-19,-1
1927,2001-09-20,-1
1928,2001-09-21,-1
1929,2001-09-24,-1
1930,2001-09-25,-1
1931,2001-09-26,-1
1932,2001-09-27,-1
1933,2001-09-28,-1
1934,2001-10-01,-1
1935,2001-10-02,-1
1936,2001-10-03,-1
1937,2001-10-04,-1
1938,2001-10-05,-1
1939,2001-10-08,-1
1940,2001-10-09,-1
1941,2001-10-10,-1
1942,2001-10-11,-1
1943,2001-10-12,-1
1944,2001-10-15,-1
1945,2001-10-16,-1
1946,2001-10-17,-1
1947,2001-10-18,-1
1948,2001-10-19,-1
1949,2001-10-22,-1
1950,2001-10-23,-1
1951,2001-10-24,-1
1952,2001-10-25,-1
1953,2001-10-26,-1
1954,2001-10-29,-1
1955,2001-10-30,-1
1956,2001-10-31,-1
1957,2001-11-01,-1
1958,2001-11-02,-1
1959,2001-11-05,-1
1960,2001-11-06,-1
1961,2001-11-07,-1
1962,2001-11-08,-1
1963,2001-11-09,-1
1964,2001-11-12,-1
1965,2001-11-13,-1
1966,2001-11-14,-1
1967,2001-11-15,-1
1968,2001-11-16,-1
1969,2001-11-19,-1
1970,2001-11-20,-1
1971,2001-11-21,-1
1972,2001-11-23,-1
1973,2001-11-26,-1
1974,2001-11-27,-1
1975,2001-11-28,-1
1976,2001-11-29,-1
1977,2001-11-30,-1
1978,2001-12-03,-1
1979,2001-12-04,-1
1980,2001-12-05,-1
1981,2001-12-06,-1
1982,2001-12-07,-1
1983,2001-12-10,-1
1984,2001-12-11,-1
1985,2001-12-12,0
1986,2001-12-13,0
1987,2001-12-14,0
1988,2001-12-17,0
1989,2001-12-18,0
1990,2001-12-19,0
1991,2001-12-20,0
1992,2001-12-21,0
1993,2001-12-24,0
1994,2001-12-26,0
1995,2001-12-27,-1
1996,2001-12-28,0
1997,2001-12-31,0
1998,2002-01-02,0
1999,2002-01-03,-1
2000,2002-01-04,0
2001,2002-01-07,0
2002,2002-01-08,0
2003,2002-01-09,0
2004,2002-01-10,0
2005,2002-01-11,0
2006,2002-01-14,0
2007,2002-01-15,0
2008,2002-01-16,0
2009,2002-01-17,0
2010,2002-01-18,0
2011,2002-01-22,0
2012,2002-01-23,0
2013,2002-01-24,0
2014,2002-01-25,0
2015,2002-01-28,0
2016,2002-01-29,-1
2017,2002-01-30,-1
2018,2002-01-31,-1
2019,2002-02-01,-1
2020,2002-02-04,-1
2021,2002-02-05,-1
2022,2002-02-06,-1
2023,2002-02-07,-1
2024,2002-02-08,-1
2025,2002-02-11,-1
2026,2002-02-12,-1
2027,2002-02-13,-1
2028,2002-02-14,-1
2029,2002-02-15,-1
2030,2002-02-19,-1
2031,2002-02-20,-1
2032,2002-02-21,-1
2033,2002-02-22,-1
2034,2002-02-25,-1
2035,2002-02-26,-1
2036,2002-02-27,-1
2037,2002-02-28,0
2038,2002-03-01,0
2039,2002-03-04,-1
2040,2002-03-05,0
2041,2002-03-06,-1
2042,2002-03-07,-1
2043,2002-03-08,-1
2044,2002-03-11,-1
2045,2002-03-12,-1
2046,2002-03-13,-1
2047,2002-03-14,0
2048,2002-03-15,-1
2049,2002-03-18,-1
2050,2002-03-19,-1
2051,2002-03-20,-1
2052,2002-03-21,-1
2053,2002-03-22,-1
2054,2002-03-25,0
2055,2002-03-26,0
2056,2002-03-27,0
2057,2002-03-28,0
2058,2002-04-01,0
2059,2002-04-02,0
2060,2002-04-03,0
2061,2002-04-04,-1
2062,2002-04-05,-1
2063,2002-04-08,-1
2064,2002-04-09,-1
2065,2002-04-10,0
2066,2002-04-11,-1
2067,2002-04-12,-1
2068,2002-04-15,-1
2069,2002-04-16,0
2070,2002-04-17,0
2071,2002-04-18,0
2072,2002-04-19,0
2073,2002-04-22,-1
2074,2002-04-23,0
2075,2002-04-24,-1
2076,2002-04-25,-1
2077,2002-04-26,-1
2078,2002-04-29,-1
2079,2002-04-30,-1
2080,2002-05-01,0
2081,2002-05-02,0
2082,2002-05-03,-1
2083,2002-05-06,-1
2084,2002-05-07,-1
2085,2002-05-08,-1
2086,2002-05-09,-1
2087,2002-05-10,-1
2088,2002-05-13,-1
2089,2002-05-14,-1
2090,2002-05-15,-1
2091,2002-05-16,-1
2092,2002-05-17,-1
2093,2002-05-20,-1
2094,2002-05-21,-1
2095,2002-05-22,-1
2096,2002-05-23,-1
2097,2002-05-24,-1
2098,2002-05-28,-1
2099,2002-05-29,-1
2100,2002-05-30,-1
2101,2002-05-31,-1
2102,2002-06-03,-1
2103,2002-06-04,-1
2104,2002-06-05,-1
2105,2002-06-06,-1
2106,2002-06-07,1
2107,2002-06-10,0
2108,2002-06-11,-1
2109,2002-06-12,-1
2110,2002-06-13,-1
2111,2002-06-14,-1
2112,2002-06-17,-1
2113,2002-06-18,-1
2114,2002-06-19,-1
2115,2002-06-20,-1
2116,2002-06-21,-1
2117,2002-06-24,-1
2118,2002-06-25,-1
2119,2002-06-26,-1
2120,2002-06-27,-1
2121,2002-06-28,-1
2122,2002-07-01,-1
2123,2002-07-02,-1
2124,2002-07-03,-1
2125,2002-07-05,-1
2126,2002-07-08,-1
2127,2002-07-09,-1
2128,2002-07-10,-1
2129,2002-07-11,-1
2130,2002-07-12,-1
2131,2002-07-15,-1
2132,2002-07-16,-1
2133,2002-07-17,-1
2134,2002-07-18,-1
2135,2002-07-19,-1
2136,2002-07-22,-1
2137,2002-07-23,-1
2138,2002-07-24,-1
2139,2002-07-25,-1
2140,2002-07-26,-1
2141,2002-07-29,-1
2142,2002-07-30,-1
2143,2002-07-31,-1
2144,2002-08-01,-1
2145,2002-08-02,-1
2146,2002-08-05,-1
2147,2002-08-06,-1
2148,2002-08-07,-1
2149,2002-08-08,-1
2150,2002-08-09,-1
2151,2002-08-12,-1
2152,2002-08-13,-1
2153,2002-08-14,-1
2154,2002-08-15,-1
2155,2002-08-16,-1
2156,2002-08-19,-1
2157,2002-08-20,-1
2158,2002-08-21,-1
2159,2002-08-22,-1
2160,2002-08-23,-1
2161,2002-08-26,-1
2162,2002-08-27,-1
2163,2002-08-28,-1
2164,2002-08-29,-1
2165,2002-08-30,-1
2166,2002-09-03,-1
2167,2002-09-04,-1
2168,2002-09-05,-1
2169,2002-09-06,-1
2170,2002-09-09,-1
2171,2002-09-10,-1
2172,2002-09-11,-1
2173,2002-09-12,-1
2174,2002-09-13,-1
2175,2002-09-16,-1
2176,2002-09-17,-1
2177,2002-09-18,-1
2178,2002-09-19,-1
2179,2002-09-20,-1
2180,2002-09-23,-1
2181,2002-09-24,-1
2182,2002-09-25,-1
2183,2002-09-26,-1
2184,2002-09-27,-1
2185,2002-09-30,-1
2186,2002-10-01,-1
2187,2002-10-02,-1
2188,2002-10-03,-1
2189,2002-10-04,-1
2190,2002-10-07,-1
2191,2002-10-08,-1
2192,2002-10-09,-1
2193,2002-10-10,-1
2194,2002-10-11,-1
2195,2002-10-14,-1
2196,2002-10-15,-1
2197,2002-10-16,-1
2198,2002-10-17,-1
2199,2002-10-18,-1
2200,2002-10-21,-1
2201,2002-10-22,-1
2202,2002-10-23,-1
2203,2002-10-24,-1
2204,2002-10-25,-1
2205,2002-10-28,-1
2206,2002-10-29,-1
2207,2002-10-30,-1
2208,2002-10-31,-1
2209,2002-11-01,-1
2210,2002-11-04,-1
2211,2002-11-05,-1
2212,2002-11-06,-1
2213,2002-11-07,-1
2214,2002-11-08,-1
2215,2002-11-11,-1
2216,2002-11-12,-1
2217,2002-11-13,-1
2218,2002-11-14,-1
2219,2002-11-15,-1
2220,2002-11-18,0
2221,2002-11-19,0
2222,2002-11-20,-1
2223,2002-11-21,-1
2224,2002-11-22,-1
2225,2002-11-25,-1
2226,2002-11-26,0
2227,2002-11-27,-1
2228,2002-11-29,-1
2229,2002-12-02,0
2230,2002-12-03,0
2231,2002-12-04,-1
2232,2002-12-05,-1
2233,2002-12-06,-1
2234,2002-12-09,-1
2235,2002-12-10,0
2236,2002-12-11,-1
2237,2002-12-12,-1
2238,2002-12-13,-1
2239,2002-12-16,-1
2240,2002-12-17,-1
2241,2002-12-18,-1
2242,2002-12-19,-1
2243,2002-12-20,-1
2244,2002-12-23,-1
2245,2002-12-24,-1
2246,2002-12-26,-1
2247,2002-12-27,-1
2248,2002-12-30,-1
2249,2002-12-31,-1
2250,2003-01-02,-1
2251,2003-01-03,-1
2252,2003-01-06,-1
2253,2003-01-07,-1
2254,2003-01-08,-1
2255,2003-01-09,-1
2256,2003-01-10,-1
2257,2003-01-13,-1
2258,2003-01-14,-1
2259,2003-01-15,-1
2260,2003-01-16,-1
2261,2003-01-17,-1
2262,2003-01-21,0
2263,2003-01-22,-1
2264,2003-01-23,-1
2265,2003-01-24,-1
2266,2003-01-27,-1
2267,2003-01-28,-1
2268,2003-01-29,-1
2269,2003-01-30,-1
2270,2003-01-31,-1
2271,2003-02-03,-1
2272,2003-02-04,-1
2273,2003-02-05,-1
2274,2003-02-06,-1
2275,2003-02-07,-1
2276,2003-02-10,-1
2277,2003-02-11,-1
2278,2003-02-12,-1
2279,2003-02-13,-1
2280,2003-02-14,-1
2281,2003-02-18,-1
2282,2003-02-19,1
2283,2003-02-20,1
2284,2003-02-21,1
2285,2003-02-24,-1
2286,2003-02-25,0
2287,2003-02-26,-1
2288,2003-02-27,-1
2289,2003-02-28,-1
2290,2003-03-03,-1
2291,2003-03-04,-1
2292,2003-03-05,-1
2293,2003-03-06,-1
2294,2003-03-07,-1
2295,2003-03-10,0
2296,2003-03-11,-1
2297,2003-03-12,0
2298,2003-03-13,-1
2299,2003-03-14,-1
2300,2003-03-17,-1
2301,2003-03-18,-1
2302,2003-03-19,-1
2303,2003-03-20,-1
2304,2003-03-21,-1
2305,2003-03-24,-1
2306,2003-03-25,-1
2307,2003-03-26,-1
2308,2003-03-27,-1
2309,2003-03-28,0
2310,2003-03-31,-1
2311,2003-04-01,-1
2312,2003-04-02,-1
2313,2003-04-03,-1
2314,2003-04-04,-1
2315,2003-04-07,-1
2316,2003-04-08,-1
2317,2003-04-09,-1
2318,2003-04-10,-1
2319,2003-04-11,-1
2320,2003-04-14,-1
2321,2003-04-15,-1
2322,2003-04-16,-1
2323,2003-04-17,-1
2324,2003-04-21,-1
2325,2003-04-22,-1
2326,2003-04-23,-1
2327,2003-04-24,-1
2328,2003-04-25,-1
2329,2003-04-28,-1
2330,2003-04-29,-1
2331,2003-04-30,-1
2332,2003-05-01,-1
2333,2003-05-02,-1
2334,2003-05-05,-1
2335,2003-05-06,-1
2336,2003-05-07,-1
2337,2003-05-08,-1
2338,2003-05-09,0
2339,2003-05-12,-1
2340,2003-05-13,-1
2341,2003-05-14,-1
2342,2003-05-15,-1
2343,2003-05-16,0
2344,2003-05-19,-1
2345,2003-05-20,-1
2346,2003-05-21,0
2347,2003-05-22,-1
2348,2003-05-23,-1
2349,2003-05-27,-1
2350,2003-05-28,-1
2351,2003-05-29,-1
2352,2003-05-30,-1
2353,2003-06-02,-1
2354,2003-06-03,-1
2355,2003-06-04,-1
2356,2003-06-05,-1
2357,2003-06-06,-1
2358,2003-06-09,-1
2359,2003-06-10,-1
2360,2003-06-11,-1
2361,2003-06-12,-1
2362,2003-06-13,-1
2363,2003-06-16,-1
2364,2003-06-17,-1
2365,2003-06-18,-1
2366,2003-06-19,-1
2367,2003-06-20,-1
2368,2003-06-23,-1
2369,2003-06-24,0
2370,2003-06-25,0
2371,2003-06-26,0
2372,2003-06-27,0
2373,2003-06-30,0
2374,2003-07-01,0
2375,2003-07-02,0
2376,2003-07-03,0
2377,2003-07-07,0
2378,2003-07-08,-1
2379,2003-07-09,0
2380,2003-07-10,-1
2381,2003-07-11,0
2382,2003-07-14,0
2383,2003-07-15,0
2384,2003-07-16,-1
2385,2003-07-17,-1
2386,2003-07-18,-1
2387,2003-07-21,-1
2388,2003-07-22,0
2389,2003-07-23,0
2390,2003-07-24,0
2391,2003-07-25,0
2392,2003-07-28,0
2393,2003-07-29,0
2394,2003-07-30,0
2395,2003-07-31,0
2396,2003-08-01,0
2397,2003-08-04,-1
2398,2003-08-05,-1
2399,2003-08-06,0
2400,2003-08-07,0
2401,2003-08-08,0
2402,2003-08-11,0
2403,2003-08-12,0
2404,2003-08-13,0
2405,2003-08-14,0
2406,2003-08-15,0
2407,2003-08-18,0
2408,2003-08-19,0
2409,2003-08-20,0
2410,2003-08-21,-1
2411,2003-08-22,0
2412,2003-08-25,0
2413,2003-08-26,0
2414,2003-08-27,0
2415,2003-08-28,-1
2416,2003-08-29,-1
2417,2003-09-02,-1
2418,2003-09-03,-1
2419,2003-09-04,0
2420,2003-09-05,0
2421,2003-09-08,0
2422,2003-09-09,0
2423,2003-09-10,0
2424,2003-09-11,0
2425,2003-09-12,0
2426,2003-09-15,0
2427,2003-09-16,0
2428,2003-09-17,0
2429,2003-09-18,0
2430,2003-09-19,0
2431,2003-09-22,0
2432,2003-09-23,0
2433,2003-09-24,-1
2434,2003-09-25,0
2435,2003-09-26,-1
2436,2003-09-29,0
2437,2003-09-30,0
2438,2003-10-01,0
2439,2003-10-02,0
2440,2003-10-03,0
2441,2003-10-06,0
2442,2003-10-07,0
2443,2003-10-08,0
2444,2003-10-09,0
2445,2003-10-10,0
2446,2003-10-13,-1
2447,2003-10-14,-1
2448,2003-10-15,0
2449,2003-10-16,0
2450,2003-10-17,0
2451,2003-10-20,0
2452,2003-10-21,0
2453,2003-10-22,0
2454,2003-10-23,0
2455,2003-10-24,0
2456,2003-10-27,0
2457,2003-10-28,0
2458,2003-10-29,0
2459,2003-10-30,0
2460,2003-10-31,0
2461,2003-11-03,0
2462,2003-11-04,0
2463,2003-11-05,0
2464,2003-11-06,0
2465,2003-11-07,0
2466,2003-11-10,0
2467,2003-11-11,0
2468,2003-11-12,0
2469,2003-11-13,0
2470,2003-11-14,0
2471,2003-11-17,0
2472,2003-11-18,0
2473,2003-11-19,0
2474,2003-11-20,0
2475,2003-11-21,0
2476,2003-11-24,0
2477,2003-11-25,0
2478,2003-11-26,0
2479,2003-11-28,0
2480,2003-12-01,0
2481,2003-12-02,0
2482,2003-12-03,0
2483,2003-12-04,0
2484,2003-12-05,0
2485,2003-12-08,0
2486,2003-12-09,0
2487,2003-12-10,0
2488,2003-12-11,0
2489,2003-12-12,0
2490,2003-12-15,0
2491,2003-12-16,0
2492,2003-12-17,0
2493,2003-12-18,0
2494,2003-12-19,0
2495,2003-12-22,0
2496,2003-12-23,0
2497,2003-12-24,0
2498,2003-12-26,0
2499,2003-12-29,0
2500,2003-12-30,0
2501,2003-12-31,0
2502,2004-01-02,0
2503,2004-01-05,0
2504,2004-01-06,0
2505,2004-01-07,0
2506,2004-01-08,0
2507,2004-01-09,-1
2508,2004-01-12,-1
2509,2004-01-13,0
2510,2004-01-14,-1
2511,2004-01-15,-1
2512,2004-01-16,-1
2513,2004-01-20,0
2514,2004-01-21,-1
2515,2004-01-22,0
2516,2004-01-23,0
2517,2004-01-26,0
2518,2004-01-27,0
2519,2004-01-28,0
2520,2004-01-29,0
2521,2004-01-30,0
2522,2004-02-02,0
2523,2004-02-03,0
2524,2004-02-04,0
2525,2004-02-05,0
2526,2004-02-06,0
2527,2004-02-09,0
2528,2004-02-10,0
2529,2004-02-11,0
2530,2004-02-12,0
2531,2004-02-13,0
2532,2004-02-17,0
2533,2004-02-18,0
2534,2004-02-19,0
2535,2004-02-20,0
2536,2004-02-23,0
2537,2004-02-24,0
2538,2004-02-25,0
2539,2004-02-26,0
2540,2004-02-27,0
2541,2004-03-01,0
2542,2004-03-02,0
2543,2004-03-03,0
2544,2004-03-04,0
2545,2004-03-05,0
2546,2004-03-08,0
2547,2004-03-09,0
2548,2004-03-10,0
2549,2004-03-11,-1
2550,2004-03-12,0
2551,2004-03-15,0
2552,2004-03-16,0
2553,2004-03-17,0
2554,2004-03-18,0
2555,2004-03-19,0
2556,2004-03-22,0
2557,2004-03-23,0
2558,2004-03-24,0
2559,2004-03-25,0
2560,2004-03-26,0
2561,2004-03-29,0
2562,2004-03-30,0
2563,2004-03-31,0
2564,2004-04-01,0
2565,2004-04-02,0
2566,2004-04-05,-1
2567,2004-04-06,0
2568,2004-04-07,0
2569,2004-04-08,0
2570,2004-04-12,0
2571,2004-04-13,0
2572,2004-04-14,0
2573,2004-04-15,0
2574,2004-04-16,0
2575,2004-04-19,0
2576,2004-04-20,0
2577,2004-04-21,0
2578,2004-04-22,-1
2579,2004-04-23,0
2580,2004-04-26,0
2581,2004-04-27,0
2582,2004-04-28,0
2583,2004-04-29,0
2584,2004-04-30,0
2585,2004-05-03,0
2586,2004-05-04,0
2587,2004-05-05,0
2588,2004-05-06,0
2589,2004-05-07,0
2590,2004-05-10,-1
2591,2004-05-11,0
2592,2004-05-12,0
2593,2004-05-13,0
2594,2004-05-14,0
2595,2004-05-17,0
2596,2004-05-18,0
2597,2004-05-19,0
2598,2004-05-20,0
2599,2004-05-21,0
2600,2004-05-24,0
2601,2004-05-25,0
2602,2004-05-26,0
2603,2004-05-27,0
2604,2004-05-28,0
2605,2004-06-01,0
2606,2004-06-02,0
2607,2004-06-03,0
2608,2004-06-04,0
2609,2004-06-07,0
2610,2004-06-08,0
2611,2004-06-09,0
2612,2004-06-10,0
2613,2004-06-14,0
2614,2004-06-15,0
2615,2004-06-16,0
2616,2004-06-17,0
2617,2004-06-18,0
2618,2004-06-21,0
2619,2004-06-22,0
2620,2004-06-23,0
2621,2004-06-24,0
2622,2004-06-25,0
2623,2004-06-28,0
2624,2004-06-29,0
2625,2004-06-30,0
2626,2004-07-01,0
2627,2004-07-02,0
2628,2004-07-06,0
2629,2004-07-07,0
2630,2004-07-08,0
2631,2004-07-09,0
2632,2004-07-12,0
2633,2004-07-13,0
2634,2004-07-14,0
2635,2004-07-15,0
2636,2004-07-16,0
2637,2004-07-19,-1
2638,2004-07-20,0
2639,2004-07-21,-1
2640,2004-07-22,-1
2641,2004-07-23,-1
2642,2004-07-26,-1
2643,2004-07-27,0
2644,2004-07-28,0
2645,2004-07-29,0
2646,2004-07-30,0
2647,2004-08-02,0
2648,2004-08-03,0
2649,2004-08-04,0
2650,2004-08-05,0
2651,2004-08-06,0
2652,2004-08-09,0
2653,2004-08-10,0
2654,2004-08-11,0
2655,2004-08-12,0
2656,2004-08-13,0
2657,2004-08-16,0
2658,2004-08-17,-1
2659,2004-08-18,0
2660,2004-08-19,0
2661,2004-08-20,0
2662,2004-08-23,0
2663,2004-08-24,0
2664,2004-08-25,0
2665,2004-08-26,0
2666,2004-08-27,0
2667,2004-08-30,0
2668,2004-08-31,0
2669,2004-09-01,0
2670,2004-09-02,0
2671,2004-09-03,0
2672,2004-09-07,0
2673,2004-09-08,0
2674,2004-09-09,0
2675,2004-09-10,0
2676,2004-09-13,0
2677,2004-09-14,0
2678,2004-09-15,0
2679,2004-09-16,0
2680,2004-09-17,0
2681,2004-09-20,0
2682,2004-09-21,0
2683,2004-09-22,0
2684,2004-09-23,0
2685,2004-09-24,0
2686,2004-09-27,0
2687,2004-09-28,0
2688,2004-09-29,0
2689,2004-09-30,0
2690,2004-10-01,0
2691,2004-10-04,0
2692,2004-10-05,0
2693,2004-10-06,0
2694,2004-10-07,0
2695,2004-10-08,0
2696,2004-10-11,0
2697,2004-10-12,0
2698,2004-10-13,0
2699,2004-10-14,-1
2700,2004-10-15,0
2701,2004-10-18,0
2702,2004-10-19,-1
2703,2004-10-20,0
2704,2004-10-21,0
2705,2004-10-22,-1
2706,2004-10-25,0
2707,2004-10-26,0
2708,2004-10-27,0
2709,2004-10-28,0
2710,2004-10-29,0
2711,2004-11-01,0
2712,2004-11-02,0
2713,2004-11-03,0
2714,2004-11-04,0
2715,2004-11-05,0
2716,2004-11-08,0
2717,2004-11-09,0
2718,2004-11-10,0
2719,2004-11-11,-1
2720,2004-11-12,-1
2721,2004-11-15,0
2722,2004-11-16,0
2723,2004-11-17,-1
2724,2004-11-18,0
2725,2004-11-19,0
2726,2004-11-22,-1
2727,2004-11-23,0
2728,2004-11-24,0
2729,2004-11-26,0
2730,2004-11-29,0
2731,2004-11-30,0
2732,2004-12-01,0
2733,2004-12-02,0
2734,2004-12-03,0
2735,2004-12-06,0
2736,2004-12-07,0
2737,2004-12-08,0
2738,2004-12-09,0
2739,2004-12-10,0
2740,2004-12-13,0
2741,2004-12-14,0
2742,2004-12-15,0
2743,2004-12-16,0
2744,2004-12-17,0
2745,2004-12-20,0
2746,2004-12-21,0
2747,2004-12-22,0
2748,2004-12-23,0
2749,2004-12-27,0
2750,2004-12-28,0
2751,2004-12-29,0
2752,2004-12-30,0
2753,2004-12-31,0
2754,2005-01-03,0
2755,2005-01-04,0
2756,2005-01-05,0
2757,2005-01-06,0
2758,2005-01-07,0
2759,2005-01-10,0
2760,2005-01-11,0
2761,2005-01-12,0
2762,2005-01-13,0
2763,2005-01-14,0
2764,2005-01-18,0
2765,2005-01-19,0
2766,2005-01-20,0
2767,2005-01-21,-1
2768,2005-01-24,-1
2769,2005-01-25,-1
2770,2005-01-26,-1
2771,2005-01-27,-1
2772,2005-01-28,-1
2773,2005-01-31,-1
2774,2005-02-01,0
2775,2005-02-02,0
2776,2005-02-03,0
2777,2005-02-04,0
2778,2005-02-07,0
2779,2005-02-08,0
2780,2005-02-09,0
2781,2005-02-10,0
2782,2005-02-11,0
2783,2005-02-14,0
2784,2005-02-15,0
2785,2005-02-16,0
2786,2005-02-17,0
2787,2005-02-18,0
2788,2005-02-22,-1
2789,2005-02-23,-1
2790,2005-02-24,-1
2791,2005-02-25,-1
2792,2005-02-28,0
2793,2005-03-01,0
2794,2005-03-02,0
2795,2005-03-03,0
2796,2005-03-04,0
2797,2005-03-07,0
2798,2005-03-08,0
2799,2005-03-09,0
2800,2005-03-10,0
2801,2005-03-11,0
2802,2005-03-14,0
2803,2005-03-15,0
2804,2005-03-16,-1
2805,2005-03-17,-1
2806,2005-03-18,-1
2807,2005-03-21,0
2808,2005-03-22,-1
2809,2005-03-23,-1
2810,2005-03-24,-1
2811,2005-03-28,-1
2812,2005-03-29,-1
2813,2005-03-30,-1
2814,2005-03-31,-1
2815,2005-04-01,-1
2816,2005-04-04,-1
2817,2005-04-05,-1
2818,2005-04-06,-1
2819,2005-04-07,-1
2820,2005-04-08,-1
2821,2005-04-11,-1
2822,2005-04-12,-1
2823,2005-04-13,-1
2824,2005-04-14,-1
2825,2005-04-15,-1
2826,2005-04-18,-1
2827,2005-04-19,-1
2828,2005-04-20,-1
2829,2005-04-21,0
2830,2005-04-22,0
2831,2005-04-25,0
2832,2005-04-26,0
2833,2005-04-27,0
2834,2005-04-28,0
2835,2005-04-29,0
2836,2005-05-02,0
2837,2005-05-03,0
2838,2005-05-04,0
2839,2005-05-05,0
2840,2005-05-06,0
2841,2005-05-09,0
2842,2005-05-10,0
2843,2005-05-11,-1
2844,2005-05-12,-1
2845,2005-05-13,-1
2846,2005-05-16,-1
2847,2005-05-17,-1
2848,2005-05-18,-1
2849,2005-05-19,0
2850,2005-05-20,0
2851,2005-05-23,0
2852,2005-05-24,0
2853,2005-05-25,0
2854,2005-05-26,0
2855,2005-05-27,0
2856,2005-05-31,0
2857,2005-06-01,0
2858,2005-06-02,0
2859,2005-06-03,0
2860,2005-06-06,0
2861,2005-06-07,0
2862,2005-06-08,0
2863,2005-06-09,0
2864,2005-06-10,0
2865,2005-06-13,0
2866,2005-06-14,0
2867,2005-06-15,0
2868,2005-06-16,0
2869,2005-06-17,0
2870,2005-06-20,0
2871,2005-06-21,0
2872,2005-06-22,0
2873,2005-06-23,-1
2874,2005-06-24,0
2875,2005-06-27,-1
2876,2005-06-28,-1
2877,2005-06-29,-1
2878,2005-06-30,0
2879,2005-07-01,-1
2880,2005-07-05,0
2881,2005-07-06,0
2882,2005-07-07,0
2883,2005-07-08,0
2884,2005-07-11,0
2885,2005-07-12,0
2886,2005-07-13,0
2887,2005-07-14,0
2888,2005-07-15,0
2889,2005-07-18,0
2890,2005-07-19,0
2891,2005-07-20,0
2892,2005-07-21,0
2893,2005-07-22,0
2894,2005-07-25,0
2895,2005-07-26,0
2896,2005-07-27,0
2897,2005-07-28,0
2898,2005-07-29,0
2899,2005-08-01,0
2900,2005-08-02,0
2901,2005-08-03,0
2902,2005-08-04,0
2903,2005-08-05,0
2904,2005-08-08,0
2905,2005-08-09,0
2906,2005-08-10,0
2907,2005-08-11,0
2908,2005-08-12,0
2909,2005-08-15,0
2910,2005-08-16,0
2911,2005-08-17,0
2912,2005-08-18,0
2913,2005-08-19,0
2914,2005-08-22,0
2915,2005-08-23,0
2916,2005-08-24,0
2917,2005-08-25,0
2918,2005-08-26,0
2919,2005-08-29,0
2920,2005-08-30,0
2921,2005-08-31,0
2922,2005-09-01,0
2923,2005-09-02,0
2924,2005-09-06,0
2925,2005-09-07,0
2926,2005-09-08,0
2927,2005-09-09,0
2928,2005-09-12,0
2929,2005-09-13,0
2930,2005-09-14,0
2931,2005-09-15,0
2932,2005-09-16,0
2933,2005-09-19,0
2934,2005-09-20,0
2935,2005-09-21,-1
2936,2005-09-22,0
2937,2005-09-23,-1
2938,2005-09-26,-1
2939,2005-09-27,-1
2940,2005-09-28,0
2941,2005-09-29,0
2942,2005-09-30,0
2943,2005-10-03,0
2944,2005-10-04,0
2945,2005-10-05,0
2946,2005-10-06,-1
2947,2005-10-07,-1
2948,2005-10-10,-1
2949,2005-10-11,-1
2950,2005-10-12,-1
2951,2005-10-13,-1
2952,2005-10-14,0
2953,2005-10-17,0
2954,2005-10-18,0
2955,2005-10-19,0
2956,2005-10-20,0
2957,2005-10-21,0
2958,2005-10-24,0
2959,2005-10-25,0
2960,2005-10-26,0
2961,2005-10-27,0
2962,2005-10-28,0
2963,2005-10-31,0
2964,2005-11-01,0
2965,2005-11-02,-1
2966,2005-11-03,-1
2967,2005-11-04,-1
2968,2005-11-07,-1
2969,2005-11-08,-1
2970,2005-11-09,-1
2971,2005-11-10,-1
2972,2005-11-11,0
2973,2005-11-14,0
2974,2005-11-15,0
2975,2005-11-16,0
2976,2005-11-17,0
2977,2005-11-18,0
2978,2005-11-21,0
2979,2005-11-22,0
2980,2005-11-23,-1
2981,2005-11-25,-1
2982,2005-11-28,0
2983,2005-11-29,0
2984,2005-11-30,0
2985,2005-12-01,0
2986,2005-12-02,0
2987,2005-12-05,0
2988,2005-12-06,0
2989,2005-12-07,0
2990,2005-12-08,0
2991,2005-12-09,0
2992,2005-12-12,0
2993,2005-12-13,0
2994,2005-12-14,0
2995,2005-12-15,0
2996,2005-12-16,0
2997,2005-12-19,0
2998,2005-12-20,0
2999,2005-12-21,0
3000,2005-12-22,0
3001,2005-12-23,0
3002,2005-12-27,0
3003,2005-12-28,0
3004,2005-12-29,0
3005,2005-12-30,0
3006,2006-01-03,-1
3007,2006-01-04,0
3008,2006-01-05,0
3009,2006-01-06,0
3010,2006-01-09,0
3011,2006-01-10,0
3012,2006-01-11,0
3013,2006-01-12,0
3014,2006-01-13,-1
3015,2006-01-17,-1
3016,2006-01-18,-1
3017,2006-01-19,0
3018,2006-01-20,0
3019,2006-01-23,0
3020,2006-01-24,0
3021,2006-01-25,0
3022,2006-01-26,0
3023,2006-01-27,0
3024,2006-01-30,0
3025,2006-01-31,0
3026,2006-02-01,0
3027,2006-02-02,-1
3028,2006-02-03,0
3029,2006-02-06,-1
3030,2006-02-07,-1
3031,2006-02-08,0
3032,2006-02-09,0
3033,2006-02-10,0
3034,2006-02-13,0
3035,2006-02-14,-1
3036,2006-02-15,-1
3037,2006-02-16,0
3038,2006-02-17,0
3039,2006-02-21,0
3040,2006-02-22,0
3041,2006-02-23,0
3042,2006-02-24,0
3043,2006-02-27,0
3044,2006-02-28,0
3045,2006-03-01,0
3046,2006-03-02,0
3047,2006-03-03,0
3048,2006-03-06,0
3049,2006-03-07,0
3050,2006-03-08,0
3051,2006-03-09,0
3052,2006-03-10,0
3053,2006-03-13,0
3054,2006-03-14,0
3055,2006-03-15,0
3056,2006-03-16,0
3057,2006-03-17,0
3058,2006-03-20,0
3059,2006-03-21,0
3060,2006-03-22,0
3061,2006-03-23,0
3062,2006-03-24,0
3063,2006-03-27,0
3064,2006-03-28,0
3065,2006-03-29,0
3066,2006-03-30,0
3067,2006-03-31,0
3068,2006-04-03,0
3069,2006-04-04,0
3070,2006-04-05,0
3071,2006-04-06,0
3072,2006-04-07,0
3073,2006-04-10,0
3074,2006-04-11,0
3075,2006-04-12,0
3076,2006-04-13,0
3077,2006-04-17,0
3078,2006-04-18,0
3079,2006-04-19,0
3080,2006-04-20,0
3081,2006-04-21,0
3082,2006-04-24,0
3083,2006-04-25,0
3084,2006-04-26,0
3085,2006-04-27,0
3086,2006-04-28,0
3087,2006-05-01,0
3088,2006-05-02,0
3089,2006-05-03,0
3090,2006-05-04,0
3091,2006-05-05,0
3092,2006-05-08,0
3093,2006-05-09,0
3094,2006-05-10,0
3095,2006-05-11,0
3096,2006-05-12,0
3097,2006-05-15,0
3098,2006-05-16,0
3099,2006-05-17,-1
3100,2006-05-18,-1
3101,2006-05-19,-1
3102,2006-05-22,-1
3103,2006-05-23,-1
3104,2006-05-24,-1
3105,2006-05-25,0
3106,2006-05-26,0
3107,2006-05-30,-1
3108,2006-05-31,0
3109,2006-06-01,-1
3110,2006-06-02,-1
3111,2006-06-05,0
3112,2006-06-06,-1
3113,2006-06-07,-1
3114,2006-06-08,-1
3115,2006-06-09,-1
3116,2006-06-12,-1
3117,2006-06-13,-1
3118,2006-06-14,-1
3119,2006-06-15,0
3120,2006-06-16,0
3121,2006-06-19,-1
3122,2006-06-20,0
3123,2006-06-21,0
3124,2006-06-22,0
3125,2006-06-23,0
3126,2006-06-26,0
3127,2006-06-27,-1
3128,2006-06-28,-1
3129,2006-06-29,-1
3130,2006-06-30,-1
3131,2006-07-03,-1
3132,2006-07-05,-1
3133,2006-07-06,-1
3134,2006-07-07,-1
3135,2006-07-10,-1
3136,2006-07-11,-1
3137,2006-07-12,-1
3138,2006-07-13,-1
3139,2006-07-14,-1
3140,2006-07-17,0
3141,2006-07-18,0
3142,2006-07-19,0
3143,2006-07-20,0
3144,2006-07-21,0
3145,2006-07-24,0
3146,2006-07-25,-1
3147,2006-07-26,0
3148,2006-07-27,-1
3149,2006-07-28,0
3150,2006-07-31,0
3151,2006-08-01,0
3152,2006-08-02,0
3153,2006-08-03,0
3154,2006-08-04,0
3155,2006-08-07,0
3156,2006-08-08,0
3157,2006-08-09,-1
3158,2006-08-10,-1
3159,2006-08-11,-1
3160,2006-08-14,-1
3161,2006-08-15,-1
3162,2006-08-16,-1
3163,2006-08-17,-1
3164,2006-08-18,-1
3165,2006-08-21,0
3166,2006-08-22,0
3167,2006-08-23,0
3168,2006-08-24,0
3169,2006-08-25,0
3170,2006-08-28,0
3171,2006-08-29,0
3172,2006-08-30,0
3173,2006-08-31,0
3174,2006-09-01,0
3175,2006-09-05,0
3176,2006-09-06,0
3177,2006-09-07,0
3178,2006-09-08,0
3179,2006-09-11,0
3180,2006-09-12,0
3181,2006-09-13,0
3182,2006-09-14,0
3183,2006-09-15,0
3184,2006-09-18,0
3185,2006-09-19,0
3186,2006-09-20,0
3187,2006-09-21,0
3188,2006-09-22,0
3189,2006-09-25,0
3190,2006-09-26,0
3191,2006-09-27,0
3192,2006-09-28,0
3193,2006-09-29,0
3194,2006-10-02,0
3195,2006-10-03,0
3196,2006-10-04,0
3197,2006-10-05,0
3198,2006-10-06,0
3199,2006-10-09,0
3200,2006-10-10,0
3201,2006-10-11,0
3202,2006-10-12,0
3203,2006-10-13,0
3204,2006-10-16,0
3205,2006-10-17,0
3206,2006-10-18,0
3207,2006-10-19,0
3208,2006-10-20,0
3209,2006-10-23,0
3210,2006-10-24,-1
3211,2006-10-25,-1
3212,2006-10-26,0
3213,2006-10-27,0
3214,2006-10-30,0
3215,2006-10-31,0
3216,2006-11-01,0
3217,2006-11-02,0
3218,2006-11-03,0
3219,2006-11-06,0
3220,2006-11-07,0
3221,2006-11-08,0
3222,2006-11-09,0
3223,2006-11-10,0
3224,2006-11-13,0
3225,2006-11-14,0
3226,2006-11-15,0
3227,2006-11-16,0
3228,2006-11-17,0
3229,2006-11-20,0
3230,2006-11-21,0
3231,2006-11-22,0
3232,2006-11-24,0
3233,2006-11-27,0
3234,2006-11-28,0
3235,2006-11-29,0
3236,2006-11-30,0
3237,2006-12-01,0
3238,2006-12-04,0
3239,2006-12-05,-1
3240,2006-12-06,-1
3241,2006-12-07,0
3242,2006-12-08,-1
3243,2006-12-11,-1
3244,2006-12-12,0
3245,2006-12-13,-1
3246,2006-12-14,0
3247,2006-12-15,0
3248,2006-12-18,0
3249,2006-12-19,0
3250,2006-12-20,0
3251,2006-12-21,0
3252,2006-12-22,0
3253,2006-12-26,0
3254,2006-12-27,0
3255,2006-12-28,0
3256,2006-12-29,0
3257,2007-01-03,0
3258,2007-01-04,0
3259,2007-01-05,0
3260,2007-01-08,0
3261,2007-01-09,0
3262,2007-01-10,0
3263,2007-01-11,0
3264,2007-01-12,0
3265,2007-01-16,0
3266,2007-01-17,0
3267,2007-01-18,0
3268,2007-01-19,0
3269,2007-01-22,0
3270,2007-01-23,0
3271,2007-01-24,0
3272,2007-01-25,0
3273,2007-01-26,0
3274,2007-01-29,0
3275,2007-01-30,0
3276,2007-01-31,0
3277,2007-02-01,0
3278,2007-02-02,0
3279,2007-02-05,-1
3280,2007-02-06,0
3281,2007-02-07,0
3282,2007-02-08,0
3283,2007-02-09,0
3284,2007-02-12,0
3285,2007-02-13,0
3286,2007-02-14,0
3287,2007-02-15,0
3288,2007-02-16,0
3289,2007-02-20,0
3290,2007-02-21,0
3291,2007-02-22,0
3292,2007-02-23,0
3293,2007-02-26,0
3294,2007-02-27,-1
3295,2007-02-28,-1
3296,2007-03-01,-1
3297,2007-03-02,-1
3298,2007-03-05,-1
3299,2007-03-06,-1
3300,2007-03-07,-1
3301,2007-03-08,-1
3302,2007-03-09,-1
3303,2007-03-12,-1
3304,2007-03-13,-1
3305,2007-03-14,-1
3306,2007-03-15,-1
3307,2007-03-16,-1
3308,2007-03-19,-1
3309,2007-03-20,-1
3310,2007-03-21,-1
3311,2007-03-22,-1
3312,2007-03-23,-1
3313,2007-03-26,-1
3314,2007-03-27,0
3315,2007-03-28,0
3316,2007-03-29,-1
3317,2007-03-30,-1
3318,2007-04-02,-1
3319,2007-04-03,0
3320,2007-04-04,0
3321,2007-04-05,0
3322,2007-04-09,0
3323,2007-04-10,0
3324,2007-04-11,-1
3325,2007-04-12,-1
3326,2007-04-13,-1
3327,2007-04-16,-1
3328,2007-04-17,-1
3329,2007-04-18,-1
3330,2007-04-19,0
3331,2007-04-20,0
3332,2007-04-23,0
3333,2007-04-24,0
3334,2007-04-25,0
3335,2007-04-26,-1
3336,2007-04-27,-1
3337,2007-04-30,0
3338,2007-05-01,0
3339,2007-05-02,0
3340,2007-05-03,0
3341,2007-05-04,0
3342,2007-05-07,0
3343,2007-05-08,0
3344,2007-05-09,0
3345,2007-05-10,0
3346,2007-05-11,0
3347,2007-05-14,0
3348,2007-05-15,0
3349,2007-05-16,0
3350,2007-05-17,0
3351,2007-05-18,0
3352,2007-05-21,0
3353,2007-05-22,0
3354,2007-05-23,-1
3355,2007-05-24,-1
3356,2007-05-25,-1
3357,2007-05-29,-1
3358,2007-05-30,-1
3359,2007-05-31,-1
3360,2007-06-01,-1
3361,2007-06-04,-1
3362,2007-06-05,0
3363,2007-06-06,-1
3364,2007-06-07,-1
3365,2007-06-08,0
3366,2007-06-11,0
3367,2007-06-12,0
3368,2007-06-13,0
3369,2007-06-14,-1
3370,2007-06-15,-1
3371,2007-06-18,-1
3372,2007-06-19,-1
3373,2007-06-20,-1
3374,2007-06-21,-1
3375,2007-06-22,-1
3376,2007-06-25,-1
3377,2007-06-26,-1
3378,2007-06-27,-1
3379,2007-06-28,-1
3380,2007-06-29,-1
3381,2007-07-02,-1
3382,2007-07-03,-1
3383,2007-07-05,-1
3384,2007-07-06,-1
3385,2007-07-09,-1
3386,2007-07-10,-1
3387,2007-07-11,-1
3388,2007-07-12,-1
3389,2007-07-13,-1
3390,2007-07-16,-1
3391,2007-07-17,-1
3392,2007-07-18,-1
3393,2007-07-19,0
3394,2007-07-20,-1
3395,2007-07-23,-1
3396,2007-07-24,0
3397,2007-07-25,0
3398,2007-07-26,-1
3399,2007-07-27,-1
3400,2007-07-30,-1
3401,2007-07-31,-1
3402,2007-08-01,-1
3403,2007-08-02,-1
3404,2007-08-03,-1
3405,2007-08-06,-1
3406,2007-08-07,-1
3407,2007-08-08,-1
3408,2007-08-09,-1
3409,2007-08-10,-1
3410,2007-08-13,-1
3411,2007-08-14,-1
3412,2007-08-15,-1
3413,2007-08-16,-1
3414,2007-08-17,-1
3415,2007-08-20,-1
3416,2007-08-21,-1
3417,2007-08-22,-1
3418,2007-08-23,-1
3419,2007-08-24,-1
3420,2007-08-27,-1
3421,2007-08-28,-1
3422,2007-08-29,-1
3423,2007-08-30,-1
3424,2007-08-31,-1
3425,2007-09-04,-1
3426,2007-09-05,-1
3427,2007-09-06,-1
3428,2007-09-07,-1
3429,2007-09-10,-1
3430,2007-09-11,-1
3431,2007-09-12,-1
3432,2007-09-13,-1
3433,2007-09-14,-1
3434,2007-09-17,-1
3435,2007-09-18,-1
3436,2007-09-19,0
3437,2007-09-20,-1
3438,2007-09-21,-1
3439,2007-09-24,-1
3440,2007-09-25,-1
3441,2007-09-26,-1
3442,2007-09-27,-1
3443,2007-09-28,-1
3444,2007-10-01,-1
3445,2007-10-02,-1
3446,2007-10-03,-1
3447,2007-10-04,-1
3448,2007-10-05,-1
3449,2007-10-08,-1
3450,2007-10-09,-1
3451,2007-10-10,-1
3452,2007-10-11,-1
3453,2007-10-12,-1
3454,2007-10-15,-1
3455,2007-10-16,0
3456,2007-10-17,0
3457,2007-10-18,0
3458,2007-10-19,-1
3459,2007-10-22,-1
3460,2007-10-23,-1
3461,2007-10-24,-1
3462,2007-10-25,-1
3463,2007-10-26,-1
3464,2007-10-29,-1
3465,2007-10-30,-1
3466,2007-10-31,-1
3467,2007-11-01,-1
3468,2007-11-02,-1
3469,2007-11-05,-1
3470,2007-11-06,-1
3471,2007-11-07,-1
3472,2007-11-08,-1
3473,2007-11-09,-1
3474,2007-11-12,-1
3475,2007-11-13,-1
3476,2007-11-14,-1
3477,2007-11-15,-1
3478,2007-11-16,-1
3479,2007-11-19,-1
3480,2007-11-20,-1
3481,2007-11-21,-1
3482,2007-11-23,-1
3483,2007-11-26,-1
3484,2007-11-27,-1
3485,2007-11-28,-1
3486,2007-11-29,-1
3487,2007-11-30,-1
3488,2007-12-03,-1
3489,2007-12-04,-1
3490,2007-12-05,-1
3491,2007-12-06,-1
3492,2007-12-07,-1
3493,2007-12-10,-1
3494,2007-12-11,-1
3495,2007-12-12,-1
3496,2007-12-13,-1
3497,2007-12-14,-1
3498,2007-12-17,-1
3499,2007-12-18,-1
3500,2007-12-19,-1
3501,2007-12-20,0
3502,2007-12-21,0
3503,2007-12-24,-1
3504,2007-12-26,-1
3505,2007-12-27,0
3506,2007-12-28,0
3507,2007-12-31,0
3508,2008-01-02,0
3509,2008-01-03,0
3510,2008-01-04,0
3511,2008-01-07,-1
3512,2008-01-08,-1
3513,2008-01-09,-1
3514,2008-01-10,-1
3515,2008-01-11,0
3516,2008-01-14,0
3517,2008-01-15,-1
3518,2008-01-16,-1
3519,2008-01-17,-1
3520,2008-01-18,-1
3521,2008-01-22,-1
3522,2008-01-23,-1
3523,2008-01-24,-1
3524,2008-01-25,-1
3525,2008-01-28,-1
3526,2008-01-29,-1
3527,2008-01-30,-1
3528,2008-01-31,-1
3529,2008-02-01,-1
3530,2008-02-04,-1
3531,2008-02-05,-1
3532,2008-02-06,-1
3533,2008-02-07,1
3534,2008-02-08,1
3535,2008-02-11,1
3536,2008-02-12,1
3537,2008-02-13,-1
3538,2008-02-14,-1
3539,2008-02-15,0
3540,2008-02-19,0
3541,2008-02-20,-1
3542,2008-02-21,0
3543,2008-02-22,0
3544,2008-02-25,-1
3545,2008-02-26,-1
3546,2008-02-27,-1
3547,2008-02-28,-1
3548,2008-02-29,0
3549,2008-03-03,-1
3550,2008-03-04,-1
3551,2008-03-05,0
3552,2008-03-06,0
3553,2008-03-07,0
3554,2008-03-10,-1
3555,2008-03-11,-1
3556,2008-03-12,-1
3557,2008-03-13,-1
3558,2008-03-14,-1
3559,2008-03-17,-1
3560,2008-03-18,-1
3561,2008-03-19,-1
3562,2008-03-20,-1
3563,2008-03-24,-1
3564,2008-03-25,-1
3565,2008-03-26,-1
3566,2008-03-27,-1
3567,2008-03-28,-1
3568,2008-03-31,-1
3569,2008-04-01,-1
3570,2008-04-02,-1
3571,2008-04-03,-1
3572,2008-04-04,-1
3573,2008-04-07,-1
3574,2008-04-08,-1
3575,2008-04-09,-1
3576,2008-04-10,-1
3577,2008-04-11,-1
3578,2008-04-14,-1
3579,2008-04-15,-1
3580,2008-04-16,-1
3581,2008-04-17,-1
3582,2008-04-18,-1
3583,2008-04-21,-1
3584,2008-04-22,-1
3585,2008-04-23,-1
3586,2008-04-24,-1
3587,2008-04-25,-1
3588,2008-04-28,-1
3589,2008-04-29,0
3590,2008-04-30,0
3591,2008-05-01,-1
3592,2008-05-02,-1
3593,2008-05-05,-1
3594,2008-05-06,-1
3595,2008-05-07,0
3596,2008-05-08,0
3597,2008-05-09,-1
3598,2008-05-12,-1
3599,2008-05-13,-1
3600,2008-05-14,0
3601,2008-05-15,0
3602,2008-05-16,0
3603,2008-05-19,0
3604,2008-05-20,0
3605,2008-05-21,0
3606,2008-05-22,0
3607,2008-05-23,-1
3608,2008-05-27,0
3609,2008-05-28,0
3610,2008-05-29,-1
3611,2008-05-30,0
3612,2008-06-02,0
3613,2008-06-03,0
3614,2008-06-04,0
3615,2008-06-05,0
3616,2008-06-06,-1
3617,2008-06-09,-1
3618,2008-06-10,-1
3619,2008-06-11,-1
3620,2008-06-12,-1
3621,2008-06-13,-1
3622,2008-06-16,-1
3623,2008-06-17,0
3624,2008-06-18,0
3625,2008-06-19,-1
3626,2008-06-20,-1
3627,2008-06-23,-1
3628,2008-06-24,-1
3629,2008-06-25,0
3630,2008-06-26,-1
3631,2008-06-27,-1
3632,2008-06-30,-1
3633,2008-07-01,-1
3634,2008-07-02,-1
3635,2008-07-03,-1
3636,2008-07-07,-1
3637,2008-07-08,-1
3638,2008-07-09,-1
3639,2008-07-10,-1
3640,2008-07-11,-1
3641,2008-07-14,-1
3642,2008-07-15,-1
3643,2008-07-16,-1
3644,2008-07-17,-1
3645,2008-07-18,-1
3646,2008-07-21,1
3647,2008-07-22,1
3648,2008-07-23,-1
3649,2008-07-24,1
3650,2008-07-25,-1
3651,2008-07-28,-1
3652,2008-07-29,-1
3653,2008-07-30,-1
3654,2008-07-31,-1
3655,2008-08-01,-1
3656,2008-08-04,-1
3657,2008-08-05,-1
3658,2008-08-06,-1
3659,2008-08-07,-1
3660,2008-08-08,-1
3661,2008-08-11,-1
3662,2008-08-12,-1
3663,2008-08-13,-1
3664,2008-08-14,-1
3665,2008-08-15,-1
3666,2008-08-18,-1
3667,2008-08-19,-1
3668,2008-08-20,-1
3669,2008-08-21,-1
3670,2008-08-22,-1
3671,2008-08-25,-1
3672,2008-08-26,-1
3673,2008-08-27,-1
3674,2008-08-28,-1
3675,2008-08-29,-1
3676,2008-09-02,-1
3677,2008-09-03,-1
3678,2008-09-04,-1
3679,2008-09-05,-1
3680,2008-09-08,-1
3681,2008-09-09,-1
3682,2008-09-10,-1
3683,2008-09-11,-1
3684,2008-09-12,-1
3685,2008-09-15,-1
3686,2008-09-16,-1
3687,2008-09-17,-1
3688,2008-09-18,-1
3689,2008-09-19,-1
3690,2008-09-22,-1
3691,2008-09-23,-1
3692,2008-09-24,-1
3693,2008-09-25,-1
3694,2008-09-26,-1
3695,2008-09-29,-1
3696,2008-09-30,-1
3697,2008-10-01,-1
3698,2008-10-02,-1
3699,2008-10-03,-1
3700,2008-10-06,-1
3701,2008-10-07,-1
3702,2008-10-08,-1
3703,2008-10-09,-1
3704,2008-10-10,-1
3705,2008-10-13,-1
3706,2008-10-14,-1
3707,2008-10-15,-1
3708,2008-10-16,-1
3709,2008-10-17,-1
3710,2008-10-20,-1
3711,2008-10-21,-1
3712,2008-10-22,-1
3713,2008-10-23,-1
3714,2008-10-24,-1
3715,2008-10-27,-1
3716,2008-10-28,-1
3717,2008-10-29,-1
3718,2008-10-30,-1
3719,2008-10-31,-1
3720,2008-11-03,-1
3721,2008-11-04,-1
3722,2008-11-05,-1
3723,2008-11-06,-1
3724,2008-11-07,-1
3725,2008-11-10,-1
3726,2008-11-11,-1
3727,2008-11-12,-1
3728,2008-11-13,-1
3729,2008-11-14,-1
3730,2008-11-17,-1
3731,2008-11-18,-1
3732,2008-11-19,-1
3733,2008-11-20,-1
3734,2008-11-21,-1
3735,2008-11-24,-1
3736,2008-11-25,-1
3737,2008-11-26,-1
3738,2008-11-28,-1
3739,2008-12-01,-1
3740,2008-12-02,-1
3741,2008-12-03,-1
3742,2008-12-04,-1
3743,2008-12-05,-1
3744,2008-12-08,-1
3745,2008-12-09,-1
3746,2008-12-10,-1
3747,2008-12-11,-1
3748,2008-12-12,-1
3749,2008-12-15,-1
3750,2008-12-16,-1
3751,2008-12-17,-1
3752,2008-12-18,-1
3753,2008-12-19,-1
3754,2008-12-22,-1
3755,2008-12-23,-1
3756,2008-12-24,-1
3757,2008-12-26,-1
3758,2008-12-29,-1
3759,2008-12-30,-1
3760,2008-12-31,-1
3761,2009-01-02,-1
3762,2009-01-05,-1
3763,2009-01-06,-1
3764,2009-01-07,-1
3765,2009-01-08,-1
3766,2009-01-09,-1
3767,2009-01-12,-1
3768,2009-01-13,-1
3769,2009-01-14,-1
3770,2009-01-15,-1
3771,2009-01-16,-1
3772,2009-01-20,-1
3773,2009-01-21,-1
3774,2009-01-22,-1
3775,2009-01-23,-1
3776,2009-01-26,-1
3777,2009-01-27,-1
3778,2009-01-28,-1
3779,2009-01-29,-1
3780,2009-01-30,-1
3781,2009-02-02,-1
3782,2009-02-03,-1
3783,2009-02-04,-1
3784,2009-02-05,-1
3785,2009-02-06,-1
3786,2009-02-09,-1
3787,2009-02-10,-1
3788,2009-02-11,-1
3789,2009-02-12,-1
3790,2009-02-13,-1
3791,2009-02-17,-1
3792,2009-02-18,-1
3793,2009-02-19,-1
3794,2009-02-20,-1
3795,2009-02-23,-1
3796,2009-02-24,-1
3797,2009-02-25,-1
3798,2009-02-26,-1
3799,2009-02-27,-1
3800,2009-03-02,-1
3801,2009-03-03,-1
3802,2009-03-04,-1
3803,2009-03-05,-1
3804,2009-03-06,-1
3805,2009-03-09,-1
3806,2009-03-10,-1
3807,2009-03-11,-1
3808,2009-03-12,-1
3809,2009-03-13,-1
3810,2009-03-16,-1
3811,2009-03-17,-1
3812,2009-03-18,-1
3813,2009-03-19,-1
3814,2009-03-20,-1
3815,2009-03-23,-1
3816,2009-03-24,-1
3817,2009-03-25,-1
3818,2009-03-26,-1
3819,2009-03-27,-1
3820,2009-03-30,-1
3821,2009-03-31,-1
3822,2009-04-01,-1
3823,2009-04-02,-1
3824,2009-04-03,-1
3825,2009-04-06,-1
3826,2009-04-07,-1
3827,2009-04-08,-1
3828,2009-04-09,-1
3829,2009-04-13,-1
3830,2009-04-14,-1
3831,2009-04-15,-1
3832,2009-04-16,-1
3833,2009-04-17,-1
3834,2009-04-20,-1
3835,2009-04-21,-1
3836,2009-04-22,-1
3837,2009-04-23,-1
3838,2009-04-24,-1
3839,2009-04-27,-1
3840,2009-04-28,-1
3841,2009-04-29,-1
3842,2009-04-30,-1
3843,2009-05-01,-1
3844,2009-05-04,-1
3845,2009-05-05,-1
3846,2009-05-06,-1
3847,2009-05-07,-1
3848,2009-05-08,-1
3849,2009-05-11,-1
3850,2009-05-12,-1
3851,2009-05-13,-1
3852,2009-05-14,-1
3853,2009-05-15,-1
3854,2009-05-18,-1
3855,2009-05-19,-1
3856,2009-05-20,-1
3857,2009-05-21,-1
3858,2009-05-22,-1
3859,2009-05-26,-1
3860,2009-05-27,-1
3861,2009-05-28,-1
3862,2009-05-29,-1
3863,2009-06-01,-1
3864,2009-06-02,-1
3865,2009-06-03,-1
3866,2009-06-04,-1
3867,2009-06-05,-1
3868,2009-06-08,-1
3869,2009-06-09,-1
3870,2009-06-10,-1
3871,2009-06-11,-1
3872,2009-06-12,-1
3873,2009-06-15,-1
3874,2009-06-16,-1
3875,2009-06-17,-1
3876,2009-06-18,-1
3877,2009-06-19,-1
3878,2009-06-22,-1
3879,2009-06-23,-1
3880,2009-06-24,-1
3881,2009-06-25,-1
3882,2009-06-26,-1
3883,2009-06-29,-1
3884,2009-06-30,-1
3885,2009-07-01,-1
3886,2009-07-02,-1
3887,2009-07-06,-1
3888,2009-07-07,-1
3889,2009-07-08,-1
3890,2009-07-09,-1
3891,2009-07-10,-1
3892,2009-07-13,-1
3893,2009-07-14,-1
3894,2009-07-15,-1
3895,2009-07-16,-1
3896,2009-07-17,-1
3897,2009-07-20,-1
3898,2009-07-21,-1
3899,2009-07-22,-1
3900,2009-07-23,-1
3901,2009-07-24,-1
3902,2009-07-27,-1
3903,2009-07-28,-1
3904,2009-07-29,-1
3905,2009-07-30,-1
3906,2009-07-31,-1
3907,2009-08-03,-1
3908,2009-08-04,-1
3909,2009-08-05,-1
3910,2009-08-06,-1
3911,2009-08-07,-1
3912,2009-08-10,-1
3913,2009-08-11,-1
3914,2009-08-12,-1
3915,2009-08-13,-1
3916,2009-08-14,-1
3917,2009-08-17,-1
3918,2009-08-18,-1
3919,2009-08-19,-1
3920,2009-08-20,-1
3921,2009-08-21,-1
3922,2009-08-24,-1
3923,2009-08-25,-1
3924,2009-08-26,-1
3925,2009-08-27,-1
3926,2009-08-28,-1
3927,2009-08-31,-1
3928,2009-09-01,-1
3929,2009-09-02,-1
3930,2009-09-03,-1
3931,2009-09-04,-1
3932,2009-09-08,-1
3933,2009-09-09,-1
3934,2009-09-10,-1
3935,2009-09-11,-1
3936,2009-09-14,-1
3937,2009-09-15,-1
3938,2009-09-16,-1
3939,2009-09-17,-1
3940,2009-09-18,-1
3941,2009-09-21,-1
3942,2009-09-22,-1
3943,2009-09-23,-1
3944,2009-09-24,-1
3945,2009-09-25,-1
3946,2009-09-28,-1
3947,2009-09-29,-1
3948,2009-09-30,-1
3949,2009-10-01,-1
3950,2009-10-02,-1
3951,2009-10-05,-1
3952,2009-10-06,-1
3953,2009-10-07,-1
3954,2009-10-08,-1
3955,2009-10-09,-1
3956,2009-10-12,-1
3957,2009-10-13,-1
3958,2009-10-14,-1
3959,2009-10-15,-1
3960,2009-10-16,-1
3961,2009-10-19,-1
3962,2009-10-20,-1
3963,2009-10-21,-1
3964,2009-10-22,-1
3965,2009-10-23,-1
3966,2009-10-26,-1
3967,2009-10-27,-1
3968,2009-10-28,-1
3969,2009-10-29,-1
3970,2009-10-30,-1
3971,2009-11-02,-1
3972,2009-11-03,-1
3973,2009-11-04,-1
3974,2009-11-05,-1
3975,2009-11-06,-1
3976,2009-11-09,-1
3977,2009-11-10,-1
3978,2009-11-11,-1
3979,2009-11-12,-1
3980,2009-11-13,-1
3981,2009-11-16,-1
3982,2009-11-17,-1
3983,2009-11-18,-1
3984,2009-11-19,-1
3985,2009-11-20,-1
3986,2009-11-23,-1
3987,2009-11-24,-1
3988,2009-11-25,-1
3989,2009-11-27,-1
3990,2009-11-30,-1
3991,2009-12-01,-1
3992,2009-12-02,-1
3993,2009-12-03,-1
3994,2009-12-04,0
3995,2009-12-07,0
3996,2009-12-08,-1
3997,2009-12-09,-1
3998,2009-12-10,-1
3999,2009-12-11,-1
4000,2009-12-14,-1
4001,2009-12-15,-1
4002,2009-12-16,-1
4003,2009-12-17,-1
4004,2009-12-18,-1
4005,2009-12-21,-1
4006,2009-12-22,-1
4007,2009-12-23,-1
4008,2009-12-24,-1
4009,2009-12-28,-1
4010,2009-12-29,-1
4011,2009-12-30,-1
4012,2009-12-31,-1
4013,2010-01-04,-1
4014,2010-01-05,-1
4015,2010-01-06,-1
4016,2010-01-07,-1
4017,2010-01-08,-1
4018,2010-01-11,-1
4019,2010-01-12,-1
4020,2010-01-13,-1
4021,2010-01-14,-1
4022,2010-01-15,-1
4023,2010-01-19,-1
4024,2010-01-20,-1
4025,2010-01-21,-1
4026,2010-01-22,-1
4027,2010-01-25,-1
4028,2010-01-26,-1
4029,2010-01-27,-1
4030,2010-01-28,-1
4031,2010-01-29,-1
4032,2010-02-01,-1
4033,2010-02-02,-1
4034,2010-02-03,-1
4035,2010-02-04,-1
4036,2010-02-05,-1
4037,2010-02-08,-1
4038,2010-02-09,-1
4039,2010-02-10,-1
4040,2010-02-11,-1
4041,2010-02-12,-1
4042,2010-02-16,-1
4043,2010-02-17,-1
4044,2010-02-18,-1
4045,2010-02-19,-1
4046,2010-02-22,-1
4047,2010-02-23,0
4048,2010-02-24,-1
4049,2010-02-25,-1
4050,2010-02-26,-1
4051,2010-03-01,-1
4052,2010-03-02,-1
4053,2010-03-03,-1
4054,2010-03-04,-1
4055,2010-03-05,-1
4056,2010-03-08,-1
4057,2010-03-09,-1
4058,2010-03-10,-1
4059,2010-03-11,-1
4060,2010-03-12,0
4061,2010-03-15,-1
4062,2010-03-16,0
4063,2010-03-17,0
4064,2010-03-18,0
4065,2010-03-19,0
4066,2010-03-22,0
4067,2010-03-23,-1
4068,2010-03-24,0
4069,2010-03-25,0
4070,2010-03-26,0
4071,2010-03-29,0
4072,2010-03-30,0
4073,2010-03-31,0
4074,2010-04-01,0
4075,2010-04-05,0
4076,2010-04-06,0
4077,2010-04-07,0
4078,2010-04-08,0
4079,2010-04-09,0
4080,2010-04-12,0
4081,2010-04-13,0
4082,2010-04-14,0
4083,2010-04-15,0
4084,2010-04-16,0
4085,2010-04-19,0
4086,2010-04-20,0
4087,2010-04-21,0
4088,2010-04-22,0
4089,2010-04-23,-1
4090,2010-04-26,0
4091,2010-04-27,-1
4092,2010-04-28,-1
4093,2010-04-29,-1
4094,2010-04-30,-1
4095,2010-05-03,0
4096,2010-05-04,-1
4097,2010-05-05,-1
4098,2010-05-06,-1
4099,2010-05-07,-1
4100,2010-05-10,-1
4101,2010-05-11,-1
4102,2010-05-12,-1
4103,2010-05-13,-1
4104,2010-05-14,-1
4105,2010-05-17,-1
4106,2010-05-18,-1
4107,2010-05-19,-1
4108,2010-05-20,-1
4109,2010-05-21,-1
4110,2010-05-24,-1
4111,2010-05-25,-1
4112,2010-05-26,-1
4113,2010-05-27,-1
4114,2010-05-28,-1
4115,2010-06-01,-1
4116,2010-06-02,-1
4117,2010-06-03,-1
4118,2010-06-04,-1
4119,2010-06-07,-1
4120,2010-06-08,-1
4121,2010-06-09,-1
4122,2010-06-10,-1
4123,2010-06-11,-1
4124,2010-06-14,-1
4125,2010-06-15,-1
4126,2010-06-16,-1
4127,2010-06-17,-1
4128,2010-06-18,-1
4129,2010-06-21,-1
4130,2010-06-22,-1
4131,2010-06-23,-1
4132,2010-06-24,-1
4133,2010-06-25,-1
4134,2010-06-28,-1
4135,2010-06-29,-1
4136,2010-06-30,-1
4137,2010-07-01,-1
4138,2010-07-02,-1
4139,2010-07-06,-1
4140,2010-07-07,-1
4141,2010-07-08,-1
4142,2010-07-09,-1
4143,2010-07-12,-1
4144,2010-07-13,-1
4145,2010-07-14,-1
4146,2010-07-15,-1
4147,2010-07-16,-1
4148,2010-07-19,-1
4149,2010-07-20,-1
4150,2010-07-21,-1
4151,2010-07-22,-1
4152,2010-07-23,-1
4153,2010-07-26,-1
4154,2010-07-27,-1
4155,2010-07-28,0
4156,2010-07-29,0
4157,2010-07-30,0
4158,2010-08-02,-1
4159,2010-08-03,-1
4160,2010-08-04,-1
4161,2010-08-05,-1
4162,2010-08-06,-1
4163,2010-08-09,-1
4164,2010-08-10,-1
4165,2010-08-11,-1
4166,2010-08-12,-1
4167,2010-08-13,-1
4168,2010-08-16,0
4169,2010-08-17,0
4170,2010-08-18,-1
4171,2010-08-19,0
4172,2010-08-20,0
4173,2010-08-23,0
4174,2010-08-24,0
4175,2010-08-25,0
4176,2010-08-26,0
4177,2010-08-27,-1
4178,2010-08-30,-1
4179,2010-08-31,0
4180,2010-09-01,-1
4181,2010-09-02,-1
4182,2010-09-03,-1
4183,2010-09-07,-1
4184,2010-09-08,-1
4185,2010-09-09,0
4186,2010-09-10,0
4187,2010-09-13,-1
4188,2010-09-14,-1
4189,2010-09-15,-1
4190,2010-09-16,-1
4191,2010-09-17,-1
4192,2010-09-20,-1
4193,2010-09-21,-1
4194,2010-09-22,-1
4195,2010-09-23,-1
4196,2010-09-24,-1
4197,2010-09-27,-1
4198,2010-09-28,-1
4199,2010-09-29,-1
4200,2010-09-30,0
4201,2010-10-01,0
4202,2010-10-04,0
4203,2010-10-05,-1
4204,2010-10-06,-1
4205,2010-10-07,-1
4206,2010-10-08,-1
4207,2010-10-11,-1
4208,2010-10-12,-1
4209,2010-10-13,-1
4210,2010-10-14,-1
4211,2010-10-15,-1
4212,2010-10-18,-1
4213,2010-10-19,0
4214,2010-10-20,0
4215,2010-10-21,0
4216,2010-10-22,0
4217,2010-10-25,0
4218,2010-10-26,0
4219,2010-10-27,0
4220,2010-10-28,0
4221,2010-10-29,0
4222,2010-11-01,0
4223,2010-11-02,0
4224,2010-11-03,0
4225,2010-11-04,0
4226,2010-11-05,0
4227,2010-11-08,0
4228,2010-11-09,0
4229,2010-11-10,0
4230,2010-11-11,0
4231,2010-11-12,0
4232,2010-11-15,0
4233,2010-11-16,0
4234,2010-11-17,0
4235,2010-11-18,0
4236,2010-11-19,0
4237,2010-11-22,0
4238,2010-11-23,0
4239,2010-11-24,0
4240,2010-11-26,0
4241,2010-11-29,0
4242,2010-11-30,0
4243,2010-12-01,0
4244,2010-12-02,0
4245,2010-12-03,0
4246,2010-12-06,0
4247,2010-12-07,0
4248,2010-12-08,0
4249,2010-12-09,0
4250,2010-12-10,0
4251,2010-12-13,0
4252,2010-12-14,0
4253,2010-12-15,0
4254,2010-12-16,-1
4255,2010-12-17,0
4256,2010-12-20,0
4257,2010-12-21,0
4258,2010-12-22,-1
4259,2010-12-23,0
4260,2010-12-27,-1
4261,2010-12-28,-1
4262,2010-12-29,-1
4263,2010-12-30,-1
4264,2010-12-31,-1
4265,2011-01-03,-1
4266,2011-01-04,-1
4267,2011-01-05,-1
4268,2011-01-06,-1
4269,2011-01-07,-1
4270,2011-01-10,-1
4271,2011-01-11,-1
4272,2011-01-12,-1
4273,2011-01-13,-1
4274,2011-01-14,-1
4275,2011-01-18,-1
4276,2011-01-19,-1
4277,2011-01-20,-1
4278,2011-01-21,0
4279,2011-01-24,-1
4280,2011-01-25,0
4281,2011-01-26,0
4282,2011-01-27,0
4283,2011-01-28,-1
4284,2011-01-31,-1
4285,2011-02-01,0
4286,2011-02-02,-1
4287,2011-02-03,0
4288,2011-02-04,0
4289,2011-02-07,-1
4290,2011-02-08,-1
4291,2011-02-09,-1
4292,2011-02-10,-1
4293,2011-02-11,-1
4294,2011-02-14,-1
4295,2011-02-15,0
4296,2011-02-16,-1
4297,2011-02-17,-1
4298,2011-02-18,-1
4299,2011-02-22,-1
4300,2011-02-23,-1
4301,2011-02-24,-1
4302,2011-02-25,-1
4303,2011-02-28,-1
4304,2011-03-01,-1
4305,2011-03-02,-1
4306,2011-03-03,-1
4307,2011-03-04,-1
4308,2011-03-07,0
4309,2011-03-08,0
4310,2011-03-09,0
4311,2011-03-10,-1
4312,2011-03-11,0
4313,2011-03-14,0
4314,2011-03-15,0
4315,2011-03-16,0
4316,2011-03-17,0
4317,2011-03-18,0
4318,2011-03-21,0
4319,2011-03-22,0
4320,2011-03-23,0
4321,2011-03-24,0
4322,2011-03-25,0
4323,2011-03-28,0
4324,2011-03-29,0
4325,2011-03-30,0
4326,2011-03-31,0
4327,2011-04-01,0
4328,2011-04-04,-1
4329,2011-04-05,-1
4330,2011-04-06,-1
4331,2011-04-07,0
4332,2011-04-08,0
4333,2011-04-11,0
4334,2011-04-12,0
4335,2011-04-13,-1
4336,2011-04-14,-1
4337,2011-04-15,0
4338,2011-04-18,0
4339,2011-04-19,0
4340,2011-04-20,0
4341,2011-04-21,0
4342,2011-04-25,0
4343,2011-04-26,0
4344,2011-04-27,0
4345,2011-04-28,0
4346,2011-04-29,0
4347,2011-05-02,0
4348,2011-05-03,0
4349,2011-05-04,0
4350,2011-05-05,0
4351,2011-05-06,0
4352,2011-05-09,0
4353,2011-05-10,0
4354,2011-05-11,0
4355,2011-05-12,0
4356,2011-05-13,0
4357,2011-05-16,0
4358,2011-05-17,0
4359,2011-05-18,0
4360,2011-05-19,0
4361,2011-05-20,0
4362,2011-05-23,0
4363,2011-05-24,0
4364,2011-05-25,-1
4365,2011-05-26,-1
4366,2011-05-27,0
4367,2011-05-31,0
4368,2011-06-01,-1
4369,2011-06-02,0
4370,2011-06-03,0
4371,2011-06-06,0
4372,2011-06-07,0
4373,2011-06-08,0
4374,2011-06-09,0
4375,2011-06-10,-1
4376,2011-06-13,0
4377,2011-06-14,0
4378,2011-06-15,0
4379,2011-06-16,0
4380,2011-06-17,0
4381,2011-06-20,0
4382,2011-06-21,0
4383,2011-06-22,0
4384,2011-06-23,0
4385,2011-06-24,0
4386,2011-06-27,0
4387,2011-06-28,0
4388,2011-06-29,0
4389,2011-06-30,0
4390,2011-07-01,-1
4391,2011-07-05,0
4392,2011-07-06,-1
4393,2011-07-07,-1
4394,2011-07-08,-1
4395,2011-07-11,-1
4396,2011-07-12,-1
4397,2011-07-13,0
4398,2011-07-14,0
4399,2011-07-15,0
4400,2011-07-18,0
4401,2011-07-19,-1
4402,2011-07-20,0
4403,2011-07-21,-1
4404,2011-07-22,-1
4405,2011-07-25,-1
4406,2011-07-26,0
4407,2011-07-27,0
4408,2011-07-28,0
4409,2011-07-29,0
4410,2011-08-01,0
4411,2011-08-02,0
4412,2011-08-03,-1
4413,2011-08-04,-1
4414,2011-08-05,-1
4415,2011-08-08,-1
4416,2011-08-09,-1
4417,2011-08-10,-1
4418,2011-08-11,-1
4419,2011-08-12,-1
4420,2011-08-15,-1
4421,2011-08-16,-1
4422,2011-08-17,-1
4423,2011-08-18,-1
4424,2011-08-19,-1
4425,2011-08-22,-1
4426,2011-08-23,-1
4427,2011-08-24,-1
4428,2011-08-25,-1
4429,2011-08-26,-1
4430,2011-08-29,-1
4431,2011-08-30,-1
4432,2011-08-31,-1
4433,2011-09-01,-1
4434,2011-09-02,-1
4435,2011-09-06,-1
4436,2011-09-07,-1
4437,2011-09-08,-1
4438,2011-09-09,-1
4439,2011-09-12,-1
4440,2011-09-13,-1
4441,2011-09-14,-1
4442,2011-09-15,-1
4443,2011-09-16,-1
4444,2011-09-19,-1
4445,2011-09-20,-1
4446,2011-09-21,-1
4447,2011-09-22,-1
4448,2011-09-23,-1
4449,2011-09-26,-1
4450,2011-09-27,-1
4451,2011-09-28,-1
4452,2011-09-29,-1
4453,2011-09-30,-1
4454,2011-10-03,-1
4455,2011-10-04,-1
4456,2011-10-05,-1
4457,2011-10-06,-1
4458,2011-10-07,-1
4459,2011-10-10,-1
4460,2011-10-11,-1
4461,2011-10-12,-1
4462,2011-10-13,-1
4463,2011-10-14,-1
4464,2011-10-17,-1
4465,2011-10-18,-1
4466,2011-10-19,-1
4467,2011-10-20,-1
4468,2011-10-21,-1
4469,2011-10-24,-1
4470,2011-10-25,-1
4471,2011-10-26,-1
4472,2011-10-27,-1
4473,2011-10-28,-1
4474,2011-10-31,-1
4475,2011-11-01,-1
4476,2011-11-02,-1
4477,2011-11-03,-1
4478,2011-11-04,-1
4479,2011-11-07,-1
4480,2011-11-08,-1
4481,2011-11-09,-1
4482,2011-11-10,-1
4483,2011-11-11,-1
4484,2011-11-14,-1
4485,2011-11-15,-1
4486,2011-11-16,-1
4487,2011-11-17,-1
4488,2011-11-18,-1
4489,2011-11-21,-1
4490,2011-11-22,-1
4491,2011-11-23,-1
4492,2011-11-25,-1
4493,2011-11-28,-1
4494,2011-11-29,-1
4495,2011-11-30,-1
4496,2011-12-01,-1
4497,2011-12-02,-1
4498,2011-12-05,-1
4499,2011-12-06,-1
4500,2011-12-07,-1
4501,2011-12-08,-1
4502,2011-12-09,-1
4503,2011-12-12,-1
4504,2011-12-13,-1
4505,2011-12-14,-1
4506,2011-12-15,-1
4507,2011-12-16,-1
4508,2011-12-19,-1
4509,2011-12-20,-1
4510,2011-12-21,-1
4511,2011-12-22,-1
4512,2011-12-23,-1
4513,2011-12-27,-1
4514,2011-12-28,-1
4515,2011-12-29,0
4516,2011-12-30,0
4517,2012-01-03,-1
4518,2012-01-04,0
4519,2012-01-05,0
4520,2012-01-06,0
4521,2012-01-09,-1
4522,2012-01-10,-1
4523,2012-01-11,-1
4524,2012-01-12,-1
4525,2012-01-13,-1
4526,2012-01-17,-1
4527,2012-01-18,-1
4528,2012-01-19,-1
4529,2012-01-20,0
4530,2012-01-23,0
4531,2012-01-24,0
4532,2012-01-25,0
4533,2012-01-26,0
4534,2012-01-27,-1
4535,2012-01-30,0
4536,2012-01-31,0
4537,2012-02-01,0
4538,2012-02-02,0
4539,2012-02-03,0
4540,2012-02-06,-1
4541,2012-02-07,0
4542,2012-02-08,0
4543,2012-02-09,0
4544,2012-02-10,0
4545,2012-02-13,0
4546,2012-02-14,0
4547,2012-02-15,0
4548,2012-02-16,0
4549,2012-02-17,0
4550,2012-02-21,0
4551,2012-02-22,0
4552,2012-02-23,0
4553,2012-02-24,0
4554,2012-02-27,0
4555,2012-02-28,0
4556,2012-02-29,0
4557,2012-03-01,0
4558,2012-03-02,0
4559,2012-03-05,0
4560,2012-03-06,-1
4561,2012-03-07,-1
4562,2012-03-08,0
4563,2012-03-09,0
4564,2012-03-12,0
4565,2012-03-13,0
4566,2012-03-14,0
4567,2012-03-15,0
4568,2012-03-16,0
4569,2012-03-19,0
4570,2012-03-20,0
4571,2012-03-21,0
4572,2012-03-22,0
4573,2012-03-23,0
4574,2012-03-26,0
4575,2012-03-27,0
4576,2012-03-28,0
4577,2012-03-29,0
4578,2012-03-30,0
4579,2012-04-02,0
4580,2012-04-03,0
4581,2012-04-04,0
4582,2012-04-05,-1
4583,2012-04-09,-1
4584,2012-04-10,-1
4585,2012-04-11,-1
4586,2012-04-12,-1
4587,2012-04-13,-1
4588,2012-04-16,-1
4589,2012-04-17,-1
4590,2012-04-18,-1
4591,2012-04-19,-1
4592,2012-04-20,-1
4593,2012-04-23,-1
4594,2012-04-24,-1
4595,2012-04-25,-1
4596,2012-04-26,-1
4597,2012-04-27,-1
4598,2012-04-30,-1
4599,2012-05-01,-1
4600,2012-05-02,-1
4601,2012-05-03,0
4602,2012-05-04,-1
4603,2012-05-07,-1
4604,2012-05-08,0
4605,2012-05-09,-1
4606,2012-05-10,-1
4607,2012-05-11,-1
4608,2012-05-14,-1
4609,2012-05-15,-1
4610,2012-05-16,-1
4611,2012-05-17,-1
4612,2012-05-18,-1
4613,2012-05-21,-1
4614,2012-05-22,-1
4615,2012-05-23,-1
4616,2012-05-24,-1
4617,2012-05-25,-1
4618,2012-05-29,-1
4619,2012-05-30,-1
4620,2012-05-31,-1
4621,2012-06-01,-1
4622,2012-06-04,-1
4623,2012-06-05,-1
4624,2012-06-06,-1
4625,2012-06-07,-1
4626,2012-06-08,0
4627,2012-06-11,-1
4628,2012-06-12,0
4629,2012-06-13,0
4630,2012-06-14,0
4631,2012-06-15,-1
4632,2012-06-18,-1
4633,2012-06-19,-1
4634,2012-06-20,-1
4635,2012-06-21,-1
4636,2012-06-22,-1
4637,2012-06-25,-1
4638,2012-06-26,-1
4639,2012-06-27,-1
4640,2012-06-28,-1
4641,2012-06-29,-1
4642,2012-07-02,-1
4643,2012-07-03,-1
4644,2012-07-05,-1
4645,2012-07-06,-1
4646,2012-07-09,-1
4647,2012-07-10,-1
4648,2012-07-11,-1
4649,2012-07-12,-1
4650,2012-07-13,-1
4651,2012-07-16,-1
4652,2012-07-17,-1
4653,2012-07-18,-1
4654,2012-07-19,0
4655,2012-07-20,-1
4656,2012-07-23,-1
4657,2012-07-24,-1
4658,2012-07-25,-1
4659,2012-07-26,-1
4660,2012-07-27,-1
4661,2012-07-30,-1
4662,2012-07-31,-1
4663,2012-08-01,-1
4664,2012-08-02,-1
4665,2012-08-03,-1
4666,2012-08-06,-1
4667,2012-08-07,-1
4668,2012-08-08,-1
4669,2012-08-09,-1
4670,2012-08-10,-1
4671,2012-08-13,-1
4672,2012-08-14,-1
4673,2012-08-15,-1
4674,2012-08-16,-1
4675,2012-08-17,-1
4676,2012-08-20,-1
4677,2012-08-21,-1
4678,2012-08-22,-1
4679,2012-08-23,-1
4680,2012-08-24,-1
4681,2012-08-27,-1
4682,2012-08-28,-1
4683,2012-08-29,-1
4684,2012-08-30,-1
4685,2012-08-31,-1
4686,2012-09-04,-1
4687,2012-09-05,-1
4688,2012-09-06,-1
4689,2012-09-07,-1
4690,2012-09-10,-1
4691,2012-09-11,-1
4692,2012-09-12,-1
4693,2012-09-13,-1
4694,2012-09-14,-1
4695,2012-09-17,-1
4696,2012-09-18,-1
4697,2012-09-19,-1
4698,2012-09-20,-1
4699,2012-09-21,-1
4700,2012-09-24,-1
4701,2012-09-25,-1
4702,2012-09-26,-1
4703,2012-09-27,-1
4704,2012-09-28,-1
4705,2012-10-01,-1
4706,2012-10-02,-1
4707,2012-10-03,-1
4708,2012-10-04,0
4709,2012-10-05,0
4710,2012-10-08,0
4711,2012-10-09,0
4712,2012-10-10,0
4713,2012-10-11,-1
4714,2012-10-12,-1
4715,2012-10-15,0
4716,2012-10-16,0
4717,2012-10-17,0
4718,2012-10-18,0
4719,2012-10-19,0
4720,2012-10-22,0
4721,2012-10-23,0
4722,2012-10-24,0
4723,2012-10-25,0
4724,2012-10-26,0
4725,2012-10-31,0
4726,2012-11-01,0
4727,2012-11-02,0
4728,2012-11-05,0
4729,2012-11-06,0
4730,2012-11-07,0
4731,2012-11-08,0
4732,2012-11-09,0
4733,2012-11-12,-1
4734,2012-11-13,0
4735,2012-11-14,-1
4736,2012-11-15,-1
4737,2012-11-16,-1
4738,2012-11-19,0
4739,2012-11-20,0
4740,2012-11-21,0
4741,2012-11-23,0
4742,2012-11-26,0
4743,2012-11-27,0
4744,2012-11-28,0
4745,2012-11-29,0
4746,2012-11-30,0
4747,2012-12-03,0
4748,2012-12-04,0
4749,2012-12-05,0
4750,2012-12-06,0
4751,2012-12-07,0
4752,2012-12-10,0
4753,2012-12-11,0
4754,2012-12-12,0
4755,2012-12-13,0
4756,2012-12-14,0
4757,2012-12-17,0
4758,2012-12-18,0
4759,2012-12-19,0
4760,2012-12-20,0
4761,2012-12-21,0
4762,2012-12-24,0
4763,2012-12-26,0
4764,2012-12-27,0
4765,2012-12-28,0
4766,2012-12-31,0
4767,2013-01-02,-1
4768,2013-01-03,-1
4769,2013-01-04,-1
4770,2013-01-07,-1
4771,2013-01-08,-1
4772,2013-01-09,-1
4773,2013-01-10,-1
4774,2013-01-11,-1
4775,2013-01-14,-1
4776,2013-01-15,-1
4777,2013-01-16,-1
4778,2013-01-17,-1
4779,2013-01-18,-1
4780,2013-01-22,-1
4781,2013-01-23,-1
4782,2013-01-24,-1
4783,2013-01-25,-1
4784,2013-01-28,-1
4785,2013-01-29,-1
4786,2013-01-30,-1
4787,2013-01-31,0
4788,2013-02-01,0
4789,2013-02-04,0
4790,2013-02-05,0
4791,2013-02-06,0
4792,2013-02-07,0
4793,2013-02-08,0
4794,2013-02-11,0
4795,2013-02-12,0
4796,2013-02-13,0
4797,2013-02-14,0
4798,2013-02-15,0
4799,2013-02-19,0
4800,2013-02-20,0
4801,2013-02-21,0
4802,2013-02-22,0
4803,2013-02-25,0
4804,2013-02-26,0
4805,2013-02-27,0
4806,2013-02-28,0
4807,2013-03-01,0
4808,2013-03-04,0
4809,2013-03-05,0
4810,2013-03-06,0
4811,2013-03-07,0
4812,2013-03-08,0
4813,2013-03-11,0
4814,2013-03-12,0
4815,2013-03-13,0
4816,2013-03-14,0
4817,2013-03-15,0
4818,2013-03-18,0
4819,2013-03-19,0
4820,2013-03-20,-1
4821,2013-03-21,0
4822,2013-03-22,-1
4823,2013-03-25,0
4824,2013-03-26,0
4825,2013-03-27,0
4826,2013-03-28,0
4827,2013-04-01,0
4828,2013-04-02,0
4829,2013-04-03,0
4830,2013-04-04,0
4831,2013-04-05,0
4832,2013-04-08,0
4833,2013-04-09,0
4834,2013-04-10,0
4835,2013-04-11,0
4836,2013-04-12,0
4837,2013-04-15,0
4838,2013-04-16,0
4839,2013-04-17,0
4840,2013-04-18,0
4841,2013-04-19,0
4842,2013-04-22,0
4843,2013-04-23,0
4844,2013-04-24,0
4845,2013-04-25,0
4846,2013-04-26,0
4847,2013-04-29,0
4848,2013-04-30,0
4849,2013-05-01,0
4850,2013-05-02,0
4851,2013-05-03,-1
4852,2013-05-06,-1
4853,2013-05-07,-1
4854,2013-05-08,0
4855,2013-05-09,0
4856,2013-05-10,0
4857,2013-05-13,0
4858,2013-05-14,0
4859,2013-05-15,-1
4860,2013-05-16,-1
4861,2013-05-17,-1
4862,2013-05-20,-1
4863,2013-05-21,0
4864,2013-05-22,0
4865,2013-05-23,0
4866,2013-05-24,0
4867,2013-05-28,0
4868,2013-05-29,0
4869,2013-05-30,0
4870,2013-05-31,0
4871,2013-06-03,0
4872,2013-06-04,0
4873,2013-06-05,0
4874,2013-06-06,0
4875,2013-06-07,0
4876,2013-06-10,0
4877,2013-06-11,0
4878,2013-06-12,0
4879,2013-06-13,0
4880,2013-06-14,0
4881,2013-06-17,0
4882,2013-06-18,0
4883,2013-06-19,0
4884,2013-06-20,0
4885,2013-06-21,0
4886,2013-06-24,-1
4887,2013-06-25,0
4888,2013-06-26,0
4889,2013-06-27,0
4890,2013-06-28,0
4891,2013-07-01,0
4892,2013-07-02,-1
4893,2013-07-03,-1
4894,2013-07-05,-1
4895,2013-07-08,0
4896,2013-07-09,0
4897,2013-07-10,-1
4898,2013-07-11,-1
4899,2013-07-12,-1
4900,2013-07-15,-1
4901,2013-07-16,-1
4902,2013-07-17,-1
4903,2013-07-18,-1
4904,2013-07-19,0
4905,2013-07-22,0
4906,2013-07-23,-1
4907,2013-07-24,0
4908,2013-07-25,0
4909,2013-07-26,0
4910,2013-07-29,0
4911,2013-07-30,0
4912,2013-07-31,0
4913,2013-08-01,0
4914,2013-08-02,0
4915,2013-08-05,0
4916,2013-08-06,0
4917,2013-08-07,0
4918,2013-08-08,0
4919,2013-08-09,-1
4920,2013-08-12,-1
4921,2013-08-13,-1
4922,2013-08-14,-1
4923,2013-08-15,-1
4924,2013-08-16,-1
4925,2013-08-19,-1
4926,2013-08-20,-1
4927,2013-08-21,-1
4928,2013-08-22,-1
4929,2013-08-23,-1
4930,2013-08-26,-1
4931,2013-08-27,0
4932,2013-08-28,0
4933,2013-08-29,0
4934,2013-08-30,-1
4935,2013-09-03,-1
4936,2013-09-04,0
4937,2013-09-05,0
4938,2013-09-06,0
4939,2013-09-09,0
4940,2013-09-10,0
4941,2013-09-11,0
4942,2013-09-12,0
4943,2013-09-13,0
4944,2013-09-16,0
4945,2013-09-17,0
4946,2013-09-18,0
4947,2013-09-19,-1
4948,2013-09-20,0
4949,2013-09-23,0
4950,2013-09-24,0
4951,2013-09-25,0
4952,2013-09-26,0
4953,2013-09-27,0
4954,2013-09-30,0
4955,2013-10-01,0
4956,2013-10-02,0
4957,2013-10-03,0
4958,2013-10-04,0
4959,2013-10-07,0
4960,2013-10-08,0
4961,2013-10-09,0
4962,2013-10-10,-1
4963,2013-10-11,-1
4964,2013-10-14,-1
4965,2013-10-15,-1
4966,2013-10-16,-1
4967,2013-10-17,-1
4968,2013-10-18,0
4969,2013-10-21,0
4970,2013-10-22,0
4971,2013-10-23,0
4972,2013-10-24,0
4973,2013-10-25,0
4974,2013-10-28,0
4975,2013-10-29,0
4976,2013-10-30,0
4977,2013-10-31,0
4978,2013-11-01,0
4979,2013-11-04,0
4980,2013-11-05,-1
4981,2013-11-06,-1
4982,2013-11-07,0
4983,2013-11-08,0
4984,2013-11-11,0
4985,2013-11-12,0
4986,2013-11-13,0
4987,2013-11-14,0
4988,2013-11-15,0
4989,2013-11-18,0
4990,2013-11-19,0
4991,2013-11-20,0
4992,2013-11-21,0
4993,2013-11-22,0
4994,2013-11-25,0
4995,2013-11-26,0
4996,2013-11-27,0
4997,2013-11-29,0
4998,2013-12-02,0
4999,2013-12-03,0
5000,2013-12-04,0
5001,2013-12-05,0
5002,2013-12-06,0
5003,2013-12-09,0
5004,2013-12-10,0
5005,2013-12-11,0
5006,2013-12-12,0
5007,2013-12-13,0
5008,2013-12-16,0
5009,2013-12-17,0
5010,2013-12-18,0
5011,2013-12-19,0
5012,2013-12-20,0
5013,2013-12-23,0
5014,2013-12-24,0
5015,2013-12-26,0
5016,2013-12-27,0
5017,2013-12-30,0
5018,2013-12-31,0
5019,2014-01-02,0
5020,2014-01-03,0
5021,2014-01-06,0
5022,2014-01-07,0
5023,2014-01-08,0
5024,2014-01-09,0
5025,2014-01-10,0
5026,2014-01-13,0
5027,2014-01-14,0
5028,2014-01-15,0
5029,2014-01-16,0
5030,2014-01-17,0
5031,2014-01-21,0
5032,2014-01-22,0
5033,2014-01-23,0
5034,2014-01-24,-1
5035,2014-01-27,0
5036,2014-01-28,0
5037,2014-01-29,0
5038,2014-01-30,0
5039,2014-01-31,0
5040,2014-02-03,-1
5041,2014-02-04,-1
5042,2014-02-05,-1
5043,2014-02-06,0
5044,2014-02-07,0
5045,2014-02-10,0
5046,2014-02-11,0
5047,2014-02-12,0
5048,2014-02-13,0
5049,2014-02-14,0
5050,2014-02-18,-1
5051,2014-02-19,0
5052,2014-02-20,0
5053,2014-02-21,-1
5054,2014-02-24,-1
5055,2014-02-25,-1
5056,2014-02-26,-1
5057,2014-02-27,-1
5058,2014-02-28,-1
5059,2014-03-03,-1
5060,2014-03-04,-1
5061,2014-03-05,0
5062,2014-03-06,0
5063,2014-03-07,0
5064,2014-03-10,0
5065,2014-03-11,0
5066,2014-03-12,0
5067,2014-03-13,0
5068,2014-03-14,0
5069,2014-03-17,0
5070,2014-03-18,0
5071,2014-03-19,0
5072,2014-03-20,0
5073,2014-03-21,0
5074,2014-03-24,0
5075,2014-03-25,0
5076,2014-03-26,0
5077,2014-03-27,0
5078,2014-03-28,0
5079,2014-03-31,0
5080,2014-04-01,0
5081,2014-04-02,0
5082,2014-04-03,0
5083,2014-04-04,0
5084,2014-04-07,0
5085,2014-04-08,0
5086,2014-04-09,0
5087,2014-04-10,0
5088,2014-04-11,0
5089,2014-04-14,0
5090,2014-04-15,0
5091,2014-04-16,0
5092,2014-04-17,0
5093,2014-04-21,0
5094,2014-04-22,0
5095,2014-04-23,0
5096,2014-04-24,0
5097,2014-04-25,0
5098,2014-04-28,0
5099,2014-04-29,0
5100,2014-04-30,0
5101,2014-05-01,0
5102,2014-05-02,0
5103,2014-05-05,0
5104,2014-05-06,0
5105,2014-05-07,0
5106,2014-05-08,0
5107,2014-05-09,0
5108,2014-05-12,0
5109,2014-05-13,0
5110,2014-05-14,0
5111,2014-05-15,0
5112,2014-05-16,0
5113,2014-05-19,0
5114,2014-05-20,0
5115,2014-05-21,0
5116,2014-05-22,0
5117,2014-05-23,0
5118,2014-05-27,0
5119,2014-05-28,0
5120,2014-05-29,0
5121,2014-05-30,0
5122,2014-06-02,0
5123,2014-06-03,0
5124,2014-06-04,0
5125,2014-06-05,0
5126,2014-06-06,0
5127,2014-06-09,0
5128,2014-06-10,-1
5129,2014-06-11,0
5130,2014-06-12,0
5131,2014-06-13,0
5132,2014-06-16,0
5133,2014-06-17,0
5134,2014-06-18,-1
5135,2014-06-19,-1
5136,2014-06-20,0
5137,2014-06-23,0
5138,2014-06-24,0
5139,2014-06-25,0
5140,2014-06-26,0
5141,2014-06-27,0
5142,2014-06-30,0
5143,2014-07-01,0
5144,2014-07-02,0
5145,2014-07-03,0
5146,2014-07-07,0
5147,2014-07-08,0
5148,2014-07-09,0
5149,2014-07-10,0
5150,2014-07-11,0
5151,2014-07-14,0
5152,2014-07-15,0
5153,2014-07-16,0
5154,2014-07-17,0
5155,2014-07-18,0
5156,2014-07-21,0
5157,2014-07-22,0
5158,2014-07-23,0
5159,2014-07-24,0
5160,2014-07-25,0
5161,2014-07-28,0
5162,2014-07-29,0
5163,2014-07-30,0
5164,2014-07-31,-1
5165,2014-08-01,-1
5166,2014-08-04,0
5167,2014-08-05,0
5168,2014-08-06,0
5169,2014-08-07,0
5170,2014-08-08,0
5171,2014-08-11,0
5172,2014-08-12,0
5173,2014-08-13,0
5174,2014-08-14,0
5175,2014-08-15,0
5176,2014-08-18,0
5177,2014-08-19,0
5178,2014-08-20,0
5179,2014-08-21,0
5180,2014-08-22,0
5181,2014-08-25,0
5182,2014-08-26,0
5183,2014-08-27,0
5184,2014-08-28,0
5185,2014-08-29,0
5186,2014-09-02,0
5187,2014-09-03,0
5188,2014-09-04,0
5189,2014-09-05,-1
5190,2014-09-08,0
5191,2014-09-09,0
5192,2014-09-10,0
5193,2014-09-11,0
5194,2014-09-12,0
5195,2014-09-15,0
5196,2014-09-16,0
5197,2014-09-17,0
5198,2014-09-18,0
5199,2014-09-19,0
5200,2014-09-22,0
5201,2014-09-23,0
5202,2014-09-24,0
5203,2014-09-25,0
5204,2014-09-26,0
5205,2014-09-29,0
5206,2014-09-30,0
5207,2014-10-01,0
5208,2014-10-02,0
5209,2014-10-03,0
5210,2014-10-06,0
5211,2014-10-07,0
5212,2014-10-08,0
5213,2014-10-09,0
5214,2014-10-10,0
5215,2014-10-13,-1
5216,2014-10-14,-1
5217,2014-10-15,-1
5218,2014-10-16,-1
5219,2014-10-17,-1
5220,2014-10-20,-1
5221,2014-10-21,-1
5222,2014-10-22,-1
5223,2014-10-23,-1
5224,2014-10-24,-1
5225,2014-10-27,-1
5226,2014-10-28,-1
5227,2014-10-29,-1
5228,2014-10-30,-1
5229,2014-10-31,-1
5230,2014-11-03,-1
5231,2014-11-04,-1
5232,2014-11-05,-1
5233,2014-11-06,-1
5234,2014-11-07,-1
5235,2014-11-10,-1
5236,2014-11-11,-1
5237,2014-11-12,-1
5238,2014-11-13,-1
5239,2014-11-14,-1
5240,2014-11-17,-1
5241,2014-11-18,0
5242,2014-11-19,-1
5243,2014-11-20,0
5244,2014-11-21,0
5245,2014-11-24,-1
5246,2014-11-25,0
5247,2014-11-26,0
5248,2014-11-28,0
5249,2014-12-01,0
5250,2014-12-02,0
5251,2014-12-03,0
5252,2014-12-04,0
5253,2014-12-05,0
5254,2014-12-08,0
5255,2014-12-09,0
5256,2014-12-10,-1
5257,2014-12-11,-1
5258,2014-12-12,-1
5259,2014-12-15,-1
5260,2014-12-16,-1
5261,2014-12-17,0
5262,2014-12-18,-1
5263,2014-12-19,-1
5264,2014-12-22,-1
5265,2014-12-23,-1
5266,2014-12-24,-1
5267,2014-12-26,-1
5268,2014-12-29,-1
5269,2014-12-30,-1
5270,2014-12-31,-1
5271,2015-01-02,-1
5272,2015-01-05,-1
5273,2015-01-06,-1
5274,2015-01-07,-1
5275,2015-01-08,-1
5276,2015-01-09,-1
5277,2015-01-12,-1
5278,2015-01-13,-1
5279,2015-01-14,-1
5280,2015-01-15,-1
5281,2015-01-16,-1
5282,2015-01-20,-1
5283,2015-01-21,0
5284,2015-01-22,0
5285,2015-01-23,-1
5286,2015-01-26,-1
5287,2015-01-27,-1
5288,2015-01-28,-1
5289,2015-01-29,0
5290,2015-01-30,0
5291,2015-02-02,0
5292,2015-02-03,-1
5293,2015-02-04,0
5294,2015-02-05,0
5295,2015-02-06,0
5296,2015-02-09,0
5297,2015-02-10,0
5298,2015-02-11,0
5299,2015-02-12,0
5300,2015-02-13,-1
5301,2015-02-17,0
5302,2015-02-18,0
5303,2015-02-19,0
5304,2015-02-20,0
5305,2015-02-23,0
5306,2015-02-24,0
5307,2015-02-25,0
5308,2015-02-26,0
5309,2015-02-27,0
5310,2015-03-02,0
5311,2015-03-03,0
5312,2015-03-04,0
5313,2015-03-05,0
5314,2015-03-06,0
5315,2015-03-09,0
5316,2015-03-10,0
5317,2015-03-11,0
5318,2015-03-12,0
5319,2015-03-13,0
5320,2015-03-16,0
5321,2015-03-17,0
5322,2015-03-18,0
5323,2015-03-19,0
5324,2015-03-20,0
5325,2015-03-23,0
5326,2015-03-24,0
5327,2015-03-25,0
5328,2015-03-26,0
5329,2015-03-27,0
5330,2015-03-30,0
5331,2015-03-31,0
5332,2015-04-01,0
5333,2015-04-02,0
5334,2015-04-06,0
5335,2015-04-07,0
5336,2015-04-08,0
5337,2015-04-09,0
5338,2015-04-10,0
5339,2015-04-13,0
5340,2015-04-14,0
5341,2015-04-15,0
5342,2015-04-16,0
5343,2015-04-17,0
5344,2015-04-20,0
5345,2015-04-21,0
5346,2015-04-22,0
5347,2015-04-23,0
5348,2015-04-24,0
5349,2015-04-27,0
5350,2015-04-28,0
5351,2015-04-29,0
5352,2015-04-30,0
5353,2015-05-01,0
5354,2015-05-04,0
5355,2015-05-05,0
5356,2015-05-06,0
5357,2015-05-07,0
5358,2015-05-08,0
5359,2015-05-11,0
5360,2015-05-12,0
5361,2015-05-13,0
5362,2015-05-14,0
5363,2015-05-15,0
5364,2015-05-18,0
5365,2015-05-19,0
5366,2015-05-20,0
5367,2015-05-21,0
5368,2015-05-22,0
5369,2015-05-26,0
5370,2015-05-27,0
5371,2015-05-28,0
5372,2015-05-29,0
5373,2015-06-01,0
5374,2015-06-02,0
5375,2015-06-03,0
5376,2015-06-04,0
5377,2015-06-05,0
5378,2015-06-08,0
5379,2015-06-09,0
5380,2015-06-10,0
5381,2015-06-11,0
5382,2015-06-12,0
5383,2015-06-15,0
5384,2015-06-16,0
5385,2015-06-17,0
5386,2015-06-18,0
5387,2015-06-19,0
5388,2015-06-22,0
5389,2015-06-23,0
5390,2015-06-24,0
5391,2015-06-25,0
5392,2015-06-26,0
5393,2015-06-29,0
5394,2015-06-30,0
5395,2015-07-01,0
5396,2015-07-02,0
5397,2015-07-06,0
5398,2015-07-07,0
5399,2015-07-08,0
5400,2015-07-09,-1
5401,2015-07-10,0
5402,2015-07-13,0
5403,2015-07-14,0
5404,2015-07-15,0
5405,2015-07-16,0
5406,2015-07-17,0
5407,2015-07-20,0
5408,2015-07-21,0
5409,2015-07-22,0
5410,2015-07-23,0
5411,2015-07-24,0
5412,2015-07-27,0
5413,2015-07-28,0
5414,2015-07-29,0
5415,2015-07-30,0
5416,2015-07-31,0
5417,2015-08-03,0
5418,2015-08-04,0
5419,2015-08-05,0
5420,2015-08-06,0
5421,2015-08-07,0
5422,2015-08-10,0
5423,2015-08-11,0
5424,2015-08-12,0
5425,2015-08-13,-1
5426,2015-08-14,-1
5427,2015-08-17,0
5428,2015-08-18,0
5429,2015-08-19,0
5430,2015-08-20,0
5431,2015-08-21,-1
5432,2015-08-24,-1
5433,2015-08-25,-1
5434,2015-08-26,-1
5435,2015-08-27,-1
5436,2015-08-28,-1
5437,2015-08-31,-1
5438,2015-09-01,-1
5439,2015-09-02,-1
5440,2015-09-03,-1
5441,2015-09-04,-1
5442,2015-09-08,-1
5443,2015-09-09,-1
5444,2015-09-10,-1
5445,2015-09-11,-1
5446,2015-09-14,-1
5447,2015-09-15,-1
5448,2015-09-16,-1
5449,2015-09-17,-1
5450,2015-09-18,-1
5451,2015-09-21,-1
5452,2015-09-22,-1
5453,2015-09-23,-1
5454,2015-09-24,-1
5455,2015-09-25,-1
5456,2015-09-28,-1
5457,2015-09-29,-1
5458,2015-09-30,-1
5459,2015-10-01,0
5460,2015-10-02,-1
5461,2015-10-05,-1
5462,2015-10-06,-1
5463,2015-10-07,-1
5464,2015-10-08,-1
5465,2015-10-09,-1
5466,2015-10-12,-1
5467,2015-10-13,-1
5468,2015-10-14,-1
5469,2015-10-15,-1
5470,2015-10-16,-1
5471,2015-10-19,-1
5472,2015-10-20,-1
5473,2015-10-21,-1
5474,2015-10-22,-1
5475,2015-10-23,-1
5476,2015-10-26,-1
5477,2015-10-27,-1
5478,2015-10-28,-1
5479,2015-10-29,-1
5480,2015-10-30,-1
5481,2015-11-02,0
5482,2015-11-03,0
5483,2015-11-04,0
5484,2015-11-05,0
5485,2015-11-06,0
5486,2015-11-09,0
5487,2015-11-10,0
5488,2015-11-11,0
5489,2015-11-12,0
5490,2015-11-13,-1
5491,2015-11-16,0
5492,2015-11-17,0
5493,2015-11-18,0
5494,2015-11-19,0
5495,2015-11-20,0
5496,2015-11-23,0
5497,2015-11-24,0
5498,2015-11-25,-1
5499,2015-11-27,-1
5500,2015-11-30,-1
5501,2015-12-01,-1
5502,2015-12-02,-1
5503,2015-12-03,-1
5504,2015-12-04,0
5505,2015-12-07,0
5506,2015-12-08,0
5507,2015-12-09,-1
5508,2015-12-10,0
5509,2015-12-11,0
5510,2015-12-14,0
5511,2015-12-15,0
5512,2015-12-16,0
5513,2015-12-17,0
5514,2015-12-18,0
5515,2015-12-21,0
5516,2015-12-22,0
5517,2015-12-23,0
5518,2015-12-24,0
5519,2015-12-28,0
5520,2015-12-29,0
5521,2015-12-30,0
5522,2015-12-31,0
5523,2016-01-04,0
5524,2016-01-05,-1
5525,2016-01-06,-1
5526,2016-01-07,-1
5527,2016-01-08,-1
5528,2016-01-11,-1
5529,2016-01-12,-1
5530,2016-01-13,-1
5531,2016-01-14,-1
5532,2016-01-15,-1
5533,2016-01-19,-1
5534,2016-01-20,-1
5535,2016-01-21,-1
5536,2016-01-22,-1
5537,2016-01-25,-1
5538,2016-01-26,-1
5539,2016-01-27,-1
5540,2016-01-28,-1
5541,2016-01-29,-1
5542,2016-02-01,-1
5543,2016-02-02,1
5544,2016-02-03,1
5545,2016-02-04,1
5546,2016-02-05,-1
5547,2016-02-08,-1
5548,2016-02-09,-1
5549,2016-02-10,-1
5550,2016-02-11,-1
5551,2016-02-12,-1
5552,2016-02-16,-1
5553,2016-02-17,-1
5554,2016-02-18,-1
5555,2016-02-19,-1
5556,2016-02-22,-1
5557,2016-02-23,-1
5558,2016-02-24,-1
5559,2016-02-25,-1
5560,2016-02-26,-1
5561,2016-02-29,0
5562,2016-03-01,0
5563,2016-03-02,-1
5564,2016-03-03,-1
5565,2016-03-04,-1
5566,2016-03-07,0
5567,2016-03-08,-1
5568,2016-03-09,-1
5569,2016-03-10,-1
5570,2016-03-11,-1
5571,2016-03-14,-1
5572,2016-03-15,0
5573,2016-03-16,0
5574,2016-03-17,-1
5575,2016-03-18,0
5576,2016-03-21,0
5577,2016-03-22,-1
5578,2016-03-23,0
5579,2016-03-24,0
5580,2016-03-28,0
5581,2016-03-29,-1
5582,2016-03-30,0
5583,2016-03-31,0
5584,2016-04-01,0
5585,2016-04-04,0
5586,2016-04-05,0
5587,2016-04-06,0
5588,2016-04-07,0
5589,2016-04-08,0
5590,2016-04-11,0
5591,2016-04-12,0
5592,2016-04-13,0
5593,2016-04-14,0
5594,2016-04-15,0
5595,2016-04-18,0
5596,2016-04-19,0
5597,2016-04-20,0
5598,2016-04-21,0
5599,2016-04-22,0
5600,2016-04-25,0
5601,2016-04-26,0
5602,2016-04-27,0
5603,2016-04-28,0
5604,2016-04-29,0
5605,2016-05-02,0
5606,2016-05-03,0
5607,2016-05-04,-1
5608,2016-05-05,0
5609,2016-05-06,0
5610,2016-05-09,0
5611,2016-05-10,0
5612,2016-05-11,-1
5613,2016-05-12,-1
5614,2016-05-13,-1
5615,2016-05-16,-1
5616,2016-05-17,-1
5617,2016-05-18,-1
5618,2016-05-19,-1
5619,2016-05-20,-1
5620,2016-05-23,-1
5621,2016-05-24,0
5622,2016-05-25,0
5623,2016-05-26,0
5624,2016-05-27,0
5625,2016-05-31,0
5626,2016-06-01,0
5627,2016-06-02,0
5628,2016-06-03,0
5629,2016-06-06,0
5630,2016-06-07,0
5631,2016-06-08,0
5632,2016-06-09,0
5633,2016-06-10,0
5634,2016-06-13,0
5635,2016-06-14,0
5636,2016-06-15,0
5637,2016-06-16,0
5638,2016-06-17,0
5639,2016-06-20,0
5640,2016-06-21,0
5641,2016-06-22,-1
5642,2016-06-23,0
5643,2016-06-24,-1
5644,2016-06-27,-1
5645,2016-06-28,-1
5646,2016-06-29,-1
5647,2016-06-30,-1
5648,2016-07-01,-1
5649,2016-07-05,-1
5650,2016-07-06,-1
5651,2016-07-07,-1
5652,2016-07-08,-1
5653,2016-07-11,-1
5654,2016-07-12,-1
5655,2016-07-13,-1
5656,2016-07-14,-1
5657,2016-07-15,-1
5658,2016-07-18,-1
5659,2016-07-19,-1
5660,2016-07-20,-1
5661,2016-07-21,-1
5662,2016-07-22,-1
5663,2016-07-25,-1
5664,2016-07-26,-1
5665,2016-07-27,-1
5666,2016-07-28,0
5667,2016-07-29,0
5668,2016-08-01,0
5669,2016-08-02,-1
5670,2016-08-03,-1
5671,2016-08-04,-1
5672,2016-08-05,0
5673,2016-08-08,-1
5674,2016-08-09,-1
5675,2016-08-10,-1
5676,2016-08-11,-1
5677,2016-08-12,-1
5678,2016-08-15,-1
5679,2016-08-16,-1
5680,2016-08-17,-1
5681,2016-08-18,-1
5682,2016-08-19,-1
5683,2016-08-22,-1
5684,2016-08-23,-1
5685,2016-08-24,-1
5686,2016-08-25,-1
5687,2016-08-26,-1
5688,2016-08-29,-1
5689,2016-08-30,-1
5690,2016-08-31,-1
5691,2016-09-01,-1
5692,2016-09-02,-1
5693,2016-09-06,-1
5694,2016-09-07,-1
5695,2016-09-08,-1
5696,2016-09-09,-1
5697,2016-09-12,-1
5698,2016-09-13,-1
5699,2016-09-14,-1
5700,2016-09-15,-1
5701,2016-09-16,-1
5702,2016-09-19,-1
5703,2016-09-20,-1
5704,2016-09-21,0
5705,2016-09-22,0
5706,2016-09-23,0
5707,2016-09-26,0
5708,2016-09-27,0
5709,2016-09-28,0
5710,2016-09-29,0
5711,2016-09-30,0
5712,2016-10-03,0
5713,2016-10-04,0
5714,2016-10-05,0
5715,2016-10-06,0
5716,2016-10-07,0
5717,2016-10-10,0
5718,2016-10-11,0
5719,2016-10-12,0
5720,2016-10-13,0
5721,2016-10-14,0
5722,2016-10-17,0
5723,2016-10-18,0
5724,2016-10-19,0
5725,2016-10-20,0
5726,2016-10-21,0
5727,2016-10-24,0
5728,2016-10-25,0
5729,2016-10-26,-1
5730,2016-10-27,0
5731,2016-10-28,-1
5732,2016-10-31,-1
5733,2016-11-01,-1
5734,2016-11-02,-1
5735,2016-11-03,-1
5736,2016-11-04,-1
5737,2016-11-07,-1
5738,2016-11-08,-1
5739,2016-11-09,-1
5740,2016-11-10,-1
5741,2016-11-11,-1
5742,2016-11-14,-1
5743,2016-11-15,-1
5744,2016-11-16,-1
5745,2016-11-17,-1
5746,2016-11-18,-1
5747,2016-11-21,-1
5748,2016-11-22,-1
5749,2016-11-23,-1
5750,2016-11-25,-1
5751,2016-11-28,-1
5752,2016-11-29,0
5753,2016-11-30,-1
5754,2016-12-01,-1
5755,2016-12-02,-1
5756,2016-12-05,-1
5757,2016-12-06,0
5758,2016-12-07,0
5759,2016-12-08,0
5760,2016-12-09,0
5761,2016-12-12,0
5762,2016-12-13,0
5763,2016-12-14,0
5764,2016-12-15,0
5765,2016-12-16,0
5766,2016-12-19,0
5767,2016-12-20,0
5768,2016-12-21,0
5769,2016-12-22,0
5770,2016-12-23,0
5771,2016-12-27,0
5772,2016-12-28,0
5773,2016-12-29,0
5774,2016-12-30,0
5775,2017-01-03,0
5776,2017-01-04,0
5777,2017-01-05,0
5778,2017-01-06,0
5779,2017-01-09,0
5780,2017-01-10,0
5781,2017-01-11,0
5782,2017-01-12,0
5783,2017-01-13,0
5784,2017-01-17,0
5785,2017-01-18,0
5786,2017-01-19,0
5787,2017-01-20,0
5788,2017-01-23,0
5789,2017-01-24,0
5790,2017-01-25,0
5791,2017-01-26,0
5792,2017-01-27,0
5793,2017-01-30,0
5794,2017-01-31,0
5795,2017-02-01,0
5796,2017-02-02,0
5797,2017-02-03,0
5798,2017-02-06,0
5799,2017-02-07,0
5800,2017-02-08,0
5801,2017-02-09,0
5802,2017-02-10,0
5803,2017-02-13,0
5804,2017-02-14,0
5805,2017-02-15,0
5806,2017-02-16,0
5807,2017-02-17,0
5808,2017-02-21,0
5809,2017-02-22,0
5810,2017-02-23,0
5811,2017-02-24,0
5812,2017-02-27,0
5813,2017-02-28,0
5814,2017-03-01,-1
5815,2017-03-02,0
5816,2017-03-03,0
5817,2017-03-06,0
5818,2017-03-07,0
5819,2017-03-08,0
5820,2017-03-09,0
5821,2017-03-10,0
5822,2017-03-13,0
5823,2017-03-14,-1
5824,2017-03-15,0
5825,2017-03-16,-1
5826,2017-03-17,-1
5827,2017-03-20,-1
5828,2017-03-21,0
5829,2017-03-22,0
5830,2017-03-23,0
5831,2017-03-24,0
5832,2017-03-27,-1
5833,2017-03-28,0
5834,2017-03-29,0
5835,2017-03-30,0
5836,2017-03-31,0
5837,2017-04-03,0
5838,2017-04-04,0
5839,2017-04-05,0
5840,2017-04-06,0
5841,2017-04-07,0
5842,2017-04-10,0
5843,2017-04-11,0
5844,2017-04-12,-1
5845,2017-04-13,-1
5846,2017-04-17,0
5847,2017-04-18,0
5848,2017-04-19,-1
5849,2017-04-20,-1
5850,2017-04-21,-1
5851,2017-04-24,0
5852,2017-04-25,0
5853,2017-04-26,0
5854,2017-04-27,0
5855,2017-04-28,0
5856,2017-05-01,0
5857,2017-05-02,0
5858,2017-05-03,0
5859,2017-05-04,0
5860,2017-05-05,0
5861,2017-05-08,0
5862,2017-05-09,0
5863,2017-05-10,0
5864,2017-05-11,0
5865,2017-05-12,0
5866,2017-05-15,0
5867,2017-05-16,0
5868,2017-05-17,-1
5869,2017-05-18,-1
5870,2017-05-19,-1
5871,2017-05-22,-1
5872,2017-05-23,-1
5873,2017-05-24,-1
5874,2017-05-25,-1
5875,2017-05-26,-1
5876,2017-05-30,-1
5877,2017-05-31,-1
5878,2017-06-01,-1
5879,2017-06-02,-1
5880,2017-06-05,-1
5881,2017-06-06,-1
5882,2017-06-07,-1
5883,2017-06-08,-1
5884,2017-06-09,-1
5885,2017-06-12,-1
5886,2017-06-13,-1
5887,2017-06-14,-1
5888,2017-06-15,0
5889,2017-06-16,0
5890,2017-06-19,0
5891,2017-06-20,0
5892,2017-06-21,0
5893,2017-06-22,0
5894,2017-06-23,0
5895,2017-06-26,0
5896,2017-06-27,0
5897,2017-06-28,0
5898,2017-06-29,0
5899,2017-06-30,0
5900,2017-07-03,0
5901,2017-07-05,0
5902,2017-07-06,0
5903,2017-07-07,0
5904,2017-07-10,0
5905,2017-07-11,0
5906,2017-07-12,0
5907,2017-07-13,0
5908,2017-07-14,0
5909,2017-07-17,0
5910,2017-07-18,0
5911,2017-07-19,0
5912,2017-07-20,0
5913,2017-07-21,0
5914,2017-07-24,0
5915,2017-07-25,0
5916,2017-07-26,0
5917,2017-07-27,-1
5918,2017-07-28,-1
5919,2017-07-31,0
5920,2017-08-01,0
5921,2017-08-02,0
5922,2017-08-03,-1
5923,2017-08-04,-1
5924,2017-08-07,-1
5925,2017-08-08,-1
5926,2017-08-09,-1
5927,2017-08-10,-1
5928,2017-08-11,-1
5929,2017-08-14,-1
5930,2017-08-15,-1
5931,2017-08-16,-1
5932,2017-08-17,-1
5933,2017-08-18,-1
5934,2017-08-21,-1
5935,2017-08-22,0
5936,2017-08-23,-1
5937,2017-08-24,-1
5938,2017-08-25,-1
5939,2017-08-28,-1
5940,2017-08-29,-1
5941,2017-08-30,0
5942,2017-08-31,0
5943,2017-09-01,0
5944,2017-09-05,0
5945,2017-09-06,0
5946,2017-09-07,0
5947,2017-09-08,0
5948,2017-09-11,0
5949,2017-09-12,0
5950,2017-09-13,0
5951,2017-09-14,0
5952,2017-09-15,0
5953,2017-09-18,0
5954,2017-09-19,0
5955,2017-09-20,0
5956,2017-09-21,0
5957,2017-09-22,0
5958,2017-09-25,0
5959,2017-09-26,0
5960,2017-09-27,0
5961,2017-09-28,0
5962,2017-09-29,0
5963,2017-10-02,0
5964,2017-10-03,0
5965,2017-10-04,-1
5966,2017-10-05,0
5967,2017-10-06,0
5968,2017-10-09,0
5969,2017-10-10,0
5970,2017-10-11,-1
5971,2017-10-12,-1
5972,2017-10-13,-1
5973,2017-10-16,-1
5974,2017-10-17,0
5975,2017-10-18,-1
5976,2017-10-19,-1
5977,2017-10-20,-1
5978,2017-10-23,0
5979,2017-10-24,0
5980,2017-10-25,0
5981,2017-10-26,0
5982,2017-10-27,0
5983,2017-10-30,0
5984,2017-10-31,0
5985,2017-11-01,0
5986,2017-11-02,0
5987,2017-11-03,0
5988,2017-11-06,0
5989,2017-11-07,0
5990,2017-11-08,0
5991,2017-11-09,0
5992,2017-11-10,0
5993,2017-11-13,0
5994,2017-11-14,0
5995,2017-11-15,0
5996,2017-11-16,0
5997,2017-11-17,0
5998,2017-11-20,0
5999,2017-11-21,0
6000,2017-11-22,0
6001,2017-11-24,0
6002,2017-11-27,0
6003,2017-11-28,0
6004,2017-11-29,0
6005,2017-11-30,0
6006,2017-12-01,0
6007,2017-12-04,0
6008,2017-12-05,0
6009,2017-12-06,0
6010,2017-12-07,0
6011,2017-12-08,0
6012,2017-12-11,0
6013,2017-12-12,0
6014,2017-12-13,0
6015,2017-12-14,0
6016,2017-12-15,-1
6017,2017-12-18,0
6018,2017-12-19,0
6019,2017-12-20,-1
6020,2017-12-21,-1
6021,2017-12-22,-1
6022,2017-12-26,-1
6023,2017-12-27,0
6024,2017-12-28,0
6025,2017-12-29,-1
6026,2018-01-02,-1
6027,2018-01-03,-1
6028,2018-01-04,0
6029,2018-01-05,0
6030,2018-01-08,0
6031,2018-01-09,0
6032,2018-01-10,0
6033,2018-01-11,0
6034,2018-01-12,0
6035,2018-01-16,0
6036,2018-01-17,0
6037,2018-01-18,0
6038,2018-01-19,0
6039,2018-01-22,-1
6040,2018-01-23,-1
6041,2018-01-24,-1
6042,2018-01-25,-1
6043,2018-01-26,-1
6044,2018-01-29,-1
6045,2018-01-30,-1
6046,2018-01-31,0
6047,2018-02-01,0
6048,2018-02-02,-1
6049,2018-02-05,-1
6050,2018-02-06,-1
6051,2018-02-07,-1
6052,2018-02-08,-1
6053,2018-02-09,-1
6054,2018-02-12,-1
6055,2018-02-13,-1
6056,2018-02-14,-1
6057,2018-02-15,-1
6058,2018-02-16,-1
6059,2018-02-20,-1
6060,2018-02-21,-1
6061,2018-02-22,-1
6062,2018-02-23,-1
6063,2018-02-26,-1
6064,2018-02-27,-1
6065,2018-02-28,-1
6066,2018-03-01,-1
6067,2018-03-02,-1
6068,2018-03-05,-1
6069,2018-03-06,-1
6070,2018-03-07,-1
6071,2018-03-08,-1
6072,2018-03-09,-1
6073,2018-03-12,-1
6074,2018-03-13,-1
6075,2018-03-14,0
6076,2018-03-15,0
6077,2018-03-16,0
6078,2018-03-19,0
6079,2018-03-20,0
6080,2018-03-21,0
6081,2018-03-22,0
6082,2018-03-23,-1
6083,2018-03-26,-1
6084,2018-03-27,-1
6085,2018-03-28,-1
6086,2018-03-29,-1
6087,2018-04-02,1
6088,2018-04-03,1
6089,2018-04-04,1
6090,2018-04-05,1
6091,2018-04-06,1
6092,2018-04-09,-1
6093,2018-04-10,1
6094,2018-04-11,1
6095,2018-04-12,-1
6096,2018-04-13,-1
6097,2018-04-16,-1
6098,2018-04-17,-1
6099,2018-04-18,-1
6100,2018-04-19,-1
6101,2018-04-20,-1
6102,2018-04-23,-1
6103,2018-04-24,-1
6104,2018-04-25,-1
6105,2018-04-26,-1
6106,2018-04-27,-1
6107,2018-04-30,0
6108,2018-05-01,0
6109,2018-05-02,0
6110,2018-05-03,0
6111,2018-05-04,0
6112,2018-05-07,0
6113,2018-05-08,0
6114,2018-05-09,0
6115,2018-05-10,0
6116,2018-05-11,0
6117,2018-05-14,0
6118,2018-05-15,0
6119,2018-05-16,0
6120,2018-05-17,0
6121,2018-05-18,0
6122,2018-05-21,0
6123,2018-05-22,0
6124,2018-05-23,0
6125,2018-05-24,0
6126,2018-05-25,0
6127,2018-05-29,0
6128,2018-05-30,0
6129,2018-05-31,0
6130,2018-06-01,0
6131,2018-06-04,0
6132,2018-06-05,0
6133,2018-06-06,0
6134,2018-06-07,0
6135,2018-06-08,0
6136,2018-06-11,0
6137,2018-06-12,0
6138,2018-06-13,0
6139,2018-06-14,0
6140,2018-06-15,0
6141,2018-06-18,0
6142,2018-06-19,0
6143,2018-06-20,0
6144,2018-06-21,0
6145,2018-06-22,0
6146,2018-06-25,0
6147,2018-06-26,0
6148,2018-06-27,0
6149,2018-06-28,0
6150,2018-06-29,0
6151,2018-07-02,-1
6152,2018-07-03,0
6153,2018-07-05,-1
6154,2018-07-06,0
6155,2018-07-09,0
6156,2018-07-10,0
6157,2018-07-11,0
6158,2018-07-12,0
6159,2018-07-13,0
6160,2018-07-16,0
6161,2018-07-17,0
6162,2018-07-18,0
6163,2018-07-19,0
6164,2018-07-20,0
6165,2018-07-23,0
6166,2018-07-24,0
6167,2018-07-25,0
6168,2018-07-26,0
6169,2018-07-27,0
6170,2018-07-30,0
6171,2018-07-31,0
6172,2018-08-01,0
6173,2018-08-02,0
6174,2018-08-03,0
6175,2018-08-06,0
6176,2018-08-07,0
6177,2018-08-08,0
6178,2018-08-09,0
6179,2018-08-10,0
6180,2018-08-13,0
6181,2018-08-14,0
6182,2018-08-15,0
6183,2018-08-16,0
6184,2018-08-17,0
6185,2018-08-20,0
6186,2018-08-21,0
6187,2018-08-22,0
6188,2018-08-23,0
6189,2018-08-24,0
6190,2018-08-27,0
6191,2018-08-28,0
6192,2018-08-29,0
6193,2018-08-30,0
6194,2018-08-31,0
6195,2018-09-04,0
6196,2018-09-05,0
6197,2018-09-06,0
6198,2018-09-07,0
6199,2018-09-10,0
6200,2018-09-11,0
6201,2018-09-12,0
6202,2018-09-13,0
6203,2018-09-14,0
6204,2018-09-17,0
6205,2018-09-18,0
6206,2018-09-19,0
6207,2018-09-20,0
6208,2018-09-21,0
6209,2018-09-24,0
6210,2018-09-25,0
6211,2018-09-26,0
6212,2018-09-27,0
6213,2018-09-28,0
6214,2018-10-01,0
6215,2018-10-02,0
6216,2018-10-03,0
6217,2018-10-04,0
6218,2018-10-05,0
6219,2018-10-08,0
6220,2018-10-09,0
6221,2018-10-10,-1
6222,2018-10-11,-1
6223,2018-10-12,-1
6224,2018-10-15,-1
6225,2018-10-16,-1
6226,2018-10-17,-1
6227,2018-10-18,-1
6228,2018-10-19,-1
6229,2018-10-22,-1
6230,2018-10-23,-1
6231,2018-10-24,-1
6232,2018-10-25,-1
6233,2018-10-26,-1
6234,2018-10-29,-1
6235,2018-10-30,-1
6236,2018-10-31,-1
6237,2018-11-01,-1
6238,2018-11-02,-1
6239,2018-11-05,-1
6240,2018-11-06,-1
6241,2018-11-07,-1
6242,2018-11-08,-1
6243,2018-11-09,-1
6244,2018-11-12,-1
6245,2018-11-13,0
6246,2018-11-14,-1
6247,2018-11-15,-1
6248,2018-11-16,-1
6249,2018-11-19,-1
6250,2018-11-20,0
6251,2018-11-21,-1
6252,2018-11-23,0
6253,2018-11-26,-1
6254,2018-11-27,-1
6255,2018-11-28,-1
6256,2018-11-29,-1
6257,2018-11-30,-1
6258,2018-12-03,-1
6259,2018-12-04,-1
6260,2018-12-06,-1
6261,2018-12-07,-1
6262,2018-12-10,-1
6263,2018-12-11,-1
6264,2018-12-12,-1
6265,2018-12-13,-1
6266,2018-12-14,-1
6267,2018-12-17,-1
6268,2018-12-18,-1
6269,2018-12-19,-1
6270,2018-12-20,-1
6271,2018-12-21,-1
6272,2018-12-24,-1
6273,2018-12-26,-1
6274,2018-12-27,-1
6275,2018-12-28,-1
6276,2018-12-31,-1
6277,2019-01-02,-1
6278,2019-01-03,-1
6279,2019-01-04,-1
6280,2019-01-07,-1
6281,2019-01-08,-1
6282,2019-01-09,-1
6283,2019-01-10,-1
6284,2019-01-11,-1
6285,2019-01-14,-1
6286,2019-01-15,-1
6287,2019-01-16,-1
6288,2019-01-17,-1
6289,2019-01-18,-1
6290,2019-01-22,-1
6291,2019-01-23,-1
6292,2019-01-24,-1
6293,2019-01-25,0
6294,2019-01-28,0
6295,2019-01-29,0
6296,2019-01-30,-1
6297,2019-01-31,-1
6298,2019-02-01,-1
6299,2019-02-04,-1
6300,2019-02-05,-1
6301,2019-02-06,-1
6302,2019-02-07,0
6303,2019-02-08,0
6304,2019-02-11,0
6305,2019-02-12,-1
6306,2019-02-13,0
6307,2019-02-14,0
6308,2019-02-15,0
6309,2019-02-19,0
6310,2019-02-20,0
6311,2019-02-21,0
6312,2019-02-22,0
6313,2019-02-25,0
6314,2019-02-26,0
6315,2019-02-27,0
6316,2019-02-28,0
6317,2019-03-01,0
6318,2019-03-04,0
6319,2019-03-05,0
6320,2019-03-06,0
6321,2019-03-07,0
6322,2019-03-08,0
6323,2019-03-11,0
6324,2019-03-12,0
6325,2019-03-13,0
6326,2019-03-14,0
6327,2019-03-15,0
6328,2019-03-18,0
6329,2019-03-19,0
6330,2019-03-20,0
6331,2019-03-21,0
6332,2019-03-22,0
6333,2019-03-25,0
6334,2019-03-26,0
6335,2019-03-27,0
6336,2019-03-28,0
6337,2019-03-29,0
6338,2019-04-01,0
6339,2019-04-02,0
6340,2019-04-03,0
6341,2019-04-04,0
6342,2019-04-05,-1
6343,2019-04-08,-1
6344,2019-04-09,0
6345,2019-04-10,-1
6346,2019-04-11,-1
6347,2019-04-12,-1
6348,2019-04-15,-1
6349,2019-04-16,-1
6350,2019-04-17,-1
6351,2019-04-18,-1
6352,2019-04-22,0
6353,2019-04-23,0
6354,2019-04-24,0
6355,2019-04-25,0
6356,2019-04-26,0
6357,2019-04-29,0
6358,2019-04-30,0
6359,2019-05-01,0
6360,2019-05-02,0
6361,2019-05-03,0
6362,2019-05-06,0
6363,2019-05-07,0
6364,2019-05-08,0
6365,2019-05-09,0
6366,2019-05-10,0
6367,2019-05-13,-1
6368,2019-05-14,-1
6369,2019-05-15,-1
6370,2019-05-16,-1
6371,2019-05-17,-1
6372,2019-05-20,-1
6373,2019-05-21,-1
6374,2019-05-22,-1
6375,2019-05-23,0
6376,2019-05-24,0
6377,2019-05-28,-1
6378,2019-05-29,0
6379,2019-05-30,0
6380,2019-05-31,0
6381,2019-06-03,0
6382,2019-06-04,0
6383,2019-06-05,0
6384,2019-06-06,0
6385,2019-06-07,0
6386,2019-06-10,0
6387,2019-06-11,-1
6388,2019-06-12,0
6389,2019-06-13,0
6390,2019-06-14,0
6391,2019-06-17,0
6392,2019-06-18,-1
6393,2019-06-19,0
6394,2019-06-20,-1
6395,2019-06-21,0
6396,2019-06-24,0
6397,2019-06-25,0
6398,2019-06-26,0
6399,2019-06-27,0
6400,2019-06-28,-1
6401,2019-07-01,-1
6402,2019-07-02,0
6403,2019-07-03,0
6404,2019-07-05,0
6405,2019-07-08,0
6406,2019-07-09,0
6407,2019-07-10,0
6408,2019-07-11,0
6409,2019-07-12,0
6410,2019-07-15,0
6411,2019-07-16,0
6412,2019-07-17,0
6413,2019-07-18,0
6414,2019-07-19,-1
6415,2019-07-22,-1
6416,2019-07-23,-1
6417,2019-07-24,-1
6418,2019-07-25,-1
6419,2019-07-26,-1
6420,2019-07-29,-1
6421,2019-07-30,-1
6422,2019-07-31,-1
6423,2019-08-01,-1
6424,2019-08-02,-1
6425,2019-08-05,-1
6426,2019-08-06,-1
6427,2019-08-07,-1
6428,2019-08-08,-1
6429,2019-08-09,-1
6430,2019-08-12,-1
6431,2019-08-13,-1
6432,2019-08-14,0
6433,2019-08-15,0
6434,2019-08-16,-1
6435,2019-08-19,-1
6436,2019-08-20,-1
6437,2019-08-21,-1
6438,2019-08-22,-1
6439,2019-08-23,-1
6440,2019-08-26,-1
6441,2019-08-27,-1
6442,2019-08-28,-1
6443,2019-08-29,-1
6444,2019-08-30,-1
6445,2019-09-03,-1
6446,2019-09-04,-1
6447,2019-09-05,-1
6448,2019-09-06,-1
6449,2019-09-09,-1
6450,2019-09-10,-1
6451,2019-09-11,-1
6452,2019-09-12,-1
6453,2019-09-13,-1
6454,2019-09-16,-1
6455,2019-09-17,-1
6456,2019-09-18,-1
6457,2019-09-19,-1
6458,2019-09-20,-1
6459,2019-09-23,0
6460,2019-09-24,0
6461,2019-09-25,0
6462,2019-09-26,0
6463,2019-09-27,0
6464,2019-09-30,0
6465,2019-10-01,0
6466,2019-10-02,0
6467,2019-10-03,-1
6468,2019-10-04,0
6469,2019-10-07,0
6470,2019-10-08,0
6471,2019-10-09,0
6472,2019-10-10,0
6473,2019-10-11,0
6474,2019-10-14,0
6475,2019-10-15,0
6476,2019-10-16,0
6477,2019-10-17,0
6478,2019-10-18,0
6479,2019-10-21,-1
6480,2019-10-22,0
6481,2019-10-23,-1
6482,2019-10-24,-1
6483,2019-10-25,0
6484,2019-10-28,-1
6485,2019-10-29,-1
6486,2019-10-30,-1
6487,2019-10-31,0
6488,2019-11-01,0
6489,2019-11-04,-1
6490,2019-11-05,-1
6491,2019-11-06,-1
6492,2019-11-07,0
6493,2019-11-08,-1
6494,2019-11-11,-1
6495,2019-11-12,-1
6496,2019-11-13,-1
6497,2019-11-14,-1
6498,2019-11-15,-1
6499,2019-11-18,0
6500,2019-11-19,0
6501,2019-11-20,0
6502,2019-11-21,0
6503,2019-11-22,0
6504,2019-11-25,0
6505,2019-11-26,0
6506,2019-11-27,0
6507,2019-11-29,0
6508,2019-12-02,0
6509,2019-12-03,0
6510,2019-12-04,0
6511,2019-12-05,0
6512,2019-12-06,0
6513,2019-12-09,0
6514,2019-12-10,0
6515,2019-12-11,0
6516,2019-12-12,0
6517,2019-12-13,0
6518,2019-12-16,0
6519,2019-12-17,0
6520,2019-12-18,0
6521,2019-12-19,0
6522,2019-12-20,0
6523,2019-12-23,0
6524,2019-12-24,0
6525,2019-12-26,0
6526,2019-12-27,0
6527,2019-12-30,0
6528,2019-12-31,0
6529,2020-01-02,0
6530,2020-01-03,0
6531,2020-01-06,0
6532,2020-01-07,0
6533,2020-01-08,0
6534,2020-01-09,0
6535,2020-01-10,0
6536,2020-01-13,0
6537,2020-01-14,0
6538,2020-01-15,0
6539,2020-01-16,0
6540,2020-01-17,0
6541,2020-01-21,0
6542,2020-01-22,0
6543,2020-01-23,0
6544,2020-01-24,0
6545,2020-01-27,0
6546,2020-01-28,0
6547,2020-01-29,0
6548,2020-01-30,0
6549,2020-01-31,0
6550,2020-02-03,0
6551,2020-02-04,0
6552,2020-02-05,0
6553,2020-02-06,0
6554,2020-02-07,0
6555,2020-02-10,0
6556,2020-02-11,0
6557,2020-02-12,0
6558,2020-02-13,0
6559,2020-02-14,0
6560,2020-02-18,0
6561,2020-02-19,0
6562,2020-02-20,0
6563,2020-02-21,0
6564,2020-02-24,-1
6565,2020-02-25,-1
6566,2020-02-26,-1
6567,2020-02-27,-1
6568,2020-02-28,-1
6569,2020-03-02,-1
6570,2020-03-03,-1
6571,2020-03-04,-1
6572,2020-03-05,-1
6573,2020-03-06,-1
6574,2020-03-09,-1
6575,2020-03-10,-1
6576,2020-03-11,-1
6577,2020-03-12,-1
6578,2020-03-13,-1
6579,2020-03-16,-1
6580,2020-03-17,-1
6581,2020-03-18,-1
6582,2020-03-19,-1
6583,2020-03-20,-1
6584,2020-03-23,-1
6585,2020-03-24,-1
6586,2020-03-25,-1
6587,2020-03-26,-1
6588,2020-03-27,-1
6589,2020-03-30,-1
6590,2020-03-31,-1
6591,2020-04-01,-1
6592,2020-04-02,-1
6593,2020-04-03,-1
6594,2020-04-06,-1
6595,2020-04-07,-1
6596,2020-04-08,-1
6597,2020-04-09,-1
6598,2020-04-13,-1
6599,2020-04-14,-1
6600,2020-04-15,-1
6601,2020-04-16,-1
6602,2020-04-17,-1
6603,2020-04-20,-1
6604,2020-04-21,-1
6605,2020-04-22,-1
6606,2020-04-23,-1
6607,2020-04-24,-1
6608,2020-04-27,-1
6609,2020-04-28,-1
6610,2020-04-29,-1
6611,2020-04-30,-1
6612,2020-05-01,-1
6613,2020-05-04,-1
6614,2020-05-05,-1
6615,2020-05-06,-1
6616,2020-05-07,-1
6617,2020-05-08,-1
6618,2020-05-11,-1
6619,2020-05-12,-1
6620,2020-05-13,-1
6621,2020-05-14,-1
6622,2020-05-15,-1
6623,2020-05-18,-1
6624,2020-05-19,-1
6625,2020-05-20,-1
6626,2020-05-21,-1
6627,2020-05-22,-1
6628,2020-05-26,-1
6629,2020-05-27,-1
6630,2020-05-28,-1
6631,2020-05-29,-1
6632,2020-06-01,-1
6633,2020-06-02,-1
6634,2020-06-03,-1
6635,2020-06-04,-1
6636,2020-06-05,-1
6637,2020-06-08,-1
6638,2020-06-09,-1
6639,2020-06-10,-1
6640,2020-06-11,-1
6641,2020-06-12,-1
6642,2020-06-15,-1
6643,2020-06-16,-1
6644,2020-06-17,-1
6645,2020-06-18,-1
6646,2020-06-19,-1
6647,2020-06-22,-1
6648,2020-06-23,-1
6649,2020-06-24,-1
6650,2020-06-25,-1
6651,2020-06-26,-1
6652,2020-06-29,-1
6653,2020-06-30,-1
6654,2020-07-01,-1
6655,2020-07-02,-1
6656,2020-07-06,-1
6657,2020-07-07,-1
6658,2020-07-08,-1
6659,2020-07-09,-1
6660,2020-07-10,-1
6661,2020-07-13,-1
6662,2020-07-14,-1
6663,2020-07-15,-1
6664,2020-07-16,-1
6665,2020-07-17,-1
6666,2020-07-20,-1
6667,2020-07-21,-1
6668,2020-07-22,-1
6669,2020-07-23,-1
6670,2020-07-24,-1
6671,2020-07-27,-1
6672,2020-07-28,-1
6673,2020-07-29,-1
6674,2020-07-30,0
6675,2020-07-31,0
6676,2020-08-03,0
6677,2020-08-04,0
6678,2020-08-05,0
6679,2020-08-06,-1
6680,2020-08-07,0
6681,2020-08-10,-1
6682,2020-08-11,-1
6683,2020-08-12,0
6684,2020-08-13,0
6685,2020-08-14,0
6686,2020-08-17,0
6687,2020-08-18,-1
6688,2020-08-19,-1
6689,2020-08-20,-1
6690,2020-08-21,-1
6691,2020-08-24,-1
6692,2020-08-25,-1
6693,2020-08-26,-1
6694,2020-08-27,-1
6695,2020-08-28,-1
6696,2020-08-31,-1
6697,2020-09-01,-1
6698,2020-09-02,-1
6699,2020-09-03,-1
6700,2020-09-04,-1
6701,2020-09-08,-1
6702,2020-09-09,-1
6703,2020-09-10,-1
6704,2020-09-11,-1
6705,2020-09-14,-1
6706,2020-09-15,-1
6707,2020-09-16,-1
6708,2020-09-17,-1
6709,2020-09-18,-1
6710,2020-09-21,-1
6711,2020-09-22,-1
6712,2020-09-23,-1
6713,2020-09-24,-1
6714,2020-09-25,-1
6715,2020-09-28,-1
6716,2020-09-29,-1
6717,2020-09-30,-1
6718,2020-10-01,-1
6719,2020-10-02,-1
6720,2020-10-05,-1
6721,2020-10-06,-1
6722,2020-10-07,-1
6723,2020-10-08,-1
6724,2020-10-09,-1
6725,2020-10-12,-1
6726,2020-10-13,-1
6727,2020-10-14,-1
6728,2020-10-15,-1
6729,2020-10-16,-1
6730,2020-10-19,-1
6731,2020-10-20,-1
6732,2020-10-21,-1
6733,2020-10-22,-1
6734,2020-10-23,-1
6735,2020-10-26,0
6736,2020-10-27,0
6737,2020-10-28,-1
6738,2020-10-29,-1
6739,2020-10-30,-1
6740,2020-11-02,-1
6741,2020-11-03,-1
6742,2020-11-04,-1
6743,2020-11-05,-1
6744,2020-11-06,-1
6745,2020-11-09,-1
6746,2020-11-10,-1
6747,2020-11-11,-1
6748,2020-11-12,-1
6749,2020-11-13,-1
6750,2020-11-16,-1
6751,2020-11-17,-1
6752,2020-11-18,-1
6753,2020-11-19,-1
6754,2020-11-20,-1
6755,2020-11-23,-1
6756,2020-11-24,-1
6757,2020-11-25,-1
6758,2020-11-27,-1
6759,2020-11-30,-1
6760,2020-12-01,-1
6761,2020-12-02,-1
6762,2020-12-03,-1
6763,2020-12-04,-1
6764,2020-12-07,0
6765,2020-12-08,0
6766,2020-12-09,0
6767,2020-12-10,0
6768,2020-12-11,0
6769,2020-12-14,0
6770,2020-12-15,0
6771,2020-12-16,0
6772,2020-12-17,-1
6773,2020-12-18,0
6774,2020-12-21,0
6775,2020-12-22,0
6776,2020-12-23,0
6777,2020-12-24,0
6778,2020-12-28,0
6779,2020-12-29,0
6780,2020-12-30,-1
6781,2020-12-31,0
6782,2021-01-04,0
6783,2021-01-05,0
6784,2021-01-06,0
6785,2021-01-07,0
6786,2021-01-08,0
6787,2021-01-11,0
6788,2021-01-12,0
6789,2021-01-13,0
6790,2021-01-14,0
6791,2021-01-15,0
6792,2021-01-19,0
6793,2021-01-20,0
6794,2021-01-21,0
6795,2021-01-22,0
6796,2021-01-25,0
6797,2021-01-26,0
6798,2021-01-27,-1
6799,2021-01-28,-1
6800,2021-01-29,-1
6801,2021-02-01,-1
6802,2021-02-02,-1
6803,2021-02-03,-1
6804,2021-02-04,-1
6805,2021-02-05,-1
6806,2021-02-08,-1
6807,2021-02-09,-1
6808,2021-02-10,-1
6809,2021-02-11,-1
6810,2021-02-12,-1
6811,2021-02-16,-1
6812,2021-02-17,-1
6813,2021-02-18,-1
6814,2021-02-19,-1
6815,2021-02-22,-1
6816,2021-02-23,-1
6817,2021-02-24,-1
6818,2021-02-25,-1
6819,2021-02-26,-1
6820,2021-03-01,-1
6821,2021-03-02,0
6822,2021-03-03,0
6823,2021-03-04,-1
6824,2021-03-05,0
6825,2021-03-08,0
6826,2021-03-09,0
6827,2021-03-10,0
6828,2021-03-11,0
6829,2021-03-12,0
6830,2021-03-15,0
6831,2021-03-16,0
6832,2021-03-17,-1
6833,2021-03-18,0
6834,2021-03-19,0
6835,2021-03-22,0
6836,2021-03-23,0
6837,2021-03-24,0
6838,2021-03-25,0
6839,2021-03-26,0
6840,2021-03-29,0
6841,2021-03-30,0
6842,2021-03-31,0
6843,2021-04-01,0
6844,2021-04-05,-1
6845,2021-04-06,-1
6846,2021-04-07,-1
6847,2021-04-08,0
6848,2021-04-09,0
6849,2021-04-12,0
6850,2021-04-13,0
6851,2021-04-14,0
6852,2021-04-15,0
6853,2021-04-16,0
6854,2021-04-19,0
6855,2021-04-20,0
6856,2021-04-21,0
6857,2021-04-22,0
6858,2021-04-23,0
6859,2021-04-26,0
6860,2021-04-27,0
6861,2021-04-28,0
6862,2021-04-29,0
6863,2021-04-30,0
6864,2021-05-03,0
6865,2021-05-04,0
6866,2021-05-05,0
6867,2021-05-06,0
6868,2021-05-07,0
6869,2021-05-10,0
6870,2021-05-11,0
6871,2021-05-12,0
6872,2021-05-13,0
6873,2021-05-14,0
6874,2021-05-17,0
6875,2021-05-18,0
6876,2021-05-19,0
6877,2021-05-20,0
6878,2021-05-21,0
6879,2021-05-24,0
6880,2021-05-25,0
6881,2021-05-26,0
6882,2021-05-27,0
6883,2021-05-28,0
6884,2021-06-01,0
6885,2021-06-02,0
6886,2021-06-03,0
6887,2021-06-04,0
6888,2021-06-07,0
6889,2021-06-08,0
6890,2021-06-09,0
6891,2021-06-10,0
6892,2021-06-11,0
6893,2021-06-14,0
6894,2021-06-15,0
6895,2021-06-16,0
6896,2021-06-17,0
6897,2021-06-18,0
6898,2021-06-21,0
6899,2021-06-22,0
6900,2021-06-23,0
6901,2021-06-24,0
6902,2021-06-25,0
6903,2021-06-28,0
6904,2021-06-29,0
6905,2021-06-30,0
6906,2021-07-01,0
6907,2021-07-02,0
6908,2021-07-06,0
6909,2021-07-07,0
6910,2021-07-08,0
6911,2021-07-09,0
6912,2021-07-12,0
6913,2021-07-13,0
6914,2021-07-14,0
6915,2021-07-15,0
6916,2021-07-16,0
6917,2021-07-19,0
6918,2021-07-20,0
6919,2021-07-21,0
6920,2021-07-22,0
6921,2021-07-23,0
6922,2021-07-26,0
6923,2021-07-27,0
6924,2021-07-28,0
6925,2021-07-29,0
6926,2021-07-30,0
6927,2021-08-02,0
6928,2021-08-03,0
6929,2021-08-04,0
6930,2021-08-05,0
6931,2021-08-06,0
6932,2021-08-09,0
6933,2021-08-10,0
6934,2021-08-11,0
6935,2021-08-12,0
6936,2021-08-13,0
6937,2021-08-16,0
6938,2021-08-17,0
6939,2021-08-18,0
6940,2021-08-19,0
6941,2021-08-20,0
6942,2021-08-23,0
6943,2021-08-24,0
6944,2021-08-25,0
6945,2021-08-26,0
6946,2021-08-27,0
6947,2021-08-30,0
6948,2021-08-31,0
6949,2021-09-01,0
6950,2021-09-02,0
6951,2021-09-03,0
6952,2021-09-07,0
6953,2021-09-08,0
6954,2021-09-09,0
6955,2021-09-10,0
6956,2021-09-13,0
6957,2021-09-14,0
6958,2021-09-15,0
6959,2021-09-16,0
6960,2021-09-17,0
6961,2021-09-20,0
6962,2021-09-21,0
6963,2021-09-22,0
6964,2021-09-23,0
6965,2021-09-24,0
6966,2021-09-27,0
6967,2021-09-28,0
6968,2021-09-29,0
6969,2021-09-30,0
6970,2021-10-01,0
6971,2021-10-04,0
6972,2021-10-05,0
6973,2021-10-06,0
6974,2021-10-07,0
6975,2021-10-08,0
6976,2021-10-11,0
6977,2021-10-12,0
6978,2021-10-13,0
6979,2021-10-14,0
6980,2021-10-15,-1
6981,2021-10-18,0
6982,2021-10-19,-1
6983,2021-10-20,0
6984,2021-10-21,0
6985,2021-10-22,0
6986,2021-10-25,0
6987,2021-10-26,0
6988,2021-10-27,0
6989,2021-10-28,0
6990,2021-10-29,0
6991,2021-11-01,-1
6992,2021-11-02,0
6993,2021-11-03,0
6994,2021-11-04,0
6995,2021-11-05,-1
6996,2021-11-08,-1
6997,2021-11-09,-1
6998,2021-11-10,0
6999,2021-11-11,0
7000,2021-11-12,0
7001,2021-11-15,0
7002,2021-11-16,0
7003,2021-11-17,0
7004,2021-11-18,0
7005,2021-11-19,0
7006,2021-11-22,0
7007,2021-11-23,0
7008,2021-11-24,0
7009,2021-11-26,-1
7010,2021-11-29,-1
7011,2021-11-30,-1
7012,2021-12-01,0
7013,2021-12-02,0
7014,2021-12-03,0
7015,2021-12-06,0
7016,2021-12-07,0
7017,2021-12-08,0
7018,2021-12-09,0
7019,2021-12-10,0
7020,2021-12-13,0
7021,2021-12-14,0
7022,2021-12-15,0
7023,2021-12-16,0
7024,2021-12-17,-1
7025,2021-12-20,-1
7026,2021-12-21,0
7027,2021-12-22,0
7028,2021-12-23,0
7029,2021-12-27,-1
7030,2021-12-28,-1
7031,2021-12-29,-1
7032,2021-12-30,0
7033,2021-12-31,0
7034,2022-01-03,0
7035,2022-01-04,-1
7036,2022-01-05,0
7037,2022-01-06,0
7038,2022-01-07,0
7039,2022-01-10,0
7040,2022-01-11,0
7041,2022-01-12,-1
7042,2022-01-13,0
7043,2022-01-14,0
7044,2022-01-18,0
7045,2022-01-19,0
7046,2022-01-20,0
7047,2022-01-21,-1
7048,2022-01-24,-1
7049,2022-01-25,-1
7050,2022-01-26,-1
7051,2022-01-27,-1
7052,2022-01-28,-1
7053,2022-01-31,-1
7054,2022-02-01,-1
7055,2022-02-02,-1
7056,2022-02-03,-1
7057,2022-02-04,-1
7058,2022-02-07,-1
7059,2022-02-08,-1
7060,2022-02-09,-1
7061,2022-02-10,-1
7062,2022-02-11,-1
7063,2022-02-14,-1
7064,2022-02-15,-1
7065,2022-02-16,-1
7066,2022-02-17,-1
7067,2022-02-18,-1
7068,2022-02-22,-1
7069,2022-02-23,1
7070,2022-02-24,-1
7071,2022-02-25,-1
7072,2022-02-28,-1
7073,2022-03-01,1
7074,2022-03-02,1
7075,2022-03-03,1
7076,2022-03-04,-1
7077,2022-03-07,1
7078,2022-03-08,-1
7079,2022-03-09,-1
7080,2022-03-10,-1
7081,2022-03-11,-1
7082,2022-03-14,-1
7083,2022-03-15,-1
7084,2022-03-16,-1
7085,2022-03-17,-1
7086,2022-03-18,-1
7087,2022-03-21,-1
7088,2022-03-22,-1
7089,2022-03-23,-1
7090,2022-03-24,0
7091,2022-03-25,0
7092,2022-03-28,0
7093,2022-03-29,-1
7094,2022-03-30,0
7095,2022-03-31,-1
7096,2022-04-01,-1
7097,2022-04-04,-1
7098,2022-04-05,-1
7099,2022-04-06,0
7100,2022-04-07,0
7101,2022-04-08,0
7102,2022-04-11,-1
7103,2022-04-12,-1
7104,2022-04-13,-1
7105,2022-04-14,0
7106,2022-04-18,0
7107,2022-04-19,0
7108,2022-04-20,0
7109,2022-04-21,0
7110,2022-04-22,-1
7111,2022-04-25,-1
7112,2022-04-26,-1
7113,2022-04-27,-1
7114,2022-04-28,-1
7115,2022-04-29,-1
7116,2022-05-02,-1
7117,2022-05-03,-1
7118,2022-05-04,-1
7119,2022-05-05,-1
7120,2022-05-06,-1
7121,2022-05-09,-1
7122,2022-05-10,-1
7123,2022-05-11,-1
7124,2022-05-12,-1
7125,2022-05-13,-1
7126,2022-05-16,-1
7127,2022-05-17,-1
7128,2022-05-18,-1
7129,2022-05-19,-1
7130,2022-05-20,-1
7131,2022-05-23,-1
7132,2022-05-24,-1
7133,2022-05-25,-1
7134,2022-05-26,-1
7135,2022-05-27,-1
7136,2022-05-31,-1
7137,2022-06-01,-1
7138,2022-06-02,-1
7139,2022-06-03,-1
7140,2022-06-06,-1
7141,2022-06-07,-1
7142,2022-06-08,-1
7143,2022-06-09,-1
7144,2022-06-10,-1
7145,2022-06-13,-1
7146,2022-06-14,-1
7147,2022-06-15,-1
7148,2022-06-16,-1
7149,2022-06-17,-1
7150,2022-06-21,-1
7151,2022-06-22,-1
7152,2022-06-23,-1
7153,2022-06-24,-1
7154,2022-06-27,-1
7155,2022-06-28,-1
7156,2022-06-29,-1
7157,2022-06-30,-1
7158,2022-07-01,-1
7159,2022-07-05,-1
7160,2022-07-06,-1
7161,2022-07-07,-1
7162,2022-07-08,-1
7163,2022-07-11,-1
7164,2022-07-12,-1
7165,2022-07-13,-1
7166,2022-07-14,-1
7167,2022-07-15,-1
7168,2022-07-18,-1
7169,2022-07-19,-1
7170,2022-07-20,-1
7171,2022-07-21,-1
7172,2022-07-22,-1
7173,2022-07-25,0
7174,2022-07-26,-1
7175,2022-07-27,-1
7176,2022-07-28,-1
7177,2022-07-29,-1
7178,2022-08-01,-1
7179,2022-08-02,-1
7180,2022-08-03,-1
7181,2022-08-04,-1
7182,2022-08-05,-1
7183,2022-08-08,-1
7184,2022-08-09,-1
7185,2022-08-10,-1
7186,2022-08-11,-1
7187,2022-08-12,-1
7188,2022-08-15,-1
7189,2022-08-16,-1
7190,2022-08-17,-1
7191,2022-08-18,-1
7192,2022-08-19,-1
7193,2022-08-22,-1
7194,2022-08-23,-1
7195,2022-08-24,0
7196,2022-08-25,-1
7197,2022-08-26,-1
7198,2022-08-29,-1
7199,2022-08-30,-1
7200,2022-08-31,-1
7201,2022-09-01,-1
7202,2022-09-02,-1
7203,2022-09-06,-1
7204,2022-09-07,-1
7205,2022-09-08,-1
7206,2022-09-09,-1
7207,2022-09-12,-1
7208,2022-09-13,-1
7209,2022-09-14,-1
7210,2022-09-15,-1
7211,2022-09-16,-1
7212,2022-09-19,-1
7213,2022-09-20,-1
7214,2022-09-21,-1
7215,2022-09-22,-1
7216,2022-09-23,-1
7217,2022-09-26,-1
7218,2022-09-27,-1
7219,2022-09-28,-1
7220,2022-09-29,-1
7221,2022-09-30,-1
7222,2022-10-03,-1
7223,2022-10-04,-1
7224,2022-10-05,-1
7225,2022-10-06,-1
7226,2022-10-07,-1
7227,2022-10-10,-1
7228,2022-10-11,-1
7229,2022-10-12,-1
7230,2022-10-13,-1
7231,2022-10-14,-1
7232,2022-10-17,-1
7233,2022-10-18,-1
7234,2022-10-19,-1
7235,2022-10-20,-1
7236,2022-10-21,-1
7237,2022-10-24,-1
7238,2022-10-25,-1
7239,2022-10-26,-1
7240,2022-10-27,-1
7241,2022-10-28,-1
7242,2022-10-31,-1
7243,2022-11-01,-1
7244,2022-11-02,-1
7245,2022-11-03,-1
7246,2022-11-04,-1
7247,2022-11-07,-1
7248,2022-11-08,-1
7249,2022-11-09,-1
7250,2022-11-10,-1
7251,2022-11-11,-1
7252,2022-11-14,-1
7253,2022-11-15,-1
7254,2022-11-16,-1
7255,2022-11-17,-1
7256,2022-11-18,-1
7257,2022-11-21,-1
7258,2022-11-22,-1
7259,2022-11-23,-1
7260,2022-11-25,-1
7261,2022-11-28,-1
7262,2022-11-29,-1
7263,2022-11-30,-1
7264,2022-12-01,-1
7265,2022-12-02,-1
7266,2022-12-05,-1
7267,2022-12-06,-1
7268,2022-12-07,-1
7269,2022-12-08,-1
7270,2022-12-09,-1
7271,2022-12-12,-1
7272,2022-12-13,-1
7273,2022-12-14,-1
7274,2022-12-15,-1
7275,2022-12-16,-1
7276,2022-12-19,-1
7277,2022-12-20,-1
7278,2022-12-21,-1
7279,2022-12-22,-1
7280,2022-12-23,-1
7281,2022-12-27,-1
7282,2022-12-28,-1
7283,2022-12-29,-1
7284,2022-12-30,-1
7285,2023-01-03,-1
7286,2023-01-04,-1
7287,2023-01-05,-1
7288,2023-01-06,-1
7289,2023-01-09,-1
7290,2023-01-10,-1
7291,2023-01-11,-1
7292,2023-01-12,-1
7293,2023-01-13,-1
7294,2023-01-17,0
7295,2023-01-18,0
7296,2023-01-19,0
7297,2023-01-20,-1
7298,2023-01-23,-1
7299,2023-01-24,-1
7300,2023-01-25,-1
7301,2023-01-26,-1
7302,2023-01-27,-1
7303,2023-01-30,0
7304,2023-01-31,-1
7305,2023-02-01,-1
7306,2023-02-02,-1
7307,2023-02-03,-1
7308,2023-02-06,-1
7309,2023-02-07,-1
7310,2023-02-08,-1
7311,2023-02-09,0
7312,2023-02-10,0
7313,2023-02-13,-1
7314,2023-02-14,-1
7315,2023-02-15,-1
7316,2023-02-16,-1
7317,2023-02-17,0
7318,2023-02-21,0
7319,2023-02-22,0
7320,2023-02-23,0
7321,2023-02-24,0
7322,2023-02-27,0
7323,2023-02-28,0
7324,2023-03-01,0
7325,2023-03-02,0
7326,2023-03-03,0
7327,2023-03-06,0
7328,2023-03-07,0
7329,2023-03-08,0
7330,2023-03-09,-1
7331,2023-03-10,0
7332,2023-03-13,0
7333,2023-03-14,0
7334,2023-03-15,0
7335,2023-03-16,-1
7336,2023-03-17,-1
7337,2023-03-20,0
7338,2023-03-21,0
7339,2023-03-22,0
7340,2023-03-23,0
7341,2023-03-24,0
7342,2023-03-27,0
7343,2023-03-28,0
7344,2023-03-29,-1
7345,2023-03-30,-1
7346,2023-03-31,-1
7347,2023-04-03,-1
7348,2023-04-04,-1
7349,2023-04-05,-1
7350,2023-04-06,0
7351,2023-04-10,-1
7352,2023-04-11,-1
7353,2023-04-12,-1
7354,2023-04-13,-1
7355,2023-04-14,0
7356,2023-04-17,0
7357,2023-04-18,0
7358,2023-04-19,0
7359,2023-04-20,0
7360,2023-04-21,0
7361,2023-04-24,0
7362,2023-04-25,0
7363,2023-04-26,0
7364,2023-04-27,0
7365,2023-04-28,0
7366,2023-05-01,0
7367,2023-05-02,0
7368,2023-05-03,0
7369,2023-05-04,0
7370,2023-05-05,-1
7371,2023-05-08,-1
7372,2023-05-09,-1
7373,2023-05-10,-1
7374,2023-05-11,-1
7375,2023-05-12,-1
7376,2023-05-15,-1
7377,2023-05-16,-1
7378,2023-05-17,-1
7379,2023-05-18,0
7380,2023-05-19,0
7381,2023-05-22,0
7382,2023-05-23,0
7383,2023-05-24,0
7384,2023-05-25,0
7385,2023-05-26,0
7386,2023-05-30,0
7387,2023-05-31,0
7388,2023-06-01,0
7389,2023-06-02,0
7390,2023-06-05,0
7391,2023-06-06,0
7392,2023-06-07,0
7393,2023-06-08,0
7394,2023-06-09,0
7395,2023-06-12,0
7396,2023-06-13,0
7397,2023-06-14,-1
7398,2023-06-15,0
7399,2023-06-16,0
7400,2023-06-20,0
7401,2023-06-21,0
7402,2023-06-22,0
7403,2023-06-23,0
7404,2023-06-26,0
7405,2023-06-27,0
7406,2023-06-28,0
7407,2023-06-29,0
7408,2023-06-30,0
7409,2023-07-03,0
7410,2023-07-05,0
7411,2023-07-06,0
7412,2023-07-07,0
7413,2023-07-10,0
7414,2023-07-11,0
7415,2023-07-12,0
7416,2023-07-13,0
7417,2023-07-14,0
7418,2023-07-17,0
7419,2023-07-18,0
7420,2023-07-19,0
7421,2023-07-20,0
7422,2023-07-21,0
7423,2023-07-24,0
7424,2023-07-25,0
7425,2023-07-26,0
7426,2023-07-27,0
7427,2023-07-28,0
7428,2023-07-31,0
7429,2023-08-01,0
7430,2023-08-02,0
7431,2023-08-03,0
7432,2023-08-04,0
7433,2023-08-07,0
7434,2023-08-08,0
7435,2023-08-09,0
7436,2023-08-10,0
7437,2023-08-11,0
7438,2023-08-14,0
7439,2023-08-15,0
7440,2023-08-16,-1
7441,2023-08-17,-1
7442,2023-08-18,-1
7443,2023-08-21,-1
7444,2023-08-22,-1
7445,2023-08-23,-1
7446,2023-08-24,0
7447,2023-08-25,0
7448,2023-08-28,0
7449,2023-08-29,0
7450,2023-08-30,0
7451,2023-08-31,0
7452,2023-09-01,0
7453,2023-09-05,0
7454,2023-09-06,0
7455,2023-09-07,0
7456,2023-09-08,0
7457,2023-09-11,0
7458,2023-09-12,0
7459,2023-09-13,0
7460,2023-09-14,0
7461,2023-09-15,0
7462,2023-09-18,0
7463,2023-09-19,0
7464,2023-09-20,0
7465,2023-09-21,0
7466,2023-09-22,0
7467,2023-09-25,0
7468,2023-09-26,-1
7469,2023-09-27,-1
7470,2023-09-28,-1
7471,2023-09-29,-1
7472,2023-10-02,-1
7473,2023-10-03,-1
7474,2023-10-04,0
7475,2023-10-05,-1
7476,2023-10-06,0
7477,2023-10-09,0
7478,2023-10-10,0
7479,2023-10-11,-1
7480,2023-10-12,0
7481,2023-10-13,0
7482,2023-10-16,0
7483,2023-10-17,0
7484,2023-10-18,0
7485,2023-10-19,0
7486,2023-10-20,0
7487,2023-10-23,0
7488,2023-10-24,0
7489,2023-10-25,0
7490,2023-10-26,0
7491,2023-10-27,-1
7492,2023-10-30,0
7493,2023-10-31,0
7494,2023-11-01,0
7495,2023-11-02,-1
7496,2023-11-03,-1
7497,2023-11-06,-1
7498,2023-11-07,-1
7499,2023-11-08,-1
7500,2023-11-09,-1
7501,2023-11-10,-1
7502,2023-11-13,0
7503,2023-11-14,-1
7504,2023-11-15,-1
7505,2023-11-16,-1
7506,2023-11-17,-1
7507,2023-11-20,-1
7508,2023-11-21,-1
7509,2023-11-22,-1
7510,2023-11-24,-1
7511,2023-11-27,-1
7512,2023-11-28,-1
7513,2023-11-29,-1
7514,2023-11-30,-1
7515,2023-12-01,-1
7516,2023-12-04,-1
7517,2023-12-05,-1
7518,2023-12-06,-1
7519,2023-12-07,-1
7520,2023-12-08,-1
7521,2023-12-11,-1
7522,2023-12-12,-1
7523,2023-12-13,0
7524,2023-12-14,0
7525,2023-12-15,0
7526,2023-12-18,0
7527,2023-12-19,0
7528,2023-12-20,0
7529,2023-12-21,0
7530,2023-12-22,0
7531,2023-12-26,-1
7532,2023-12-27,-1
7533,2023-12-28,-1
7534,2023-12-29,0
7535,2024-01-02,0
7536,2024-01-03,0
7537,2024-01-04,0
7538,2024-01-05,0
7539,2024-01-08,0
7540,2024-01-09,0
7541,2024-01-10,0
7542,2024-01-11,0
7543,2024-01-12,0
7544,2024-01-16,0
7545,2024-01-17,0
7546,2024-01-18,0
7547,2024-01-19,0
7548,2024-01-22,0
7549,2024-01-23,0
7550,2024-01-24,0
7551,2024-01-25,0
7552,2024-01-26,0
7553,2024-01-29,0
7554,2024-01-30,0
7555,2024-01-31,0
7556,2024-02-01,0
7557,2024-02-02,0
7558,2024-02-05,0
7559,2024-02-06,0
7560,2024-02-07,0
7561,2024-02-08,0
7562,2024-02-09,0
7563,2024-02-12,-1
7564,2024-02-13,0
7565,2024-02-14,-1
7566,2024-02-15,-1
7567,2024-02-16,0
7568,2024-02-20,0
7569,2024-02-21,0
7570,2024-02-22,0
7571,2024-02-23,0
7572,2024-02-26,0
7573,2024-02-27,0
7574,2024-02-28,0
7575,2024-02-29,0
7576,2024-03-01,0
7577,2024-03-04,0
7578,2024-03-05,0
7579,2024-03-06,0
7580,2024-03-07,0
7581,2024-03-08,0
7582,2024-03-11,0
7583,2024-03-12,0
7584,2024-03-13,0
7585,2024-03-14,0
7586,2024-03-15,0
7587,2024-03-18,0
7588,2024-03-19,0
7589,2024-03-20,0
7590,2024-03-21,0
7591,2024-03-22,0
7592,2024-03-25,0
7593,2024-03-26,0
7594,2024-03-27,0
7595,2024-03-28,0
7596,2024-04-01,0
7597,2024-04-02,0
7598,2024-04-03,0
7599,2024-04-04,0
7600,2024-04-05,0
7601,2024-04-08,0
7602,2024-04-09,0
7603,2024-04-10,0
7604,2024-04-11,0
7605,2024-04-12,0
7606,2024-04-15,0
7607,2024-04-16,0
7608,2024-04-17,0
7609,2024-04-18,-1
7610,2024-04-19,-1
7611,2024-04-22,-1
7612,2024-04-23,0
7613,2024-04-24,0
7614,2024-04-25,-1
7615,2024-04-26,0
7616,2024-04-29,0
7617,2024-04-30,0
7618,2024-05-01,0
7619,2024-05-02,0
7620,2024-05-03,0
7621,2024-05-06,0
7622,2024-05-07,0
7623,2024-05-08,0
7624,2024-05-09,0
7625,2024-05-10,0
7626,2024-05-13,0
7627,2024-05-14,0
7628,2024-05-15,-1
7629,2024-05-16,-1
7630,2024-05-17,-1
7631,2024-05-20,-1
7632,2024-05-21,-1
7633,2024-05-22,-1
7634,2024-05-23,-1
7635,2024-05-24,0
7636,2024-05-28,0
7637,2024-05-29,0
7638,2024-05-30,0
7639,2024-05-31,0
7640,2024-06-03,0
7641,2024-06-04,0
7642,2024-06-05,0
7643,2024-06-06,0
7644,2024-06-07,0
7645,2024-06-10,0
7646,2024-06-11,0
7647,2024-06-12,0
7648,2024-06-13,0
7649,2024-06-14,0
7650,2024-06-17,0
7651,2024-06-18,0
7652,2024-06-20,0
7653,2024-06-21,0
7654,2024-06-24,0
7655,2024-06-25,0
7656,2024-06-26,0
7657,2024-06-27,0
7658,2024-06-28,0
7659,2024-07-01,0
7660,2024-07-02,0
7661,2024-07-03,0
7662,2024-07-05,0
7663,2024-07-08,0
7664,2024-07-09,-1
7665,2024-07-10,-1
7666,2024-07-11,0
7667,2024-07-12,0
7668,2024-07-15,0
7669,2024-07-16,0
7670,2024-07-17,-1
7671,2024-07-18,0
7672,2024-07-19,-1
7673,2024-07-22,-1
7674,2024-07-23,-1
7675,2024-07-24,-1
7676,2024-07-25,-1
7677,2024-07-26,-1
7678,2024-07-29,-1
7679,2024-07-30,0
7680,2024-07-31,-1
7681,2024-08-01,-1
7682,2024-08-02,-1
7683,2024-08-05,-1
7684,2024-08-06,-1
7685,2024-08-07,-1
7686,2024-08-08,-1
7687,2024-08-09,-1
7688,2024-08-12,-1
7689,2024-08-13,-1
7690,2024-08-14,-1
7691,2024-08-15,-1
7692,2024-08-16,-1
7693,2024-08-19,-1
7694,2024-08-20,-1
7695,2024-08-21,-1
7696,2024-08-22,-1
7697,2024-08-23,-1
7698,2024-08-26,-1
7699,2024-08-27,-1
7700,2024-08-28,-1
7701,2024-08-29,-1
7702,2024-08-30,-1
7703,2024-09-03,-1
7704,2024-09-04,0
7705,2024-09-05,0
7706,2024-09-06,0
7707,2024-09-09,0
7708,2024-09-10,0
7709,2024-09-11,-1
7710,2024-09-12,-1
7711,2024-09-13,0
7712,2024-09-16,0
7713,2024-09-17,0
7714,2024-09-18,0
7715,2024-09-19,0
7716,2024-09-20,0
7717,2024-09-23,0
7718,2024-09-24,-1
7719,2024-09-25,0
7720,2024-09-26,-1
7721,2024-09-27,-1
7722,2024-09-30,-1
7723,2024-10-01,0
7724,2024-10-02,0
7725,2024-10-03,0
7726,2024-10-04,0
7727,2024-10-07,0
7728,2024-10-08,0
7729,2024-10-09,0
7730,2024-10-10,0
7731,2024-10-11,0
7732,2024-10-14,0
7733,2024-10-15,0
7734,2024-10-16,0
7735,2024-10-17,0
7736,2024-10-18,0
7737,2024-10-21,0
7738,2024-10-22,0
7739,2024-10-23,0
7740,2024-10-24,0
7741,2024-10-25,0
7742,2024-10-28,0
7743,2024-10-29,0
7744,2024-10-30,0
7745,2024-10-31,-1
7746,2024-11-01,-1
7747,2024-11-04,-1
7748,2024-11-05,-1
7749,2024-11-06,0
7750,2024-11-07,0
7751,2024-11-08,0
7752,2024-11-11,0
7753,2024-11-12,0
7754,2024-11-13,0
7755,2024-11-14,0
7756,2024-11-15,0
7757,2024-11-18,0
7758,2024-11-19,0
7759,2024-11-20,0
7760,2024-11-21,0
7761,2024-11-22,0
7762,2024-11-25,0
7763,2024-11-26,0
7764,2024-11-27,0
7765,2024-11-29,-1
7766,2024-12-02,-1
7767,2024-12-03,-1
7768,2024-12-04,-1
7769,2024-12-05,-1
7770,2024-12-06,-1
7771,2024-12-09,-1
7772,2024-12-10,-1
7773,2024-12-11,-1
7774,2024-12-12,-1
7775,2024-12-13,-1
7776,2024-12-16,0
7777,2024-12-17,0
7778,2024-12-18,-1
7779,2024-12-19,-1
7780,2024-12-20,-1
7781,2024-12-23,-1
7782,2024-12-24,-1
7783,2024-12-26,-1
7784,2024-12-27,-1
7785,2024-12-30,-1
7786,2024-12-31,-1
7787,2025-01-02,-1
7788,2025-01-03,-1
7789,2025-01-06,-1
7790,2025-01-07,-1
7791,2025-01-08,-1
7792,2025-01-10,-1
7793,2025-01-13,-1
7794,2025-01-14,-1
7795,2025-01-15,-1
7796,2025-01-16,0
7797,2025-01-17,0
7798,2025-01-21,0
7799,2025-01-22,0
7800,2025-01-23,-1
7801,2025-01-24,0
7802,2025-01-27,0
7803,2025-01-28,0
7804,2025-01-29,0
7805,2025-01-30,0
7806,2025-01-31,0
7807,2025-02-03,0
7808,2025-02-04,0
7809,2025-02-05,0
7810,2025-02-06,0
7811,2025-02-07,0
7812,2025-02-10,0
7813,2025-02-11,0
7814,2025-02-12,0
7815,2025-02-13,0
7816,2025-02-14,0
7817,2025-02-18,0
7818,2025-02-19,0
7819,2025-02-20,0
7820,2025-02-21,-1
7821,2025-02-24,0
7822,2025-02-25,0
7823,2025-02-26,0
7824,2025-02-27,0
7825,2025-02-28,0
7826,2025-03-03,0
7827,2025-03-04,0
7828,2025-03-05,0
7829,2025-03-06,0
7830,2025-03-07,0
7831,2025-03-10,-1
7832,2025-03-11,-1
7833,2025-03-12,-1
7834,2025-03-13,-1
7835,2025-03-14,-1
7836,2025-03-17,-1
7837,2025-03-18,-1
7838,2025-03-19,-1
7839,2025-03-20,-1
7840,2025-03-21,-1
7841,2025-03-24,1
7842,2025-03-25,1
7843,2025-03-26,1
7844,2025-03-27,1
7845,2025-03-28,-1
7846,2025-03-31,-1
7847,2025-04-01,0
7848,2025-04-02,0
7849,2025-04-03,-1
7850,2025-04-04,-1
7851,2025-04-07,-1
7852,2025-04-08,-1
7853,2025-04-09,-1
7854,2025-04-10,-1
7855,2025-04-11,-1
7856,2025-04-14,-1
7857,2025-04-15,-1
7858,2025-04-16,-1
7859,2025-04-17,-1
7860,2025-04-21,-1
7861,2025-04-22,-1
7862,2025-04-23,-1
7863,2025-04-24,-1
7864,2025-04-25,-1
7865,2025-04-28,-1
7866,2025-04-29,-1
7867,2025-04-30,-1
7868,2025-05-01,-1
7869,2025-05-02,-1
7870,2025-05-05,-1
7871,2025-05-06,-1
7872,2025-05-07,-1
7873,2025-05-08,-1
7874,2025-05-09,-1
7875,2025-05-12,-1
7876,2025-05-13,-1
7877,2025-05-14,-1
7878,2025-05-15,-1
7879,2025-05-16,-1
7880,2025-05-19,-1
7881,2025-05-20,-1
7882,2025-05-21,-1
7883,2025-05-22,-1
7884,2025-05-23,-1
7885,2025-05-27,-1
7886,2025-05-28,-1
7887,2025-05-29,-1
7888,2025-05-30,-1
7889,2025-06-02,-1
7890,2025-06-03,-1
7891,2025-06-04,-1
7892,2025-06-05,-1
7893,2025-06-06,-1
7894,2025-06-09,-1
7895,2025-06-10,0
7896,2025-06-11,0
7897,2025-06-12,0
7898,2025-06-13,0
7899,2025-06-16,0
7900,2025-06-17,0
7901,2025-06-18,0
7902,2025-06-20,-1
7903,2025-06-23,-1
7904,2025-06-24,-1
7905,2025-06-25,0
7906,2025-06-26,0
7907,2025-06-27,0
7908,2025-06-30,-1
7909,2025-07-01,0
7910,2025-07-02,0
7911,2025-07-03,-1
7912,2025-07-07,0
7913,2025-07-08,0
7914,2025-07-09,0
7915,2025-07-10,0
7916,2025-07-11,0
7917,2025-07-14,0
7918,2025-07-15,0
7919,2025-07-16,0
7920,2025-07-17,0
7921,2025-07-18,0
7922,2025-07-21,0
7923,2025-07-22,0
7924,2025-07-23,0
7925,2025-07-24,0
7926,2025-07-25,0
7927,2025-07-28,0
7928,2025-07-29,0
7929,2025-07-30,0
7930,2025-07-31,0
7931,2025-08-01,-1
7932,2025-08-04,0
7933,2025-08-05,0
7934,2025-08-06,0
7935,2025-08-07,0
7936,2025-08-08,0
7937,2025-08-11,0
7938,2025-08-12,0
7939,2025-08-13,0
7940,2025-08-14,0
7941,2025-08-15,0
7942,2025-08-18,0
7943,2025-08-19,0
7944,2025-08-20,0
7945,2025-08-21,0
7946,2025-08-22,0
7947,2025-08-25,0
7948,2025-08-26,0
7949,2025-08-27,0
7950,2025-08-28,0
7951,2025-08-29,0
7952,2025-09-02,0
7953,2025-09-03,0
7954,2025-09-04,0
7955,2025-09-05,0
7956,2025-09-08,0
7957,2025-09-09,0
7958,2025-09-10,0
7959,2025-09-11,0
7960,2025-09-12,0
7961,2025-09-15,0
7962,2025-09-16,0
7963,2025-09-17,0
7964,2025-09-18,0
7965,2025-09-19,0
7966,2025-09-22,0
7967,2025-09-23,0
7968,2025-09-24,0
7969,2025-09-25,0
7970,2025-09-26,0
7971,2025-09-29,0
7972,2025-09-30,0
7973,2025-10-01,0
7974,2025-10-02,0
7975,2025-10-03,0
7976,2025-10-06,0
7977,2025-10-07,0
7978,2025-10-08,0
7979,2025-10-09,0
7980,2025-10-10,-1
7981,2025-10-13,-1
7982,2025-10-14,-1
7983,2025-10-15,-1
7984,2025-10-16,-1
7985,2025-10-17,-1
7986,2025-10-20,-1
7987,2025-10-21,-1
7988,2025-10-22,-1
7989,2025-10-23,-1
7990,2025-10-24,-1
7991,2025-10-27,-1
7992,2025-10-28,-1
7993,2025-10-29,-1
7994,2025-10-30,-1
7995,2025-10-31,-1
7996,2025-11-03,-1
7997,2025-11-04,-1
7998,2025-11-05,-1
7999,2025-11-06,-1
8000,2025-11-07,0
8001,2025-11-10,0
8002,2025-11-11,0
8003,2025-11-12,0
8004,2025-11-13,0
8005,2025-11-14,0
8006,2025-11-17,0
8007,2025-11-18,0
8008,2025-11-19,0
8009,2025-11-20,0
8010,2025-11-21,0
8011,2025-11-24,0
8012,2025-11-25,0
8013,2025-11-26,0
8014,2025-11-28,0
8015,2025-12-01,0
8016,2025-12-02,0
8017,2025-12-03,0
8018,2025-12-04,0
8019,2025-12-05,-1
8020,2025-12-08,-1
8021,2025-12-09,0
8022,2025-12-10,0
8023,2025-12-11,0
8024,2025-12-12,0
8025,2025-12-15,0
8026,2025-12-16,0
8027,2025-12-17,0
8028,2025-12-18,0
8029,2025-12-19,0
8030,2025-12-22,0
8031,2025-12-23,0
8032,2025-12-24,0
8033,2025-12-26,0
8034,2025-12-29,0
8035,2025-12-30,0
8036,2025-12-31,0
8037,2026-01-02,0
8038,2026-01-05,0
8039,2026-01-06,0
8040,2026-01-07,0
8041,2026-01-08,0
8042,2026-01-09,0
8043,2026-01-12,0
8044,2026-01-13,0
8045,2026-01-14,0
8046,2026-01-15,0
8047,2026-01-16,0
8048,2026-01-20,-1
8049,2026-01-21,-1
8050,2026-01-22,-1
8051,2026-01-23,-1
8052,2026-01-26,-1
8053,2026-01-27,-1
8054,2026-01-28,-1
8055,2026-01-29,-1
8056,2026-01-30,-1
8057,2026-02-02,-1
8058,2026-02-03,-1
8059,2026-02-04,-1
8060,2026-02-05,-1
8061,2026-02-06,0
8062,2026-02-09,0
8063,2026-02-10,0
8064,2026-02-11,0
8065,2026-02-12,0
8066,2026-02-13,0
8067,2026-02-17,0
8068,2026-02-18,0
8069,2026-02-19,0
8070,2026-02-20,0
8071,2026-02-23,0
8072,2026-02-24,0
8073,2026-02-25,0
8074,2026-02-26,0
8075,2026-02-27,0
8076,2026-03-02,0
8077,2026-03-03,-1
8078,2026-03-04,0
8079,2026-03-05,0
8080,2026-03-06,0
8081,2026-03-09,0
8082,2026-03-10,0
8083,2026-03-11,0
8084,2026-03-12,0
8085,2026-03-13,0
8086,2026-03-16,0
8087,2026-03-17,0
8088,2026-03-18,0
8089,2026-03-19,0
8090,2026-03-20,-1
8091,2026-03-23,0
8092,2026-03-24,-1
8093,2026-03-25,-1
8094,2026-03-26,-1
8095,2026-03-27,-1
8096,2026-03-30,-1
8097,2026-03-31,-1
8098,2026-04-01,-1
8099,2026-04-02,-1
8100,2026-04-06,-1
8101,2026-04-07,-1
8102,2026-04-08,-1
8103,2026-04-09,-1
8104,2026-04-10,-1
8105,2026-04-13,-1
8106,2026-04-14,-1
8107,2026-04-15,-1
8108,2026-04-16,-1
8109,2026-04-17,-1
8110,2026-04-20,-1
8111,2026-04-21,-1
8112,2026-04-22,-1
8113,2026-04-23,-1
8114,2026-04-24,-1
8115,2026-04-27,-1
8116,2026-04-28,-1
8117,2026-04-29,-1
8118,2026-04-30,-1
8119,2026-05-01,-1
8120,2026-05-04,-1
8121,2026-05-05,-1
8122,2026-05-06,-1
8123,2026-05-07,-1
8124,2026-05-08,-1
8125,2026-05-11,-1
8126,2026-05-12,-1
8127,2026-05-13,-1
8128,2026-05-14,-1
8129,2026-05-15,0
8130,2026-05-18,0
8131,2026-05-19,0
8132,2026-05-20,0
8133,2026-05-21,0
8134,2026-05-22,0
8135,2026-05-26,0
8136,2026-05-27,0
8137,2026-05-28,0
8138,2026-05-29,0
8139,2026-06-01,0
8140,2026-06-02,-1
8141,2026-06-03,0
8142,2026-06-04,0
8143,2026-06-05,-1
8144,2026-06-08,-1
8145,2026-06-09,-1
8146,2026-06-10,-1
8147,2026-06-11,-1
8148,2026-06-12,-1
8149,2026-06-15,0
8150,2026-06-16,0
8151,2026-06-17,0
8152,2026-06-18,-1
8153,2026-06-22,-1
8154,2026-06-23,-1
8155,2026-06-24,-1
8156,2026-06-25,-1
8157,2026-06-26,-1
8158,2026-06-29,-1
8159,2026-06-30,0
8160,2026-07-01,-1
8161,2026-07-02,0
8162,2026-07-06,0
8163,2026-07-07,0
8164,2026-07-08,0
8165,2026-07-09,0
8166,2026-07-10,-1
8167,2026-07-13,0
8168,2026-07-14,0
8169,2026-07-15,0
8170,2026-07-16,0
8171,2026-07-17,0
8172,2026-07-20,0
8173,2026-07-21,0
8174,2026-07-22,0
8175,2026-07-23,0
8176,2026-07-24,0
8177,2026-07-27,0
8178,2026-07-28,-1
8179,2026-07-29,-1
8180,2026-07-30,0
8181,2026-07-31,0
8182,2026-08-03,-1
8183,2026-08-04,-1
8184,2026-08-05,-1
8185,2026-08-06,-1
8186,2026-08-07,0
8187,2026-08-10,-1
8188,2026-08-11,-1
8189,2026-08-12,0
8190,2026-08-13,-1
8191,2026-08-14,0
8192,2026-08-17,0
8193,2026-08-18,0
8194,2026-08-19,0
8195,2026-08-20,0
8196,2026-08-21,0
