date,open,high,low,close,volume
1993-01-29,43.96875,43.96875,43.75,43.9375,1003200
1993-02-01,43.96875,44.25,43.96875,44.25,480500
1993-02-02,44.21875,44.375,44.125,44.34375,201300
1993-02-03,44.40625,44.84375,44.375,44.8125,529400
1993-02-04,44.96875,45.09375,44.46875,45,531500
1993-02-05,44.96875,45.0625,44.71875,44.96875,492100
1993-02-08,44.96875,45.125,44.90625,44.96875,596100
1993-02-09,44.8125,44.8125,44.5625,44.65625,122100
1993-02-10,44.65625,44.75,44.53125,44.71875,379600
1993-02-11,44.78125,45.125,44.78125,44.9375,19500
1993-02-12,44.875,44.875,44.59375,44.59375,42500
1993-02-16,44.46875,44.46875,43.40625,43.46875,374800
1993-02-17,43.46875,43.53125,43.28125,43.4375,210900
1993-02-18,43.9375,43.9375,42.8125,43.40625,378100
1993-02-19,43.40625,43.5625,43.34375,43.5625,34900
1993-02-22,43.6875,43.78125,43.5625,43.71875,513600
1993-02-23,43.84375,43.875,43.46875,43.6875,373700
1993-02-24,43.71875,44.25,43.71875,44.25,26300
1993-02-25,44.21875,44.375,44.125,44.34375,44500
1993-02-26,44.4375,44.4375,44.1875,44.40625,66200
1993-03-01,44.5625,44.5625,44.21875,44.28125,66500
1993-03-02,44.3125,44.9375,44.25,44.9375,182400
1993-03-03,45,45.15625,44.9375,45.125,280100
1993-03-04,45.1875,45.1875,44.875,44.875,89500
1993-03-05,44.9375,45.125,44.71875,44.75,40000
1993-03-08,44.84375,45.75,44.84375,45.75,50800
1993-03-09,45.65625,45.6875,45.5,45.59375,169300
1993-03-10,45.59375,45.6875,45.40625,45.6875,194400
1993-03-11,45.71875,45.84375,45.5,45.5625,70900
1993-03-12,45.1875,45.21875,44.8125,45.09375,643600
1993-03-15,45.0625,45.3125,45.0625,45.3125,310800
1993-03-16,45.3125,45.4375,45.3125,45.3125,30800
1993-03-17,45.25,45.25,44.96875,45.03125,21800
1993-03-18,45.21875,45.5,45.21875,45.3125,59300
1993-03-19,45.28125,45.28125,45.03125,45.03125,66900
1993-03-22,44.59375,44.875,44.5625,44.78125,183400
1993-03-23,44.90625,44.9375,44.8125,44.875,55200
1993-03-24,44.8125,45.0625,44.59375,44.875,37200
1993-03-25,44.90625,45.25,44.84375,45.15625,110100
1993-03-26,45.125,45.15625,44.875,44.90625,101500
1993-03-29,44.9375,45.3125,44.9375,45.09375,87100
1993-03-30,45.15625,45.21875,45.09375,45.21875,56000
1993-03-31,45.34375,45.46875,45.1875,45.1875,111600
1993-04-01,45.25,45.25,44.9375,45.03125,129500
1993-04-02,44.65625,44.65625,44.09375,44.09375,59400
1993-04-05,44.4375,44.4375,44.1875,44.3125,172200
1993-04-06,44.40625,44.40625,44.0625,44.1875,129700
1993-04-07,44.25,44.34375,44.15625,44.34375,28000
1993-04-08,44.53125,44.53125,44.09375,44.28125,180800
1993-04-12,44.71875,44.9375,44.65625,44.90625,348500
1993-04-13,44.875,45.15625,44.84375,45,146100
1993-04-14,45.03125,45.0625,44.90625,44.9375,119600
1993-04-15,44.90625,45.03125,44.75,44.9375,148600
1993-04-16,44.96875,45.03125,44.875,44.9375,47900
1993-04-19,44.9375,45.0625,44.71875,44.75,157000
1993-04-20,44.6875,44.75,44.25,44.53125,279500
1993-04-21,44.625,44.625,44.375,44.5,67900
1993-04-22,44.3125,44.6875,43.9375,43.9375,97700
1993-04-23,43.84375,43.96875,43.6875,43.75,106000
1993-04-26,43.78125,43.9375,43.28125,43.40625,62600
1993-04-27,43.34375,43.875,43.34375,43.875,156800
1993-04-28,43.8125,43.90625,43.71875,43.78125,85900
1993-04-29,43.875,43.96875,43.625,43.96875,85000
1993-04-30,44.125,44.28125,44.03125,44.03125,88500
1993-05-03,44.09375,44.3125,43.90625,44.3125,80500
1993-05-04,44.40625,44.625,44.34375,44.46875,149100
1993-05-05,44.46875,44.75,44.46875,44.59375,109000
1993-05-06,44.53125,44.5625,44.40625,44.4375,54700
1993-05-07,44.46875,44.46875,44.28125,44.34375,68000
1993-05-10,44.40625,44.6875,44.40625,44.4375,113900
1993-05-11,44.4375,44.625,44.3125,44.625,42600
1993-05-12,44.4375,44.59375,44.4375,44.5625,31000
1993-05-13,44.375,44.375,44,44.03125,129100
1993-05-14,44.03125,44.15625,43.96875,44,63500
1993-05-17,44.125,44.15625,43.9375,44.15625,34000
1993-05-18,44.1875,44.21875,43.96875,44.125,105200
1993-05-19,44.125,45.03125,43.84375,45.03125,50200
1993-05-20,45.03125,45.15625,44.9375,45.15625,98200
1993-05-21,45.1875,45.25,44.71875,44.75,221400
1993-05-24,44.84375,45.09375,44.84375,44.9375,30500
1993-05-25,45.125,45.125,45.03125,45.03125,191800
1993-05-26,45.15625,45.625,45.125,45.59375,102400
1993-05-27,45.65625,45.65625,45.375,45.4375,53800
1993-05-28,45.40625,45.40625,45,45.21875,79100
1993-06-01,45.375,45.8125,45.3125,45.65625,28300
1993-06-02,45.53125,45.75,45.34375,45.59375,20300
1993-06-03,45.5,45.5,45.34375,45.4375,21600
1993-06-04,45.3125,45.3125,45.09375,45.28125,32000
1993-06-07,45.375,45.375,45.125,45.125,121400
1993-06-08,45,45,44.71875,44.71875,104500
1993-06-09,44.875,45.0625,44.8125,44.875,43300
1993-06-10,44.84375,44.9375,44.75,44.90625,17900
1993-06-11,45.0625,45.15625,44.90625,45.09375,647400
1993-06-14,45.15625,45.1875,45.03125,45.03125,64200
1993-06-15,45.09375,45.125,44.9375,44.9375,142400
1993-06-16,44.9375,45.03125,44.8125,45.03125,330900
1993-06-17,45.125,45.1875,45.03125,45.1875,37400
1993-06-18,44.84375,44.84375,44.5,44.5,58500
1993-06-21,44.625,44.625,44.53125,44.59375,29300
1993-06-22,44.65625,44.65625,44.5625,44.625,137500
1993-06-23,44.625,44.625,44.21875,44.21875,227600
1993-06-24,44.34375,44.8125,44.34375,44.8125,243700
1993-06-25,44.78125,44.90625,44.75,44.78125,44800
1993-06-28,45,45.28125,44.9375,45.28125,439900
1993-06-29,45.21875,45.21875,45,45.0625,207500
1993-06-30,45.125,45.21875,45,45.0625,437600
1993-07-01,45.125,45.125,44.875,44.9375,605700
1993-07-02,44.78125,44.8125,44.53125,44.6875,285400
1993-07-06,44.625,44.75,44.15625,44.21875,246400
1993-07-07,44.1875,44.40625,44.1875,44.34375,343700
1993-07-08,44.375,44.9375,44.3125,44.84375,248200
1993-07-09,44.84375,44.96875,44.75,44.96875,378200
1993-07-12,44.90625,44.96875,44.84375,44.9375,373700
1993-07-13,44.96875,45.09375,44.65625,44.90625,389600
1993-07-14,44.9375,45.1875,44.90625,45.0625,617300
1993-07-15,45.03125,45.03125,44.78125,44.875,443800
1993-07-16,44.90625,44.9375,44.6875,44.75,216400
1993-07-19,44.75,44.75,44.59375,44.71875,188200
1993-07-20,44.6875,44.84375,44.46875,44.84375,68500
1993-07-21,44.78125,44.8125,44.65625,44.8125,142700
1993-07-22,44.75,44.8125,44.5,44.5,632400
1993-07-23,44.59375,44.71875,44.5625,44.71875,286200
1993-07-26,44.84375,45.0625,44.84375,44.96875,121300
1993-07-27,45,45.03125,44.78125,44.9375,92800
1993-07-28,44.84375,44.9375,44.78125,44.84375,30800
1993-07-29,44.9375,45.21875,44.875,45.09375,331000
1993-07-30,45.09375,45.09375,44.78125,44.84375,75300
1993-08-02,44.90625,45.125,44.90625,44.96875,41300
1993-08-03,45.0625,45.1875,44.84375,45,81600
1993-08-04,45,45.09375,44.875,45,434000
1993-08-05,45,45,44.84375,44.90625,36800
1993-08-06,45.03125,45.0625,44.90625,44.96875,402300
1993-08-09,45.09375,45.34375,45,45.21875,828200
1993-08-10,45.1875,45.21875,45.125,45.1875,604900
1993-08-11,45.15625,45.3125,45.15625,45.1875,542200
1993-08-12,45.3125,45.3125,44.90625,45.0625,303700
1993-08-13,45.09375,45.15625,45.09375,45.125,103500
1993-08-16,45.15625,45.5,45.15625,45.375,241800
1993-08-17,45.34375,45.53125,45.34375,45.53125,369300
1993-08-18,45.6875,45.875,45.65625,45.78125,414300
1993-08-19,45.8125,45.8125,45.71875,45.78125,28500
1993-08-20,45.6875,45.8125,45.65625,45.8125,80700
1993-08-23,45.625,45.75,45.625,45.71875,15600
1993-08-24,45.71875,46.21875,45.71875,46.21875,273400
1993-08-25,46.21875,46.4375,46.15625,46.25,242300
1993-08-26,46.28125,46.53125,46.09375,46.28125,120000
1993-08-27,46.15625,46.25,46.15625,46.25,25700
1993-08-30,46.28125,46.5,46.28125,46.4375,183500
1993-08-31,46.40625,46.5625,46.34375,46.5625,66500
1993-09-01,46.40625,46.59375,46.40625,46.5,136500
1993-09-02,46.53125,46.59375,46.3125,46.34375,472400
1993-09-03,46.3125,46.4375,46.25,46.375,630500
1993-09-07,46.375,46.4375,46,46.0625,196400
1993-09-08,46.0625,46.0625,45.59375,45.90625,269900
1993-09-09,45.71875,46.03125,45.71875,46,239200
1993-09-10,46.125,46.4375,46.0625,46.40625,106500
1993-09-13,46.5625,46.5625,46.4375,46.4375,66900
1993-09-14,46.3125,46.3125,46.09375,46.25,184500
1993-09-15,46.0625,46.40625,45.90625,46.375,101000
1993-09-16,46.3125,46.34375,46.15625,46.1875,54300
1993-09-17,45.875,45.90625,45.75,45.8125,200900
1993-09-20,45.875,45.96875,45.4375,45.4375,57800
1993-09-21,45.5,45.5625,44.8125,45.28125,318200
1993-09-22,45.4375,45.71875,45.375,45.65625,439700
1993-09-23,45.78125,45.9375,45.71875,45.90625,88500
1993-09-24,45.84375,45.875,45.71875,45.78125,53500
1993-09-27,46.125,46.28125,46.125,46.28125,274600
1993-09-28,46.3125,46.3125,46.15625,46.1875,158300
1993-09-29,46.1875,46.3125,45.96875,46.03125,221000
1993-09-30,46.03125,46.125,45.84375,45.9375,99300
1993-10-01,45.875,46.21875,45.8125,46.15625,22700
1993-10-04,46.21875,46.21875,46.09375,46.21875,1038500
1993-10-05,46.3125,46.3125,46,46.15625,436500
1993-10-06,46.1875,46.375,46.125,46.125,209200
1993-10-07,46.1875,46.1875,45.96875,46,59400
1993-10-08,46.125,46.15625,45.71875,46.0625,54400
1993-10-11,46.15625,46.25,46.15625,46.15625,467100
1993-10-12,46.21875,46.25,46.1875,46.21875,26200
1993-10-13,46.25,46.25,46.15625,46.21875,139100
1993-10-14,46.40625,46.8125,46.28125,46.8125,108100
1993-10-15,47.03125,47.15625,46.90625,47.0625,1502500
1993-10-18,47.03125,47.03125,46.875,46.9375,722400
1993-10-19,46.875,46.96875,46.59375,46.59375,880100
1993-10-20,46.75,46.75,46.5625,46.65625,230400
1993-10-21,46.6875,46.6875,46.53125,46.59375,56200
1993-10-22,46.65625,46.84375,46.375,46.375,390700
1993-10-25,46.40625,46.5625,46.28125,46.5,114500
1993-10-26,46.46875,46.5,46.3125,46.46875,186200
1993-10-27,46.40625,46.53125,46.40625,46.5,118400
1993-10-28,46.5625,46.96875,46.5625,46.84375,129600
1993-10-29,46.8125,46.875,46.78125,46.84375,80700
1993-11-01,46.78125,47,46.78125,46.96875,36400
1993-11-02,46.90625,47,46.65625,46.9375,262100
1993-11-03,46.90625,46.90625,46.125,46.34375,479100
1993-11-04,46.34375,46.34375,45.8125,45.84375,130400
1993-11-05,45.71875,46.0625,45.53125,46.0625,363200
1993-11-08,46.09375,46.25,45.96875,46.125,367600
1993-11-09,46.4375,46.46875,46.125,46.15625,246900
1993-11-10,46.15625,46.5,46.03125,46.5,46500
1993-11-11,46.5,46.625,46.34375,46.375,88900
1993-11-12,46.46875,46.75,46.4375,46.59375,108200
1993-11-15,46.6875,46.6875,46.4375,46.5625,243300
1993-11-16,46.65625,46.8125,46.46875,46.78125,492600
1993-11-17,46.8125,46.8125,46.40625,46.53125,39600
1993-11-18,46.46875,46.5625,46.28125,46.40625,240800
1993-11-19,46.25,46.375,46.21875,46.3125,106000
1993-11-22,46.1875,46.21875,45.875,46.03125,165300
1993-11-23,46.28125,46.3125,46.03125,46.28125,89700
1993-11-24,46.40625,46.5,46.34375,46.46875,77200
1993-11-26,46.59375,46.59375,46.46875,46.5,1019800
1993-11-29,46.625,46.71875,46.3125,46.3125,517500
1993-11-30,46.28125,46.5625,46.25,46.34375,230000
1993-12-01,46.59375,46.625,46.40625,46.40625,379200
1993-12-02,46.5,46.5625,46.40625,46.53125,352000
1993-12-03,46.5,46.71875,46.5,46.71875,306000
1993-12-06,46.78125,46.9375,46.78125,46.875,99500
1993-12-07,46.875,46.90625,46.78125,46.84375,88800
1993-12-08,46.84375,46.84375,46.78125,46.84375,146700
1993-12-09,46.84375,46.90625,46.625,46.6875,416500
1993-12-10,46.71875,46.71875,46.5,46.59375,412900
1993-12-13,46.59375,46.875,46.53125,46.875,273200
1993-12-14,46.90625,46.90625,46.53125,46.53125,41900
1993-12-15,46.59375,46.625,46.46875,46.46875,82600
1993-12-16,46.65625,46.65625,46.5625,46.625,78200
1993-12-17,46.40625,46.59375,46.375,46.5625,104700
1993-12-20,46.53125,46.65625,46.5,46.625,68800
1993-12-21,46.5625,46.5625,46.40625,46.46875,205700
1993-12-22,46.59375,46.8125,46.5,46.78125,410300
1993-12-23,46.75,46.84375,46.6875,46.75,533800
1993-12-27,46.75,47,46.75,47,447100
1993-12-28,46.96875,47.125,46.9375,47.09375,880600
1993-12-29,47.125,47.15625,47,47.03125,266700
1993-12-30,47,47,46.75,46.84375,219900
1993-12-31,46.9375,47,46.5625,46.59375,312900
1994-01-03,46.59375,46.65625,46.40625,46.46875,960900
1994-01-04,46.53125,46.65625,46.46875,46.65625,164300
1994-01-05,46.71875,46.78125,46.53125,46.75,710900
1994-01-06,46.8125,46.84375,46.6875,46.75,201000
1994-01-07,46.84375,47.0625,46.71875,47.03125,775500
1994-01-10,47.09375,47.59375,46.96875,47.59375,593700
1994-01-11,47.5625,47.5625,47.34375,47.5,295200
1994-01-12,47.53125,47.53125,47.1875,47.34375,158400
1994-01-13,47.21875,47.3125,47.15625,47.21875,244300
1994-01-14,47.375,47.5,47.375,47.40625,137200
1994-01-17,47.40625,47.46875,47.3125,47.40625,17700
1994-01-18,47.46875,47.53125,47.375,47.46875,166400
1994-01-19,47.40625,47.46875,47.25,47.34375,200800
1994-01-20,47.40625,47.5,47.375,47.46875,281100
1994-01-21,47.53125,47.53125,47.34375,47.375,85600
1994-01-24,47.34375,47.5625,47.1875,47.1875,373800
1994-01-25,47.21875,47.25,47.09375,47.1875,310400
1994-01-26,47.1875,47.34375,47.125,47.3125,145100
1994-01-27,47.40625,47.8125,47.34375,47.75,344500
1994-01-28,47.9375,48.03125,47.875,47.875,356500
1994-01-31,48.0625,48.3125,48,48.21875,313800
1994-02-01,48.15625,48.15625,47.90625,47.96875,303600
1994-02-02,48.125,48.28125,48.09375,48.28125,307600
1994-02-03,48.1875,48.1875,47.90625,48.0625,466100
1994-02-04,48.0625,48.125,46.96875,46.96875,1403200
1994-02-07,46.84375,47.3125,46.84375,47.1875,516400
1994-02-08,47.28125,47.28125,47.03125,47.21875,188200
1994-02-09,47.25,47.4375,47.1875,47.40625,144600
1994-02-10,47.375,47.40625,47,47,883900
1994-02-11,47.03125,47.28125,46.8125,47.15625,519400
1994-02-14,47.0625,47.375,47,47.21875,2742100
1994-02-15,47.3125,47.5,47.25,47.46875,374700
1994-02-16,47.53125,47.53125,47.34375,47.4375,287600
1994-02-17,47.65625,47.6875,47.03125,47.15625,342400
1994-02-18,47.1875,47.21875,46.75,46.875,313300
1994-02-22,47,47.34375,47,47.34375,154500
1994-02-23,47.40625,47.4375,47.0625,47.21875,391700
1994-02-24,47.0625,47.0625,46.5625,46.59375,770800
1994-02-25,46.65625,46.8125,46.5625,46.8125,531300
1994-02-28,46.9375,47.0625,46.8125,46.8125,333000
1994-03-01,46.8125,46.90625,46.375,46.625,423600
1994-03-02,46.03125,46.6875,45.90625,46.6875,581500
1994-03-03,46.625,46.625,46.4375,46.5625,223200
1994-03-04,46.5625,46.8125,46.40625,46.6875,595800
1994-03-07,46.84375,47,46.84375,46.9375,539800
1994-03-08,46.96875,46.96875,46.6875,46.75,880300
1994-03-09,46.8125,47,46.59375,46.96875,2500100
1994-03-10,46.9375,46.9375,46.4375,46.59375,207400
1994-03-11,46.65625,46.90625,46.40625,46.84375,576600
1994-03-14,47.03125,47.03125,46.84375,46.90625,345900
1994-03-15,47,47.09375,46.84375,46.875,748600
1994-03-16,46.9375,47.25,46.78125,47.25,455500
1994-03-17,47.09375,47.3125,47.09375,47.25,133000
1994-03-18,46.75,47.03125,46.71875,46.96875,365500
1994-03-21,46.8125,46.9375,46.71875,46.84375,324800
1994-03-22,46.84375,47.0625,46.75,46.96875,435700
1994-03-23,46.9375,47.0625,46.90625,46.9375,698500
1994-03-24,46.75,46.84375,46.15625,46.375,1200500
1994-03-25,46.40625,46.53125,45.9375,45.9375,100900
1994-03-28,46,46.0625,45.59375,46,1117200
1994-03-29,46,46.03125,45.09375,45.09375,338400
1994-03-30,45.125,45.25,44.46875,44.46875,1123900
1994-03-31,44.46875,44.6875,43.53125,44.59375,788800
1994-04-04,43.34375,44.03125,43.34375,43.90625,2627300
1994-04-05,44.34375,44.8125,44.34375,44.8125,1179000
1994-04-06,44.875,44.90625,44.5,44.8125,516500
1994-04-07,44.78125,45.125,44.53125,45.03125,666100
1994-04-08,44.9375,44.9375,44.46875,44.6875,242400
1994-04-11,44.8125,45.0625,44.70312,44.875,203300
1994-04-12,44.92188,45,44.71875,44.8125,1409200
1994-04-13,44.79688,44.90625,44.25,44.57812,364100
1994-04-14,44.5,44.82812,44.40625,44.59375,419900
1994-04-15,44.57812,44.78125,44.51562,44.59375,387300
1994-04-18,44.64062,44.76562,44.15625,44.29688,369100
1994-04-19,44.25,44.53125,43.98438,44.35938,472200
1994-04-20,44.40625,44.51562,44.078125,44.3125,508000
1994-04-21,44.5,44.96875,44.34375,44.90625,200300
1994-04-22,45.015625,45.046875,44.73438,44.85938,301800
1994-04-25,44.84375,45.35938,44.84375,45.32812,394600
1994-04-26,45.26562,45.34375,45.1875,45.28125,399000
1994-04-28,45.1875,45.25,44.8125,44.95312,287000
1994-04-29,44.875,45.15625,44.8125,45.09375,481900
1994-05-02,45.09375,45.71875,44.9375,45.375,275000
1994-05-03,45.39062,45.40625,45.0625,45.32812,183400
1994-05-04,45.42188,45.42188,45.078125,45.25,401900
1994-05-05,45.29688,45.375,45.1875,45.1875,659800
1994-05-06,44.96875,44.96875,44.59375,44.75,216300
1994-05-09,44.625,44.75,44.28125,44.35938,499300
1994-05-10,44.57812,44.84375,44.54688,44.70312,583400
1994-05-11,44.65625,44.71875,44.17188,44.29688,210600
1994-05-12,44.57812,44.625,44.40625,44.51562,305200
1994-05-13,44.64062,44.64062,44.29688,44.51562,321300
1994-05-16,44.60938,44.75,44.51562,44.53125,450400
1994-05-17,44.5625,45.1875,44.5,45.1875,470200
1994-05-18,45.21875,45.6875,45.015625,45.51562,824800
1994-05-19,45.42188,45.85938,45.42188,45.73438,531000
1994-05-20,45.65625,45.6875,45.5,45.5625,370400
1994-05-23,45.51562,45.53125,45.34375,45.48438,262700
1994-05-24,45.60938,45.84375,45.60938,45.67188,549600
1994-05-25,45.5,45.82812,45.34375,45.79688,738200
1994-05-26,45.78125,45.9375,45.73438,45.82812,369600
1994-05-27,45.75,45.875,45.67188,45.875,162000
1994-05-31,45.73438,45.90625,45.65625,45.8125,160000
1994-06-01,45.70312,46.015625,45.5625,46.015625,200500
1994-06-02,46.046875,46.046875,45.89062,45.96875,55100
1994-06-03,46,46.39062,45.85938,46.23438,550400
1994-06-06,46.32812,46.46875,46.1875,46.21875,99300
1994-06-07,46.14062,46.21875,46.03125,46.15625,120600
1994-06-08,46.26562,46.26562,45.78125,45.78125,131900
1994-06-09,45.98438,46.03125,45.89062,46.03125,80500
1994-06-10,46.078125,46.20312,46.078125,46.10938,83100
1994-06-13,46.046875,46.1875,46.03125,46.17188,109700
1994-06-14,46.3125,46.54688,46.3125,46.53125,161000
1994-06-15,46.54688,46.5625,46.3125,46.34375,142800
1994-06-16,46.34375,46.46875,46.29688,46.4375,44000
1994-06-17,46.15625,46.20312,45.8125,45.875,403800
1994-06-20,45.54688,45.625,45.4375,45.48438,137400
1994-06-21,45.45312,45.45312,44.90625,45.09375,139200
1994-06-22,45.21875,45.42188,45.17188,45.26562,279900
1994-06-23,45.34375,45.40625,44.9375,45,922500
1994-06-24,44.78125,44.78125,44,44.0625,353800
1994-06-27,44.23438,44.82812,44.015625,44.82812,371200
1994-06-28,44.84375,44.84375,44.25,44.60938,5382300
1994-06-29,44.67188,45.015625,44.625,44.75,311800
1994-06-30,44.82812,44.84375,44.3125,44.46875,271900
1994-07-01,44.6875,44.6875,44.375,44.5625,406900
1994-07-05,44.65625,44.85938,44.51562,44.79688,112000
1994-07-06,44.625,44.8125,44.46875,44.73438,174800
1994-07-07,44.73438,44.92188,44.6875,44.92188,66700
1994-07-08,44.64062,44.98438,44.625,44.90625,148400
1994-07-11,44.9375,45.015625,44.53125,44.75,124000
1994-07-12,44.76562,44.82812,44.51562,44.8125,257300
1994-07-13,44.82812,45.03125,44.82812,44.89062,532700
1994-07-14,45.10938,45.46875,45.078125,45.375,494200
1994-07-15,45.34375,45.48438,45.32812,45.39062,49100
1994-07-18,45.39062,45.57812,45.39062,45.46875,72300
1994-07-19,45.54688,45.5625,45.375,45.375,609500
1994-07-20,45.40625,45.40625,45.0625,45.17188,185300
1994-07-21,45.17188,45.29688,45.078125,45.26562,86300
1994-07-22,45.375,45.40625,45.25,45.34375,151600
1994-07-25,45.35938,45.45312,45.3125,45.40625,120900
1994-07-26,45.39062,45.42188,45.3125,45.35938,489600
1994-07-27,45.35938,45.35938,45.17188,45.35938,83200
1994-07-28,45.35938,45.57812,45.35938,45.45312,828200
1994-07-29,45.76562,46.046875,45.75,45.90625,459100
1994-08-01,45.9375,46.15625,45.89062,46.125,486300
1994-08-02,46.28125,46.375,46.03125,46.1875,505500
1994-08-03,46.17188,46.23438,46.09375,46.20312,144100
1994-08-04,46.17188,46.21875,45.92188,45.9375,231700
1994-08-05,45.70312,45.84375,45.65625,45.78125,138400
1994-08-08,45.82812,45.9375,45.78125,45.89062,328600
1994-08-09,45.71875,45.96875,45.71875,45.96875,105900
1994-08-10,46,46.1875,45.9375,46.14062,840300
1994-08-11,46.03125,46.23438,45.73438,45.96875,876200
1994-08-12,46.046875,46.34375,46.046875,46.32812,184100
1994-08-15,46.375,46.48438,46.3125,46.3125,325900
1994-08-16,46.34375,46.6875,46.15625,46.64062,1089500
1994-08-17,46.70312,46.73438,46.57812,46.60938,133700
1994-08-18,46.45312,46.5625,46.40625,46.45312,620000
1994-08-19,46.46875,46.51562,46.3125,46.42188,103200
1994-08-22,46.4375,46.4375,46.28125,46.375,79700
1994-08-23,46.57812,46.85938,46.51562,46.64062,268600
1994-08-24,46.6875,47.14062,46.67188,47.14062,254700
1994-08-25,47.09375,47.20312,46.89062,47.015625,147400
1994-08-26,47.125,47.78125,47.125,47.6875,339500
1994-08-29,47.8125,47.98438,47.64062,47.65625,350300
1994-08-30,47.64062,47.85938,47.57812,47.78125,36000
1994-08-31,47.70312,47.89062,47.59375,47.65625,356200
1994-09-01,47.5,47.53125,47.32812,47.5,294600
1994-09-02,47.71875,47.71875,47.21875,47.29688,99600
1994-09-06,47.26562,47.35938,47.125,47.3125,229800
1994-09-07,47.42188,47.42188,47.21875,47.26562,27900
1994-09-08,47.35938,47.5625,47.34375,47.5,284800
1994-09-09,47.03125,47.125,46.8125,47,488400
1994-09-12,47,47.0625,46.78125,46.85938,129400
1994-09-13,46.95312,47.125,46.85938,47,389200
1994-09-14,46.84375,47.10938,46.84375,47.046875,423500
1994-09-15,47.17188,47.64062,47.17188,47.64062,779800
1994-09-16,47,47.14062,46.84375,47.015625,571300
1994-09-19,47.125,47.32812,47.015625,47.0625,167300
1994-09-20,46.8125,46.85938,46.17188,46.17188,355600
1994-09-21,46.3125,46.3125,45.73438,46.17188,397500
1994-09-22,46.28125,46.28125,46.015625,46.0625,266400
1994-09-23,46.078125,46.17188,45.82812,45.90625,176600
1994-09-26,46.078125,46.17188,45.98438,46.14062,223000
1994-09-27,46.14062,46.26562,46,46.10938,479500
1994-09-28,46.35938,46.53125,46.32812,46.46875,324000
1994-09-29,46.46875,46.46875,46.09375,46.23438,195900
1994-09-30,46.21875,46.4375,46.17188,46.17188,5200
1994-10-03,46.20312,46.25,45.98438,46.0625,72600
1994-10-04,46.29688,46.29688,45.34375,45.375,84200
1994-10-05,45.29688,45.39062,45,45.39062,461900
1994-10-06,45.42188,45.45312,45.17188,45.25,345200
1994-10-07,45.25,45.57812,45.20312,45.45312,188700
1994-10-10,45.65625,46.015625,45.64062,45.9375,213600
1994-10-11,46.14062,46.75,46.14062,46.625,461400
1994-10-12,46.6875,46.75,46.57812,46.6875,162400
1994-10-13,47.21875,47.32812,46.79688,46.84375,1564500
1994-10-14,47,47.0625,46.6875,47.046875,72800
1994-10-17,47,47.0625,46.90625,46.95312,282300
1994-10-18,46.90625,46.90625,46.6875,46.84375,132100
1994-10-19,46.67188,47.23438,46.65625,47.0625,136700
1994-10-20,47.0625,47.0625,46.60938,46.75,290300
1994-10-21,46.625,46.6875,46.35938,46.5625,87800
1994-10-24,46.57812,46.76562,46.15625,46.17188,149600
1994-10-25,46.015625,46.3125,46,46.21875,91800
1994-10-26,46.39062,46.4375,46.17188,46.39062,201000
1994-10-27,46.5625,46.67188,46.45312,46.67188,210300
1994-10-28,46.76562,47.70312,46.76562,47.65625,192100
1994-10-31,47.54688,47.59375,47.46875,47.48438,36300
1994-11-01,47.28125,47.28125,46.9375,46.95312,435200
1994-11-02,46.8125,47.23438,46.6875,46.6875,115600
1994-11-03,46.84375,47.015625,46.78125,46.9375,87000
1994-11-04,47.15625,47.15625,46.32812,46.32812,124400
1994-11-07,46.4375,46.59375,46.3125,46.46875,115000
1994-11-08,46.625,46.98438,46.54688,46.82812,308300
1994-11-09,47.32812,47.32812,46.5,46.90625,318500
1994-11-10,46.9375,47.03125,46.54688,46.57812,172100
1994-11-11,46.51562,46.5625,46.28125,46.40625,302200
1994-11-14,46.60938,46.85938,46.60938,46.84375,181400
1994-11-15,46.79688,47.09375,46.32812,46.6875,316900
1994-11-16,46.76562,46.84375,46.60938,46.84375,106900
1994-11-17,46.875,46.875,46.34375,46.53125,104700
1994-11-18,46.54688,46.625,46.26562,46.46875,269300
1994-11-21,46.4375,46.57812,46,46,283100
1994-11-22,45.82812,46,45,45,483600
1994-11-23,45.03125,45.26562,44.60938,45.25,601600
1994-11-25,45.28125,45.53125,45.28125,45.46875,77300
1994-11-28,45.45312,45.6875,45.34375,45.67188,79900
1994-11-29,45.65625,45.75,45.5,45.65625,105500
1994-11-30,45.89062,45.95312,45.59375,45.59375,218800
1994-12-01,45.64062,45.64062,45.046875,45.14062,439000
1994-12-02,45.046875,45.5625,45.046875,45.5625,318500
1994-12-05,45.65625,45.8125,45.5,45.60938,139200
1994-12-06,45.4375,45.65625,45.35938,45.64062,249900
1994-12-07,45.35938,45.5,45.26562,45.3125,531900
1994-12-08,45.5,45.5625,44.75,44.875,261500
1994-12-09,44.875,45.078125,44.6875,45.046875,235900
1994-12-12,44.95312,45.34375,44.95312,45.34375,151100
1994-12-13,45.3125,45.53125,45.3125,45.51562,70900
1994-12-14,45.45312,45.95312,45.45312,45.75,203300
1994-12-15,45.8125,46.03125,45.8125,45.89062,130100
1994-12-16,45.67188,45.84375,45.625,45.75,266100
1994-12-19,45.75,45.84375,45.60938,45.8125,1120200
1994-12-20,45.85938,45.89062,45.67188,45.67188,675600
1994-12-21,45.70312,46.26562,45.70312,46.15625,544500
1994-12-22,46.15625,46.20312,45.96875,46.015625,222000
1994-12-23,45.98438,46.17188,45.98438,46.0625,125800
1994-12-27,46.21875,46.40625,46.1875,46.3125,95200
1994-12-28,46.35938,46.35938,45.96875,46.078125,358200
1994-12-29,46.25,46.25,46.0625,46.10938,220100
1994-12-30,46.20312,46.25,45.5625,45.5625,2209500
1995-01-03,45.70312,45.84375,45.6875,45.78125,324300
1995-01-04,45.98438,46,45.75,46,351800
1995-01-05,46.03125,46.10938,45.95312,46,89800
1995-01-06,46.09375,46.25,45.90625,46.046875,448400
1995-01-09,46.03125,46.09375,46,46.09375,36800
1995-01-10,46.20312,46.39062,46.14062,46.14062,229800
1995-01-11,46.29688,46.29688,45.8125,46.17188,222400
1995-01-12,46.125,46.21875,46.03125,46.1875,40300
1995-01-13,46.4375,46.73438,46.375,46.73438,170600
1995-01-16,46.71875,47.03125,46.71875,47.015625,105100
1995-01-17,46.92188,47.0625,46.85938,47.03125,89500
1995-01-18,47,47.078125,46.875,46.98438,84500
1995-01-19,46.82812,46.875,46.6875,46.71875,139100
1995-01-20,46.65625,46.67188,46.45312,46.54688,78700
1995-01-23,46.23438,46.6875,46.20312,46.6875,53700
1995-01-24,46.67188,46.75,46.64062,46.75,32400
1995-01-25,46.51562,47.046875,46.51562,46.875,15700
1995-01-26,46.84375,46.98438,46.75,46.92188,9800
1995-01-27,47.23438,47.23438,46.92188,47.10938,91200
1995-01-30,47.015625,47.046875,46.84375,46.90625,26600
1995-01-31,47,47.17188,46.92188,47.09375,127500
1995-02-01,47.15625,47.32812,47,47.078125,380200
1995-02-02,47.0625,47.35938,47.0625,47.35938,131700
1995-02-03,47.65625,48.10938,47.57812,48.03125,405100
1995-02-06,48.015625,48.375,47.96875,48.23438,405400
1995-02-07,48.3125,48.3125,48.14062,48.29688,702900
1995-02-08,48.23438,48.46875,48.20312,48.29688,521500
1995-02-09,48.21875,48.29688,48.125,48.29688,390700
1995-02-10,48.23438,48.35938,48.09375,48.35938,148300
1995-02-13,48.32812,48.46875,48.32812,48.375,79700
1995-02-14,48.53125,48.53125,48.25,48.4375,170200
1995-02-15,48.4375,48.76562,48.39062,48.70312,431500
1995-02-16,48.64062,48.6875,48.5,48.64062,99300
1995-02-17,48.59375,48.625,48.4375,48.45312,49100
1995-02-21,48.45312,48.53125,48.42188,48.4375,168000
1995-02-22,48.48438,48.79688,48.45312,48.79688,386400
1995-02-23,48.98438,49.15625,48.85938,48.875,402800
1995-02-24,48.9375,49.015625,48.8125,49,307600
1995-02-27,48.85938,49,48.53125,48.60938,280900
1995-02-28,48.5625,49.015625,48.5625,49.015625,493500
1995-03-01,48.96875,49.03125,48.65625,48.70312,242600
1995-03-02,48.6875,48.76562,48.54688,48.76562,488600
1995-03-03,48.60938,48.78125,48.48438,48.78125,290000
1995-03-06,48.45312,48.8125,48.39062,48.8125,85700
1995-03-07,48.64062,48.75,48.21875,48.4375,180900
1995-03-08,48.51562,48.625,48.34375,48.5625,155900
1995-03-09,48.54688,48.59375,48.42188,48.54688,63500
1995-03-10,48.59375,49.39062,48.53125,49.26562,192100
1995-03-13,49.23438,49.39062,49.17188,49.21875,261300
1995-03-14,49.35938,49.64062,49.35938,49.57812,223300
1995-03-15,49.5,49.57812,49.29688,49.48438,278500
1995-03-16,49.4375,49.8125,49.4375,49.78125,20400
1995-03-17,49.4375,49.625,49.40625,49.5625,89900
1995-03-20,49.625,49.625,49.46875,49.5625,91700
1995-03-21,49.5625,49.875,49.35938,49.4375,104400
1995-03-22,49.53125,49.53125,49.32812,49.48438,74900
1995-03-23,49.42188,49.65625,49.35938,49.51562,220500
1995-03-24,49.67188,50.21875,49.67188,50.21875,134000
1995-03-27,50.29688,50.42188,50.17188,50.42188,132100
1995-03-28,50.29688,50.42188,50.23438,50.42188,121900
1995-03-29,50.375,50.89062,50.125,50.40625,246100
1995-03-30,50.51562,50.51562,50.10938,50.3125,298400
1995-03-31,49.92188,50.17188,49.54688,50.10938,541300
1995-04-03,50.09375,50.23438,50.0625,50.23438,193300
1995-04-04,50.25,50.5625,50.25,50.5625,66900
1995-04-05,50.45312,50.60938,50.42188,50.5625,107200
1995-04-06,50.6875,50.79688,50.59375,50.75,352500
1995-04-07,50.85938,50.85938,50.46875,50.70312,361400
1995-04-10,50.625,50.79688,50.59375,50.79688,285400
1995-04-11,50.92188,50.9375,50.59375,50.625,250300
1995-04-12,50.70312,50.79688,50.60938,50.79688,150900
1995-04-13,50.89062,51.09375,50.85938,51.078125,243400
1995-04-17,51.26562,51.3125,50.625,50.78125,178900
1995-04-18,50.82812,50.82812,50.48438,50.60938,329500
1995-04-19,50.60938,50.71875,50.29688,50.5625,223000
1995-04-20,50.70312,50.78125,50.4375,50.64062,207900
1995-04-21,50.65625,50.90625,50.65625,50.89062,145000
1995-04-24,50.85938,51.48438,50.85938,51.48438,169000
1995-04-25,51.40625,51.48438,51.3125,51.34375,293200
1995-04-26,51.25,51.42188,51.125,51.39062,204400
1995-04-27,51.3125,51.54688,51.28125,51.51562,502200
1995-04-28,51.5,51.67188,51.17188,51.59375,130800
1995-05-01,51.54688,51.65625,51.45312,51.45312,518700
1995-05-02,51.5,51.64062,51.39062,51.5625,228400
1995-05-03,51.73438,52.28125,51.73438,52.28125,724700
1995-05-04,52.34375,52.6875,52.125,52.25,311400
1995-05-05,52.46875,52.46875,52.078125,52.1875,314900
1995-05-08,52.14062,52.73438,52.09375,52.5625,183100
1995-05-09,52.78125,52.84375,52.4375,52.51562,180600
1995-05-10,52.65625,52.67188,52.32812,52.57812,330300
1995-05-11,52.65625,52.71875,52.48438,52.71875,351700
1995-05-12,52.51562,52.875,52.5,52.75,94600
1995-05-15,52.89062,53,52.78125,53,147200
1995-05-16,52.98438,53.15625,52.89062,53.03125,221600
1995-05-17,53.03125,53.046875,52.78125,52.82812,189200
1995-05-18,52.73438,52.76562,52.0625,52.0625,577800
1995-05-19,51.98438,52.1875,51.90625,52.09375,363900
1995-05-22,52.26562,52.75,52.23438,52.67188,216000
1995-05-23,52.76562,53.15625,52.60938,53.15625,136800
1995-05-24,53.25,53.42188,52.79688,53.125,370800
1995-05-25,52.96875,53.21875,52.71875,53.17188,379900
1995-05-26,52.96875,52.98438,52.35938,52.5625,518600
1995-05-30,52.6875,52.82812,52.375,52.54688,61500
1995-05-31,52.45312,53.64062,52.45312,53.64062,564500
1995-06-01,53.40625,53.90625,53.25,53.5,810100
1995-06-02,53.28125,53.92188,53.09375,53.54688,112900
1995-06-05,53.54688,54.046875,53.5,53.875,257200
1995-06-06,53.82812,54.015625,53.78125,53.78125,165800
1995-06-07,53.67188,53.70312,53.4375,53.5,41900
1995-06-08,53.48438,53.64062,53.375,53.375,141100
1995-06-09,53.26562,53.32812,52.75,53.0625,304900
1995-06-12,53.23438,53.57812,53.20312,53.35938,378500
1995-06-13,53.60938,53.96875,53.5625,53.9375,120000
1995-06-14,53.85938,53.95312,53.6875,53.89062,389400
1995-06-15,53.96875,54.23438,53.875,54.125,274500
1995-06-16,53.70312,53.96875,53.70312,53.96875,325100
1995-06-19,54.125,54.60938,54.09375,54.57812,134600
1995-06-20,54.42188,54.60938,54.39062,54.4375,287800
1995-06-21,54.60938,54.65625,54.40625,54.40625,158200
1995-06-22,54.64062,55.15625,54.64062,55.125,297000
1995-06-23,55,55.03125,54.84375,55.015625,315400
1995-06-26,54.85938,54.95312,54.35938,54.35938,132900
1995-06-27,54.34375,54.70312,54.21875,54.25,127700
1995-06-28,54.25,54.75,54.078125,54.53125,212600
1995-06-29,54.53125,54.67188,54.0625,54.4375,89200
1995-06-30,54.54688,54.73438,54.29688,54.40625,714100
1995-07-03,54.46875,54.60938,54.46875,54.60938,9500
1995-07-05,54.76562,55.0625,54.64062,54.8125,409300
1995-07-06,54.82812,55.51562,54.71875,55.51562,202500
1995-07-07,55.40625,55.78125,55.375,55.76562,481700
1995-07-10,55.8125,55.95312,55.70312,55.79688,400400
1995-07-11,55.75,55.79688,55.45312,55.53125,420500
1995-07-12,55.64062,56.3125,55.53125,56.21875,203400
1995-07-13,56.14062,56.26562,56.03125,56.09375,215600
1995-07-14,55.79688,56.09375,55.75,56.046875,543700
1995-07-17,56.125,56.42188,56.078125,56.35938,171500
1995-07-18,56.26562,56.26562,55.82812,55.875,221200
1995-07-19,55.65625,55.71875,54.20312,55.26562,486600
1995-07-20,55.32812,55.57812,55.03125,55.46875,318900
1995-07-21,55.42188,55.625,55.1875,55.40625,94000
1995-07-24,55.48438,55.875,55.48438,55.8125,108400
1995-07-25,55.875,56.3125,55.70312,56.23438,107400
1995-07-26,56.20312,56.46875,56.17188,56.1875,167800
1995-07-27,56.45312,56.70312,56.45312,56.65625,187700
1995-07-28,56.70312,56.70312,56.25,56.29688,415600
1995-07-31,56.34375,56.39062,56.03125,56.15625,342500
1995-08-01,56.23438,56.23438,55.75,56.0625,141000
1995-08-02,56.39062,56.79688,55.84375,55.9375,240400
1995-08-03,55.54688,55.95312,55.45312,55.92188,1193600
1995-08-04,56.03125,56.078125,55.92188,55.98438,240500
1995-08-07,56.10938,56.28125,56.078125,56.10938,193100
1995-08-08,56.14062,56.3125,55.9375,56.10938,951900
1995-08-09,56.29688,56.29688,56.046875,56.09375,107100
1995-08-10,56.15625,56.28125,55.73438,55.96875,280800
1995-08-11,55.92188,55.98438,55.42188,55.65625,257200
1995-08-14,55.79688,56.15625,55.67188,56.15625,254800
1995-08-15,56.14062,56.14062,55.65625,56.046875,44400
1995-08-16,56,56.20312,55.9375,56.20312,374900
1995-08-17,56.23438,56.23438,55.90625,56.10938,353800
1995-08-18,56.39062,56.40625,56.125,56.17188,85400
1995-08-21,56.40625,56.64062,56,56.015625,266700
1995-08-22,56.09375,56.21875,55.8125,56.125,220200
1995-08-23,56.17188,56.20312,55.92188,55.92188,176500
1995-08-24,55.9375,56.09375,55.75,55.98438,167400
1995-08-25,56.078125,56.39062,56.078125,56.29688,195000
1995-08-28,56.45312,56.45312,56,56.09375,293000
1995-08-29,56.15625,56.25,55.76562,56.23438,1133100
1995-08-30,56.28125,56.42188,56.21875,56.35938,437400
1995-08-31,56.34375,56.5,56.29688,56.40625,491900
1995-09-01,56.39062,56.75,56.34375,56.65625,629900
1995-09-05,56.82812,57.21875,56.73438,57.1875,272200
1995-09-06,57.23438,57.35938,57.21875,57.29688,214500
1995-09-07,57.35938,57.39062,57.25,57.32812,258800
1995-09-08,57.54688,57.54688,57.17188,57.54688,107300
1995-09-11,57.64062,57.8125,57.64062,57.70312,260700
1995-09-12,57.71875,57.96875,57.57812,57.96875,139500
1995-09-13,57.90625,58.3125,57.89062,58.23438,239800
1995-09-14,58.4375,58.8125,58.28125,58.76562,457600
1995-09-15,58.40625,58.57812,58.20312,58.4375,431200
1995-09-18,58.23438,58.26562,57.9375,58.21875,307500
1995-09-19,58.32812,58.53125,58.125,58.5,549600
1995-09-20,58.59375,58.78125,58.54688,58.78125,290800
1995-09-21,58.70312,58.75,58.0625,58.29688,508500
1995-09-22,57.82812,58.375,57.78125,58.3125,449900
1995-09-25,58.375,58.375,58.015625,58.21875,130000
1995-09-26,58.39062,58.53125,58.0625,58.20312,466600
1995-09-27,57.95312,58.1875,57.59375,58.15625,654400
1995-09-28,58.20312,58.59375,58.15625,58.59375,456200
1995-09-29,58.54688,58.90625,58.40625,58.48438,606600
1995-10-02,58.48438,58.625,58.046875,58.1875,293100
1995-10-03,58.1875,58.34375,57.95312,58.25,839700
1995-10-04,58.28125,58.28125,58.10938,58.1875,248800
1995-10-05,58.25,58.35938,58.09375,58.35938,268800
1995-10-06,58.39062,58.57812,58.39062,58.40625,75300
1995-10-09,58.1875,58.21875,57.8125,57.92188,358200
1995-10-10,57.32812,57.89062,57.26562,57.89062,360800
1995-10-11,58.09375,58.09375,57.875,58.078125,228100
1995-10-12,58.125,58.46875,58.125,58.4375,199800
1995-10-13,58.70312,58.85938,58.625,58.625,488100
1995-10-16,58.45312,58.5625,58.34375,58.34375,443600
1995-10-17,58.40625,58.79688,58.29688,58.73438,146000
1995-10-18,59.015625,59.09375,58.71875,58.90625,228100
1995-10-19,58.875,59.1875,58.79688,59.1875,500600
1995-10-20,59.14062,59.1875,58.82812,58.82812,748400
1995-10-23,58.54688,58.8125,58.54688,58.70312,533000
1995-10-24,58.78125,58.84375,58.625,58.76562,172200
1995-10-25,58.8125,58.89062,58.28125,58.28125,302700
1995-10-26,58.375,58.42188,57.28125,57.75,606800
1995-10-27,57.6875,58.1875,57.42188,58.1875,905800
1995-10-30,58.32812,58.59375,58.32812,58.5625,488700
1995-10-31,58.71875,58.84375,58.3125,58.3125,508200
1995-11-01,58.28125,58.78125,58.23438,58.78125,415700
1995-11-02,58.6875,59.15625,58.6875,59.15625,326000
1995-11-03,59.23438,59.25,59.0625,59.23438,615000
1995-11-06,59.21875,59.21875,59.015625,59.03125,311200
1995-11-07,59,59,58.625,58.8125,358200
1995-11-08,58.89062,59.375,58.89062,59.34375,357200
1995-11-09,59.57812,59.57812,59.28125,59.5625,503700
1995-11-10,59.23438,59.60938,59.21875,59.53125,795600
1995-11-13,59.42188,59.65625,59.3125,59.46875,818500
1995-11-14,59.35938,59.48438,59.078125,59.078125,341800
1995-11-15,59.14062,59.6875,59.10938,59.67188,584700
1995-11-16,59.67188,60.0625,59.65625,60,577700
1995-11-17,60.09375,60.20312,60.015625,60.1875,267000
1995-11-20,60.28125,60.29688,59.85938,59.875,448800
1995-11-21,59.9375,60.35938,59.92188,60.35938,119200
1995-11-22,60.3125,60.375,60.17188,60.17188,351600
1995-11-24,60.23438,60.32812,60.1875,60.32812,62400
1995-11-27,60.45312,60.64062,60.34375,60.34375,273000
1995-11-28,60.29688,60.98438,60.15625,60.98438,479000
1995-11-29,61.09375,61.09375,60.84375,61.046875,549200
1995-11-30,61.046875,61.20312,60.84375,60.90625,286200
1995-12-01,60.98438,61.078125,60.84375,60.98438,465200
1995-12-04,61.125,61.73438,61.046875,61.73438,631700
1995-12-05,61.67188,62.20312,61.625,62.14062,567700
1995-12-06,62.29688,62.53125,62,62.28125,272800
1995-12-07,62.20312,62.28125,61.90625,61.95312,289700
1995-12-08,62.21875,62.23438,61.76562,62.15625,296900
1995-12-11,62.28125,62.54688,62.15625,62.42188,186500
1995-12-12,62.14062,62.35938,62.14062,62.23438,299400
1995-12-13,62.3125,62.70312,62.3125,62.625,390700
1995-12-14,62.6875,62.79688,62.015625,62.17188,395000
1995-12-15,61.875,61.875,61.59375,61.8125,416700
1995-12-18,61.26562,61.26562,60.60938,60.625,862300
1995-12-19,60.65625,61.34375,60.57812,61.26562,1022600
1995-12-20,61.45312,61.51562,60.67188,60.67188,1349800
1995-12-21,61.03125,61.17188,60.75,60.98438,857600
1995-12-22,61.3125,61.375,61.14062,61.20312,332800
1995-12-26,61.45312,61.53125,61.32812,61.5,432200
1995-12-27,61.65625,61.65625,61.35938,61.46875,151800
1995-12-28,61.34375,61.65625,61.25,61.40625,256200
1995-12-29,61.46875,61.53125,61.25,61.48438,339200
1996-01-02,61.40625,62.14062,61.34375,62.14062,514400
1996-01-03,62.34375,62.5,62,62.3125,610300
1996-01-04,62.39062,62.625,61.21875,61.71875,1129700
1996-01-05,61.3125,61.75,61.17188,61.59375,302400
1996-01-08,61.8125,61.90625,61.73438,61.82812,179900
1996-01-09,62.015625,62.0625,60.625,60.76562,415500
1996-01-10,60.6875,60.8125,59.64062,59.96875,787700
1996-01-11,60.0625,60.32812,59.78125,60.32812,513200
1996-01-12,60.48438,60.5,59.67188,60.23438,390400
1996-01-15,60.25,60.45312,59.85938,60.10938,154200
1996-01-16,60.40625,60.89062,59.89062,60.84375,454600
1996-01-17,60.70312,61.125,60.45312,60.65625,407600
1996-01-18,60.89062,60.90625,60.375,60.85938,425600
1996-01-19,60.85938,61.42188,60.79688,61.26562,169800
1996-01-22,61.21875,61.42188,61.10938,61.28125,288200
1996-01-23,61.25,61.42188,61.125,61.42188,362200
1996-01-24,61.51562,62.046875,61.48438,61.92188,1506500
1996-01-25,61.96875,62,61.625,61.70312,298400
1996-01-26,61.65625,62.26562,61.57812,62.23438,726300
1996-01-29,62.1875,62.48438,62.14062,62.48438,254800
1996-01-30,62.60938,63.14062,62.53125,63.015625,272100
1996-01-31,63,63.6875,62.96875,63.67188,498000
1996-02-01,63.60938,63.90625,63.5625,63.90625,373900
1996-02-02,63.875,64.015625,63.5,63.64062,496200
1996-02-05,63.53125,64.25,63.4375,64.15625,295300
1996-02-06,64.1875,64.82812,64.09375,64.76562,301600
1996-02-07,64.75,65.14062,64.6875,65.14062,585100
1996-02-08,65.046875,65.90625,64.92188,65.84375,1526600
1996-02-09,65.8125,66.375,65.51562,65.82812,804600
1996-02-12,65.95312,66.625,65.89062,66.32812,626500
1996-02-13,66.046875,66.6875,66,66.1875,1045900
1996-02-14,66.14062,66.35938,65.57812,65.60938,431400
1996-02-15,65.46875,65.90625,65.125,65.20312,889500
1996-02-16,65.078125,65.23438,64.73438,64.9375,606100
1996-02-20,64.4375,64.625,63.875,64.29688,492300
1996-02-21,64.42188,65.14062,64.42188,65.09375,434000
1996-02-22,65.45312,66.32812,65.40625,66.125,721400
1996-02-23,66.5,66.60938,65.32812,65.9375,1430400
1996-02-26,65.75,65.89062,64.96875,65,1408400
1996-02-27,65.15625,65.17188,64.5,64.79688,601000
1996-02-28,65.3125,65.73438,64.5,64.5,865900
1996-02-29,64.125,64.95312,63.875,63.875,914300
1996-03-01,64.64062,64.89062,63.60938,64.89062,1452600
1996-03-04,65.03125,65.65625,64.8125,65.26562,652600
1996-03-05,65.10938,65.875,65.078125,65.875,402000
1996-03-06,65.78125,65.96875,65.29688,65.29688,624700
1996-03-07,65.42188,65.65625,65.23438,65.625,534200
1996-03-08,64.1875,64.875,62,63.5,2289900
1996-03-11,63.25,64.32812,63.0625,64.23438,1511400
1996-03-12,63.8125,64.046875,62.90625,63.73438,1385300
1996-03-13,64.15625,64.4375,63.79688,64.17188,1019300
1996-03-14,64.26562,64.8125,64.23438,64.45312,725600
1996-03-15,64.0625,64.32812,63.75,64.125,869200
1996-03-18,64.71875,65.35938,64.57812,65.35938,917600
1996-03-19,65.9375,65.9375,65,65.21875,858300
1996-03-20,65.53125,65.53125,64.64062,65.14062,744300
1996-03-21,65.21875,65.25,64.76562,64.98438,650800
1996-03-22,65.015625,65.32812,64.9375,65.15625,344500
1996-03-25,65.75,65.8125,64.85938,65.03125,802400
1996-03-26,64.92188,65.51562,64.85938,65.34375,969400
1996-03-27,65.4375,65.48438,64.6875,64.75,809600
1996-03-28,64.51562,65.03125,64.5,65,1001300
1996-03-29,65.1875,65.1875,64.375,64.6875,457700
1996-04-01,65,65.45312,64.79688,65.4375,773400
1996-04-02,65.51562,65.5625,65.29688,65.5625,638800
1996-04-03,65.32812,65.60938,65.17188,65.5625,288000
1996-04-04,65.5625,65.71875,65.5,65.51562,934900
1996-04-08,63.875,64.39062,63.59375,64.39062,2217200
1996-04-09,64.64062,64.64062,64.015625,64.14062,1180900
1996-04-10,64.03125,64.3125,62.75,63,939500
1996-04-11,63.15625,63.46875,62.125,62.92188,1276000
1996-04-12,63.35938,63.8125,63.17188,63.71875,411300
1996-04-15,64.046875,64.32812,63.84375,64.25,484200
1996-04-16,64.375,64.65625,64.23438,64.4375,429700
1996-04-17,64.375,64.5625,63.84375,64.28125,525300
1996-04-18,64.4375,64.57812,64.09375,64.375,818600
1996-04-19,64.6875,64.85938,64.42188,64.53125,885100
1996-04-22,65.125,65.28125,64.59375,65.03125,828900
1996-04-23,64.92188,65.28125,64.78125,65.23438,225400
1996-04-24,65.5625,65.5625,64.85938,65,699000
1996-04-25,65.14062,65.5625,64.75,65.29688,475500
1996-04-26,65.46875,65.8125,65.23438,65.4375,563300
1996-04-29,65.15625,65.5625,65.15625,65.4375,219900
1996-04-30,65.4375,65.5625,65.125,65.39062,184400
1996-05-01,65.375,65.79688,65.28125,65.53125,561900
1996-05-02,65.015625,65.375,64.09375,64.40625,1299600
1996-05-03,64.78125,64.98438,63.75,64.3125,1329300
1996-05-06,64.5625,64.5625,63.6875,64.25,647500
1996-05-07,64.25,64.25,63.76562,63.98438,582100
1996-05-08,63.67188,64.78125,63.078125,64.78125,1694700
1996-05-09,64.5625,65.0625,64.5,64.73438,593400
1996-05-10,65.375,65.59375,65.0625,65.375,925100
1996-05-13,65.53125,66.64062,65.46875,66.35938,867500
1996-05-14,66.625,66.9375,66.5625,66.76562,632300
1996-05-15,66.78125,67.3125,66.64062,66.6875,466100
1996-05-16,66.3125,66.9375,66.28125,66.82812,514400
1996-05-17,67,67.29688,67,67.1875,427700
1996-05-20,67.65625,67.75,66.98438,67.64062,788500
1996-05-21,67.75,67.875,67.5,67.54688,352700
1996-05-22,67.625,68.1875,67.39062,68.1875,1218100
1996-05-23,68.28125,68.4375,67.53125,67.90625,967900
1996-05-24,67.96875,68.32812,67.9375,68.17188,659100
1996-05-28,68.375,68.375,67.3125,67.48438,456400
1996-05-29,67.625,67.6875,66.8125,67.03125,649600
1996-05-30,66.9375,67.71875,66.75,67.375,895800
1996-05-31,67.35938,67.64062,66.875,66.875,923500
1996-06-03,66.89062,67.10938,66.70312,67.0625,503100
1996-06-04,67.375,67.59375,67.25,67.53125,627100
1996-06-05,67.5625,68.20312,67.42188,68.125,428000
1996-06-06,68.5,68.5,67.5,67.625,523300
1996-06-07,66.1875,67.64062,66.1875,67.625,1422800
1996-06-10,67.53125,67.73438,67.29688,67.40625,548800
1996-06-11,67.65625,68.03125,67.34375,67.34375,688700
1996-06-12,67.5625,67.73438,67.10938,67.21875,1120600
1996-06-13,67.375,67.46875,66.82812,67.21875,1502000
1996-06-14,67.25,67.25,66.71875,66.9375,1468200
1996-06-17,66.96875,67.21875,66.71875,66.89062,1101000
1996-06-18,66.84375,67.03125,66.32812,66.34375,718000
1996-06-19,66.65625,67,66.42188,66.64062,552100
1996-06-20,66.70312,66.92188,66.1875,66.59375,1234400
1996-06-21,66.5625,66.8125,66.375,66.8125,573300
1996-06-24,66.96875,67.21875,66.84375,66.9375,416500
1996-06-25,67.125,67.17188,66.78125,66.85938,454400
1996-06-26,66.78125,66.92188,66.39062,66.40625,838200
1996-06-27,66.40625,67.046875,66.15625,66.875,1090500
1996-06-28,67.15625,67.5,66.96875,67.10938,1060800
1996-07-01,67.28125,67.70312,67.1875,67.6875,471300
1996-07-02,67.625,67.64062,67.32812,67.4375,389400
1996-07-03,67.40625,67.5,67.0625,67.29688,308300
1996-07-05,66.125,66.4375,65.375,65.57812,842900
1996-07-08,65.625,65.98438,65.125,65.3125,942000
1996-07-09,65.60938,65.8125,65.375,65.57812,716300
1996-07-10,65.5625,65.84375,64.92188,65.84375,1132300
1996-07-11,65.5625,65.6875,63.875,64.51562,1587400
1996-07-12,64.625,64.90625,64.078125,64.5625,1312000
1996-07-15,64.71875,64.71875,62.65625,62.65625,1951300
1996-07-16,62.84375,63.5,60.375,62.8125,4141000
1996-07-17,63.75,64,63,63.5625,1340500
1996-07-18,63.75,64.54688,63.32812,64.4375,1432500
1996-07-19,64.28125,64.375,63.625,63.96875,1216000
1996-07-22,63.53125,63.75,63.015625,63.5,519800
1996-07-23,63.59375,63.9375,62.57812,62.6875,1479800
1996-07-24,61.9375,63.1875,61.625,62.8125,2463400
1996-07-25,63.4375,63.5625,63.125,63.375,1989800
1996-07-26,63.5625,63.8125,63.39062,63.71875,642300
1996-07-29,63.625,63.71875,62.9375,63.015625,1297900
1996-07-30,63.4375,63.6875,62.9375,63.625,1868200
1996-07-31,63.67188,64.26562,63.51562,64.09375,767100
1996-08-01,64.15625,65.39062,64.0625,65.15625,1168600
1996-08-02,66,66.59375,65.75,66.5625,1098500
1996-08-05,66.57812,66.59375,65.96875,66.17188,710200
1996-08-06,66.15625,66.51562,65.79688,66.375,640000
1996-08-07,66.625,66.75,66.125,66.54688,917800
1996-08-08,66.5625,66.5625,66.1875,66.4375,925100
1996-08-09,66.67188,66.76562,66.0625,66.21875,648800
1996-08-12,66.25,66.85938,66,66.70312,764200
1996-08-13,66.57812,66.625,66,66.17188,805200
1996-08-14,66.1875,66.46875,66,66.40625,533800
1996-08-15,66.23438,66.625,66.20312,66.28125,632600
1996-08-16,66.46875,66.875,66.46875,66.84375,475100
1996-08-19,66.85938,66.92188,66.625,66.875,436400
1996-08-20,66.89062,66.90625,66.67188,66.82812,645700
1996-08-21,66.65625,66.8125,66.375,66.59375,266400
1996-08-22,66.75,67.34375,66.71875,67.21875,584800
1996-08-23,67.09375,67.20312,66.64062,66.85938,757100
1996-08-26,66.70312,66.78125,66.42188,66.53125,784700
1996-08-27,66.71875,66.84375,66.5,66.78125,389400
1996-08-28,66.9375,67,66.65625,66.67188,227600
1996-08-29,66.59375,66.59375,65.625,66.015625,680200
1996-08-30,66,66.015625,65.125,65.32812,1500900
1996-09-03,64.46875,65.84375,64.375,65.75,1782000
1996-09-04,65.75,66.75,65.48438,65.8125,930200
1996-09-05,65.5,65.76562,65.015625,65.015625,616600
1996-09-06,65.25,66.17188,65.14062,65.9375,804900
1996-09-09,66.1875,66.73438,66.078125,66.71875,719200
1996-09-10,66.625,66.90625,66.375,66.6875,669900
1996-09-11,66.5625,67.125,66.40625,67.0625,713500
1996-09-12,67.25,67.73438,67.15625,67.53125,713300
1996-09-13,68.3125,68.625,68.125,68.5625,2008800
1996-09-16,68.65625,69.15625,68.5625,68.8125,1220200
1996-09-17,68.875,68.98438,68.23438,68.65625,604700
1996-09-18,68.5625,68.75,68.21875,68.48438,225500
1996-09-19,68.375,68.79688,68.28125,68.75,410000
1996-09-20,68.59375,68.78125,68.375,68.64062,948400
1996-09-23,68.46875,68.75,68.15625,68.625,466800
1996-09-24,68.5625,69.25,68.3125,68.60938,1269800
1996-09-25,68.9375,68.9375,68.5,68.65625,1353300
1996-09-26,68.75,69.1875,68.39062,68.625,773200
1996-09-27,68.71875,68.71875,68.375,68.6875,407600
1996-09-30,68.78125,69.0625,68.57812,68.625,578200
1996-10-01,68.70312,69.046875,68.4375,69,561400
1996-10-02,69.25,69.59375,69.15625,69.46875,609000
1996-10-03,69.5,69.53125,69.20312,69.40625,342200
1996-10-04,69.6875,70.34375,69.5,70.34375,754100
1996-10-07,70.3125,70.625,70.25,70.42188,235100
1996-10-08,70.45312,70.6875,70.015625,70.14062,386200
1996-10-09,70.25,70.375,69.51562,69.59375,528800
1996-10-10,69.59375,69.85938,69.375,69.45312,1562200
1996-10-11,69.71875,70.3125,69.71875,70.3125,331300
1996-10-14,70.3125,70.6875,70.29688,70.40625,201600
1996-10-15,71.125,71.125,69.95312,70.3125,776900
1996-10-16,70.5,70.65625,69.9375,70.65625,590100
1996-10-17,70.875,71.03125,70.54688,70.84375,792500
1996-10-18,70.875,71.3125,70.71875,71.21875,695800
1996-10-21,71.28125,71.625,70.9375,71.125,879200
1996-10-22,71.0625,71.078125,70.59375,70.625,848900
1996-10-23,70.46875,70.89062,70.1875,70.85938,735900
1996-10-24,70.85938,70.98438,70.21875,70.25,379300
1996-10-25,70.23438,70.5625,70.125,70.3125,568300
1996-10-28,70.375,70.73438,69.8125,69.84375,975400
1996-10-29,70.0625,70.57812,69.70312,70.40625,815900
1996-10-30,70.625,70.625,70.09375,70.17188,495400
1996-10-31,70.26562,70.875,70.1875,70.84375,726300
1996-11-01,70.98438,71.15625,70.26562,70.59375,821300
1996-11-04,70.6875,71.0625,70.53125,71.0625,1608400
1996-11-05,71.29688,71.79688,71.28125,71.46875,764000
1996-11-06,71.59375,72.875,71.53125,72.84375,1665000
1996-11-07,72.625,73.29688,72.53125,73.015625,1446300
1996-11-08,73.03125,73.4375,72.75,73.42188,1355700
1996-11-11,73.25,73.51562,73.21875,73.34375,655900
1996-11-12,73.54688,73.59375,73.015625,73.125,719900
1996-11-13,73.20312,73.5625,73.015625,73.45312,481900
1996-11-14,73.1875,73.9375,73.15625,73.9375,558800
1996-11-15,74.125,74.5,73.71875,74.03125,2250900
1996-11-18,74.17188,74.25,73.73438,74.046875,1518200
1996-11-19,74.14062,74.59375,74.03125,74.57812,1029300
1996-11-20,74.5625,75.015625,74.3125,74.70312,730000
1996-11-21,74.79688,74.84375,74.375,74.59375,653000
1996-11-22,74.70312,75.25,74.70312,75.17188,965100
1996-11-25,75.25,76.15625,75.078125,76.125,2058800
1996-11-26,76.28125,76.6875,75.46875,75.875,2861800
1996-11-27,76.0625,76.1875,75.64062,75.73438,872000
1996-11-29,76,76.21875,75.85938,76.015625,1073400
1996-12-02,75.92188,76.125,75.39062,76.046875,1350600
1996-12-03,76.0625,76.57812,74.75,74.75,1777800
1996-12-04,74.875,75.0625,74.09375,74.95312,2365100
1996-12-05,74.84375,75.14062,74.53125,74.75,1697700
1996-12-06,73.25,74.75,72.65625,74.3125,3401800
1996-12-09,74.6875,75.42188,74.57812,75.40625,1864600
1996-12-10,75.5625,75.67188,74.96875,75.046875,1331600
1996-12-11,73.625,74.625,73.3125,74.35938,1847900
1996-12-12,74.78125,74.875,72.9375,73.125,2540200
1996-12-13,73.0625,73.57812,72.40625,73.3125,1678300
1996-12-16,73.5,73.6875,72.0625,72.375,1831100
1996-12-17,72.15625,73.28125,71.875,72.95312,2023200
1996-12-18,73.375,73.76562,73.26562,73.53125,1666800
1996-12-19,74.1875,75.125,73.89062,75.046875,2269300
1996-12-20,75.125,75.71875,74.75,74.84375,1543200
1996-12-23,75.09375,75.20312,74.32812,74.65625,1263700
1996-12-24,74.84375,75.20312,74.79688,75.20312,633000
1996-12-26,75.4375,75.82812,75.375,75.78125,1384300
1996-12-27,75.78125,76.03125,75.5,75.875,410400
1996-12-30,76.125,76.125,75.15625,75.21875,694100
1996-12-31,75.28125,75.375,73.84375,73.84375,1378100
1997-01-02,74.375,74.375,72.75,74.03125,2031900
1997-01-03,74.375,75.125,74.078125,75.09375,2123200
1997-01-06,75.09375,75.4375,74.3125,74.4375,1374100
1997-01-07,74.4375,75.46875,74.125,75.34375,939000
1997-01-08,75.75,75.78125,74.6875,74.6875,1802200
1997-01-09,75.0625,75.875,74.9375,75.3125,1415700
1997-01-10,74.25,76.25,74.25,76.125,2369500
1997-01-13,76.5,76.5,75.64062,76.015625,1364600
1997-01-14,76.6875,77.39062,76.5,76.96875,2111200
1997-01-15,76.71875,77.20312,76.375,76.78125,1583900
1997-01-16,77.03125,77.29688,76.5,77.09375,1308400
1997-01-17,77.20312,77.75,77.10938,77.5625,1604000
1997-01-20,77.75,78.09375,77.46875,77.65625,1889900
1997-01-21,77.375,78.54688,77.10938,78.28125,2785800
1997-01-22,78.3125,78.84375,77.875,78.84375,1201600
1997-01-23,79.0625,79.6875,76.90625,77.75,2601100
1997-01-24,77.875,77.90625,76.75,76.75,2176000
1997-01-27,76.875,77.23438,76.375,76.53125,2108500
1997-01-28,77.625,77.84375,76,76.75,4376000
1997-01-29,76.875,77.5,76.59375,77.5,1122700
1997-01-30,77.875,78.53125,77.40625,78.5,2126300
1997-01-31,78.9375,79.40625,78.375,78.40625,3208100
1997-02-03,78.71875,78.89062,78.35938,78.64062,755000
1997-02-04,78.75,79.20312,78.4375,79.125,654100
1997-02-05,79.23438,79.46875,77.125,77.64062,2255400
1997-02-06,77.78125,78.20312,77.40625,78.15625,2483100
1997-02-07,78.8125,79.25,77.78125,79.21875,2321000
1997-02-10,79.25,79.53125,78.42188,78.46875,1670000
1997-02-11,78.78125,79.375,78.125,79.375,1664300
1997-02-12,79.375,80.64062,79.26562,80.5,2675400
1997-02-13,80.8125,81.5625,80.6875,81.375,1104800
1997-02-14,81.1875,81.46875,80.90625,81.1875,1112900
1997-02-18,81.34375,81.9375,80.75,81.875,833100
1997-02-19,81.65625,82,81.15625,81.32812,648100
1997-02-20,81.03125,81.35938,80.15625,80.34375,1193900
1997-02-21,80.40625,80.76562,80.14062,80.375,1844400
1997-02-24,79.96875,81.375,79.96875,81.32812,787300
1997-02-25,81.40625,81.53125,80.875,81.39062,1653900
1997-02-26,81.3125,81.4375,79.625,80.59375,1597800
1997-02-27,80.8125,80.8125,79.375,79.39062,1813100
1997-02-28,79.25,79.875,79.0625,79.15625,2961200
1997-03-03,78.75,79.75,78.6875,79.6875,1210400
1997-03-04,79.90625,80.125,79.09375,79.25,1478700
1997-03-05,79.71875,80.59375,79.45312,80.59375,1254800
1997-03-06,80.625,80.90625,79.875,80.125,1528500
1997-03-07,80.4375,81.15625,80.25,80.84375,1859300
1997-03-10,80.9375,81.6875,80.54688,81.6875,1074900
1997-03-11,81.75,81.79688,81.25,81.25,624600
1997-03-12,81.3125,81.34375,80.29688,80.53125,1055600
1997-03-13,80.25,80.46875,79.0625,79.28125,2514100
1997-03-14,79.64062,80.03125,79.25,79.6875,1642700
1997-03-17,79.25,80.03125,78.4375,79.90625,3013500
1997-03-18,80,80.10938,78.71875,79.046875,1352500
1997-03-19,78.84375,79.5,78.0625,78.78125,1510000
1997-03-20,78.75,79,77.875,78.375,1808200
1997-03-21,78.6875,78.75,78.34375,78.4375,2810600
1997-03-24,78.5,79.57812,78.09375,79.53125,2145600
1997-03-25,79.34375,79.96875,78.53125,78.75,2125800
1997-03-26,79.0625,79.65625,78.6875,79.09375,1335300
1997-03-27,79.375,79.375,76.15625,77,2898500
1997-03-31,76.90625,77.125,75.25,75.375,4270700
1997-04-01,75.25,76.1875,75.046875,75.85938,3210900
1997-04-02,75.625,75.9375,74.4375,74.5,2672700
1997-04-03,74.4375,75.125,74.1875,74.90625,2284200
1997-04-04,74.5,75.85938,74.15625,75.84375,3706700
1997-04-07,76.1875,76.625,76.14062,76.14062,2596200
1997-04-08,76.125,76.78125,75.84375,76.6875,1822700
1997-04-09,77,77.046875,75.84375,76.0625,2453200
1997-04-10,76.09375,76.54688,75.6875,75.78125,1996500
1997-04-11,75.0625,75.3125,73.375,73.375,4221600
1997-04-14,73.73438,74.45312,73.3125,74.35938,3988500
1997-04-15,75.25,75.64062,74.5,75.625,2760400
1997-04-16,75.375,76.60938,75.25,76.5,2273300
1997-04-17,76.5,77,76,76.1875,1386000
1997-04-18,76.8125,76.98438,76.25,76.5625,1702100
1997-04-21,76.75,76.90625,75.46875,76.0625,2809400
1997-04-22,76.10938,77.73438,76,77.73438,3215000
1997-04-23,77.65625,78.03125,77.1875,77.8125,2047700
1997-04-24,78.046875,78.28125,76.875,77.42188,2689900
1997-04-25,77.0625,77.20312,76.42188,76.53125,1606200
1997-04-28,76.5,77.8125,76.375,77.28125,1666500
1997-04-29,78.59375,79.78125,78.29688,79.71875,3197400
1997-04-30,79.25,80.6875,79.21875,80.09375,3372200
1997-05-01,80.21875,80.53125,79.3125,80,2149500
1997-05-02,80.28125,81.67188,80.0625,81.4375,1448300
1997-05-05,81.65625,83.5625,81.29688,83.375,3636200
1997-05-06,82.96875,83.46875,82.5,83.3125,1721100
1997-05-07,83,83,81.40625,81.5,2327200
1997-05-08,81.3125,83.21875,81.1875,82.0625,2923700
1997-05-09,82.96875,83.125,81.65625,82.625,2558200
1997-05-12,82.9375,84.25,82.875,84,2357900
1997-05-13,83.9375,84.09375,83.015625,83.65625,1195100
1997-05-14,84.23438,84.5,83.4375,83.8125,2772000
1997-05-15,83.8125,84.59375,83.51562,84.375,884100
1997-05-16,84.125,84.3125,83,83.21875,1934200
1997-05-19,83.3125,83.90625,83.0625,83.46875,1375800
1997-05-20,83.28125,84.6875,82.75,84.46875,1756400
1997-05-21,84.6875,84.98438,83.65625,84.28125,1208000
1997-05-22,84.375,84.46875,83.5625,84,907600
1997-05-23,84.375,85.21875,84.15625,84.78125,644400
1997-05-27,84.375,85.53125,84.26562,85.125,1531000
1997-05-28,85.125,85.45312,84.51562,85.10938,716700
1997-05-29,85.09375,85.25,84.5,84.60938,1282700
1997-05-30,83.21875,85.5625,83.125,85.15625,2143300
1997-06-02,85.34375,85.5,84.71875,84.78125,1479100
1997-06-03,84.40625,85.4375,84.34375,84.5,1562100
1997-06-04,84.53125,84.75,84.078125,84.40625,1063100
1997-06-05,84.59375,85.3125,84.42188,84.71875,1180800
1997-06-06,84.59375,86.4375,84.59375,86.375,1511100
1997-06-09,86.4375,86.875,86.34375,86.8125,1823400
1997-06-10,86.84375,87.40625,86.5,87.078125,1217500
1997-06-11,87,87.40625,86.82812,87.28125,1673800
1997-06-12,87.875,89,87.5625,88.96875,4273300
1997-06-13,89.0625,90,88.90625,89.71875,2132900
1997-06-16,89.75,90,89.46875,89.75,800400
1997-06-17,89.4375,90.23438,88.9375,89.625,2048100
1997-06-18,89.125,89.625,88.96875,89.3125,1971900
1997-06-19,89.60938,90.5,89.375,90.23438,2029900
1997-06-20,89.9375,90.34375,89.5,89.57812,1396900
1997-06-23,89.40625,89.90625,87.34375,87.40625,3991500
1997-06-24,88.25,89.875,88,89.625,4895100
1997-06-25,89.48438,90.25,87.9375,89,4708900
1997-06-26,88.84375,89.625,87.6875,88.5625,2569900
1997-06-27,88.96875,89.71875,88.6875,88.90625,2617900
1997-06-30,88.90625,89.46875,87.875,88.3125,2384900
1997-07-01,88.5,89.5625,88.39062,89.34375,1749000
1997-07-02,89.5625,90.8125,89.21875,90.8125,1961800
1997-07-03,91.875,92.15625,91.46875,92.0625,2539100
1997-07-07,92.375,92.5,90.90625,91.125,1158600
1997-07-08,91.25,92.1875,91.1875,92.078125,3396500
1997-07-09,92.3125,92.375,90.03125,91.0625,5390300
1997-07-10,91.125,91.84375,90.48438,91.46875,2072200
1997-07-11,91.59375,92.1875,91.375,91.78125,2258900
1997-07-14,91.89062,92.3125,91.21875,92.0625,3186400
1997-07-15,92.3125,92.76562,91.46875,92.53125,2983100
1997-07-16,93.125,94.09375,92.89062,93.75,2621300
1997-07-17,93.625,93.8125,92.78125,93.28125,1794800
1997-07-18,93.015625,93.21875,91.0625,91.29688,3961900
1997-07-21,91.28125,91.59375,90.6875,91.3125,3810300
1997-07-22,91.6875,93.79688,91.625,93.73438,4243400
1997-07-23,93.9375,94.48438,93.53125,93.65625,3204300
1997-07-24,93.9375,94.26562,92.6875,94.09375,4152700
1997-07-25,94.5625,94.8125,93.625,94.03125,2364800
1997-07-28,94.25,94.5625,93.5,93.96875,2794700
1997-07-29,93.625,94.46875,93.42188,94.28125,2737100
1997-07-30,94.5,95.625,94.40625,95.40625,4839800
1997-07-31,95.40625,96.03125,95.03125,95.3125,2138700
1997-08-01,95.5,95.71875,93.8125,94.9375,7077700
1997-08-04,94.78125,95.54688,94.40625,95.1875,2339500
1997-08-05,95.09375,95.6875,94.90625,95.25,1466700
1997-08-06,95.4375,96.53125,95.0625,96.03125,2478200
1997-08-07,96.5,96.625,95.125,95.3125,3641900
1997-08-08,94.3125,94.75,92.40625,93.375,7113100
1997-08-11,93.75,94.28125,92.625,94.0625,6355900
1997-08-12,94.21875,94.54688,92.46875,92.5625,6132500
1997-08-13,93.6875,93.84375,91.46875,92.28125,6982300
1997-08-14,93.09375,93.3125,91.71875,92.625,3462700
1997-08-15,92.125,92.125,89.625,89.78125,4907100
1997-08-18,90.375,91.78125,89.34375,91.78125,5638900
1997-08-19,92.21875,92.90625,91.53125,92.84375,3802800
1997-08-20,92.9375,94.3125,92.60938,94.25,3564600
1997-08-21,94.125,94.25,92.09375,92.59375,5392600
1997-08-22,91,92.73438,90.5625,92.5625,8087800
1997-08-25,92.78125,93.40625,91.84375,92.21875,3888000
1997-08-26,92,92.5625,90.70312,90.85938,4290000
1997-08-27,91,91.96875,90.40625,91.40625,5484300
1997-08-28,91.1875,91.9375,90,90.015625,4287900
1997-08-29,90.125,91.10938,89.71875,90.375,2652300
1997-09-02,90.6875,93.35938,90.59375,93.3125,7294000
1997-09-03,93.29688,94,92.75,92.8125,2812500
1997-09-04,93.0625,93.71875,92.75,93.40625,2473700
1997-09-05,93.96875,94.4375,92.59375,93.14062,3663300
1997-09-08,93.71875,94,93.3125,93.54688,803500
1997-09-09,93.21875,94.28125,92.90625,93.59375,1885200
1997-09-10,93.125,93.5,91.65625,91.65625,3623700
1997-09-11,91.78125,91.90625,90.25,91.1875,7055900
1997-09-12,92,92.96875,90.9375,92.65625,6708000
1997-09-15,92.65625,93.3125,92.1875,92.5,2060500
1997-09-16,93.3125,95.28125,93.03125,94.8125,6979000
1997-09-17,95.375,95.5,94.5,94.8125,2220000
1997-09-18,95,96.375,94.96875,95.21875,5045400
1997-09-19,94.65625,95.35938,94.40625,95.03125,1566400
1997-09-22,95.5,96.20312,95.21875,95.5625,3259000
1997-09-23,95.5625,95.70312,94.75,95.125,1872800
1997-09-24,95.375,96.10938,94.28125,94.34375,2793100
1997-09-25,94.25,94.75,93.625,93.6875,6327800
1997-09-26,94.4375,94.8125,94.1875,94.46875,3995800
1997-09-29,94.5,95.5625,94.15625,95.375,2065000
1997-09-30,95,95.6875,94.375,94.375,4137600
1997-10-01,95.25,95.8125,94.78125,95.625,3567500
1997-10-02,95.53125,96.1875,95.3125,96.15625,2577500
1997-10-03,97.46875,97.75,95.34375,96.64062,6499900
1997-10-06,97.3125,97.60938,96.90625,97.28125,2272100
1997-10-07,97.53125,98.5,97.20312,98.1875,1832800
1997-10-08,98.35938,98.375,96.73438,97.5,4439400
1997-10-09,96.78125,97.60938,96.21875,97.15625,3607600
1997-10-10,96.3125,96.98438,96.25,96.875,2858100
1997-10-13,97.34375,97.54688,96.71875,96.96875,1760300
1997-10-14,97.46875,97.5,96.1875,97,2235700
1997-10-15,96.3125,97.0625,96.28125,96.78125,2601700
1997-10-16,97.3125,97.5,95,95.25,9488100
1997-10-17,95.015625,95.375,93,94.28125,8151300
1997-10-20,94.84375,95.75,94.15625,95.625,3636400
1997-10-21,96.21875,97.5,96.03125,97.48438,5225400
1997-10-22,97.34375,97.39062,96.53125,96.84375,4485200
1997-10-23,94.9375,95.75,94.28125,94.9375,8054100
1997-10-24,96.15625,96.15625,93.67188,94,6778700
1997-10-27,93.015625,93.9375,86.84375,87.1875,10840700
1997-10-28,84.375,92.875,84.375,92.21875,19548000
1997-10-29,92.5,93.75,91.28125,91.96875,10134400
1997-10-30,90.625,92.5625,89.75,89.9375,9772900
1997-10-31,91.8125,92.5,90.4375,92.0625,7072700
1997-11-03,93.1875,94.375,92.875,94,5548500
1997-11-04,93.875,94.4375,93.28125,94,3455700
1997-11-05,94.1875,95.28125,93.84375,94.3125,4774900
1997-11-06,94.03125,94.34375,93.5,93.95312,3679800
1997-11-07,92.375,93.25,91.4375,92.9375,10606800
1997-11-10,93.625,93.84375,92,92.375,4347900
1997-11-11,92.6875,93.0625,92.03125,92.40625,3212400
1997-11-12,91.625,92.71875,90.375,90.5,6775300
1997-11-13,91.46875,92.15625,90.09375,91.8125,8589600
1997-11-14,92.3125,93.39062,91.60938,93.0625,5827900
1997-11-17,94.375,95.3125,94.03125,94.78125,5149900
1997-11-18,94.8125,95.09375,93.89062,94.1875,3433600
1997-11-19,93.6875,95.0625,92.75,94.65625,4387900
1997-11-20,95.3125,96.53125,95.28125,96.09375,4822700
1997-11-21,96.625,96.8125,95.65625,96.75,5436500
1997-11-24,96,96.34375,94.625,95,4337200
1997-11-25,95.625,95.8125,94.65625,95.25,4525000
1997-11-26,95.875,95.98438,95.3125,95.53125,2681100
1997-11-28,95.75,96.25,95.59375,95.625,1564700
1997-12-01,96.21875,98.09375,96.03125,98.09375,4850900
1997-12-02,97.6875,97.98438,97.25,97.5,1974900
1997-12-03,97.625,98.53125,96.875,97.78125,3302500
1997-12-04,98.5,98.71875,97.375,97.6875,2872500
1997-12-05,97.375,99,97.125,98.9375,3458800
1997-12-08,98.96875,99,98.25,98.65625,2289200
1997-12-09,98.21875,98.59375,97.625,98.0625,1703000
1997-12-10,97.5625,97.84375,96.46875,97.21875,3558400
1997-12-11,96.3125,96.59375,95.3125,95.5625,5072800
1997-12-12,96.4375,96.5,94.90625,95.75,4478400
1997-12-15,96.25,97.10938,95.875,96.71875,4674700
1997-12-16,97.21875,97.8125,96.875,97.3125,2885800
1997-12-17,97.84375,97.875,96.70312,96.8125,2236300
1997-12-18,96.9375,96.9375,95.21875,95.875,4658300
1997-12-19,94.53125,95.875,92.375,94.78125,8556000
1997-12-22,95.4375,95.90625,94.5625,95.39062,5136800
1997-12-23,95.4375,95.625,93.53125,93.6875,4436500
1997-12-24,94.4375,94.4375,93.25,93.40625,2019200
1997-12-26,94.125,94.125,93.40625,93.78125,941800
1997-12-29,94.59375,95.71875,94.4375,95.625,2080000
1997-12-30,95.9375,97.25,95.84375,97.125,3616000
1997-12-31,96.875,97.625,96.6875,97.0625,4359500
1998-01-02,97.3125,97.65625,96.53125,97.5625,2360900
1998-01-05,97.84375,98.4375,96.78125,97.78125,4191800
1998-01-06,97.25,97.28125,96.1875,96.21875,3154900
1998-01-07,96.09375,96.71875,95.21875,96.46875,4424200
1998-01-08,96.3125,96.3125,95.375,95.625,3831000
1998-01-09,95.25,95.5,91.90625,92.3125,10258800
1998-01-12,91.125,94.1875,90.90625,94,12097900
1998-01-13,94.625,95.375,94.21875,95.3125,5224900
1998-01-14,95.6875,95.96875,94.71875,95.75,3770400
1998-01-15,95.5,95.75,94.8125,94.95312,2875400
1998-01-16,96.25,96.6875,95.65625,96.3125,4374800
1998-01-20,96.6875,98.015625,96.5,97.875,5091700
1998-01-21,97.21875,97.6875,96.15625,96.9375,4699400
1998-01-22,96.15625,96.875,95.875,96.078125,4543400
1998-01-23,96.5,96.78125,95,95.9375,6350300
1998-01-26,96.375,96.73438,95.40625,95.875,4362900
1998-01-27,95.8125,97.5,95.65625,96.84375,7044200
1998-01-28,97.40625,98.10938,97.1875,97.71875,4268600
1998-01-29,97.84375,99.5625,97.5625,98.25,8007700
1998-01-30,98.78125,98.96875,98,98.3125,3649100
1998-02-02,99.90625,100.5,99.75,99.9375,5756300
1998-02-03,100,100.8125,99.71875,100.6875,2759600
1998-02-04,100.28125,101.15625,99.9375,100.5625,3374000
1998-02-05,101.3125,101.59375,100.03125,100.5,5076200
1998-02-06,101,101.625,100.6875,101.625,5701200
1998-02-09,101.71875,101.75,100.71875,101.28125,2322200
1998-02-10,101.4375,102.46875,101.1875,102.25,3660400
1998-02-11,102.09375,102.34375,101.70312,102.15625,4073200
1998-02-12,101.71875,102.9375,100.875,102.59375,5024700
1998-02-13,102.1875,102.51562,101.875,102,2101300
1998-02-17,102.8125,103.09375,102.15625,102.5,3055500
1998-02-18,102.3125,103.48438,102.28125,103.4375,3007400
1998-02-19,103.25,103.40625,102.75,102.89062,3387800
1998-02-20,103.15625,103.71875,102.375,103.65625,3707000
1998-02-23,104.25,104.25,103.34375,104.0625,3227800
1998-02-24,103.90625,104.09375,102.9375,103.25,3386800
1998-02-25,103.75,104.875,103.625,104.53125,3481800
1998-02-26,104.4375,105.21875,104.1875,105.125,3187600
1998-02-27,104.96875,105.53125,104.53125,105.125,3442900
1998-03-02,105.25,105.75,104.625,104.90625,4252300
1998-03-03,104.53125,105.625,104.53125,105.5,3349200
1998-03-04,105.09375,105.40625,104.4375,104.8125,4404100
1998-03-05,103.5,104.4375,103.15625,103.84375,7268000
1998-03-06,104.5625,105.9375,104.4375,105.9375,6896300
1998-03-09,105.53125,106.21875,105.25,105.5625,3362800
1998-03-10,106.21875,106.84375,105.9375,106.5625,5481900
1998-03-11,106.96875,107.3125,106.78125,107.0625,3439600
1998-03-12,107.09375,107.59375,106.5,107.5,3191300
1998-03-13,107.84375,108,106.875,107.09375,2879400
1998-03-16,107.84375,108.375,107.53125,108.25,3223600
1998-03-17,108.3125,108.5625,107.65625,108.5625,4581900
1998-03-18,108.25,108.96875,108.03125,108.96875,1944100
1998-03-19,108.96875,109.375,108.65625,109.25,2554800
1998-03-20,109.5625,110.1875,108.875,109.875,3123300
1998-03-23,109.71875,110.3125,109.40625,109.625,4453100
1998-03-24,110.0625,110.8125,109.9375,110.5625,3333600
1998-03-25,111.40625,111.53125,109.1875,110.15625,4597600
1998-03-26,109.875,110.75,109.625,110.09375,3333500
1998-03-27,110.75,110.78125,109,109.625,2611300
1998-03-30,109.625,110.09375,108.96875,109.5625,3108700
1998-03-31,110.15625,111.1875,109.75,109.9375,5926500
1998-04-01,110.3125,111.078125,109.40625,110.82812,2929000
1998-04-02,110.9375,112.25,110.75,112.03125,3920900
1998-04-03,112.34375,112.8125,111.84375,112.59375,3787600
1998-04-06,113.25,113.375,111.6875,111.6875,4550500
1998-04-07,111.75,111.9375,110.15625,110.9375,5583700
1998-04-08,111.21875,111.28125,109.75,110.3125,4854800
1998-04-09,110.5625,111.28125,110.53125,111.1875,4481200
1998-04-13,111.375,111.375,110,110.875,4350200
1998-04-14,111.125,111.8125,110.90625,111.8125,3279100
1998-04-15,111.96875,112.125,111.15625,112.125,3867200
1998-04-16,111.3125,111.5,110.5,110.8125,7177900
1998-04-17,110.71875,112.4375,110.4375,112.28125,5688800
1998-04-20,112,112.5625,111.875,112.25,3688300
1998-04-21,112.4375,113.15625,111.90625,112.78125,4573200
1998-04-22,112.875,113.4375,112.8125,113.09375,2386100
1998-04-23,112.625,113,111.75,112,5062000
1998-04-24,111.75,112.46875,110.34375,110.8125,11039700
1998-04-27,109.375,109.6875,107.625,108.71875,14510200
1998-04-28,109.78125,109.8125,108.125,108.5625,6511400
1998-04-29,109.03125,109.96875,108.4375,109.3125,7703100
1998-04-30,110.5625,111.92188,110.40625,111.34375,8684500
1998-05-01,111.75,112.59375,111.3125,112.59375,4008800
1998-05-04,112.71875,113.3125,112.15625,112.3125,4537200
1998-05-05,112,112.15625,111.125,111.53125,5146400
1998-05-06,112.125,112.125,110.1875,110.21875,5526100
1998-05-07,110.5,110.5625,109.34375,109.34375,6940400
1998-05-08,110,111.375,110,111.125,7951000
1998-05-11,111.5625,112.21875,110.375,110.75,6336300
1998-05-12,110.8125,111.96875,110.34375,111.9375,6045200
1998-05-13,112.0625,112.5625,111.59375,112.21875,4441500
1998-05-14,111.53125,112.6875,111.34375,111.65625,4187500
1998-05-15,112,112.21875,110.8125,111.03125,6716100
1998-05-18,110.71875,111.59375,109.82812,110.59375,4847200
1998-05-19,111,111.6875,110.78125,111.34375,5918700
1998-05-20,112.09375,112.5,110.875,112.40625,5716600
1998-05-21,112.375,112.78125,111.3125,111.6875,6301500
1998-05-22,111.75,112.0625,110.9375,111.25,4862200
1998-05-26,112.09375,112.09375,109.1875,109.46875,6899300
1998-05-27,108.53125,109.90625,107.57812,109.625,10202600
1998-05-28,109.875,110.375,109.0625,110.125,4907600
1998-05-29,110.625,110.8125,109.03125,109.03125,4772600
1998-06-01,108.96875,110.21875,108.5625,109.53125,6092200
1998-06-02,110,110.34375,109.15625,109.625,6701100
1998-06-03,109.875,110.1875,107.875,107.875,6445100
1998-06-04,108.25,110.0625,108.0625,109.875,6566300
1998-06-05,110.375,112,109.875,112,8463200
1998-06-08,111.9375,112.46875,111.65625,111.875,4159900
1998-06-09,111.71875,112.42188,111.40625,112.21875,2725300
1998-06-10,111.625,113.0625,111.25,111.5,6186900
1998-06-11,111.4375,111.875,109.375,109.40625,8056600
1998-06-12,109.875,110.4375,108.25,110.4375,9779000
1998-06-15,108.8125,109.90625,107.5,107.53125,10234200
1998-06-16,108.40625,109.21875,107.75,109.1875,7471500
1998-06-17,110.15625,111.78125,109.9375,111.46875,12057700
1998-06-18,111.1875,111.4375,110.75,110.96875,3844600
1998-06-19,111.0625,111.23438,109.625,110.0625,3549100
1998-06-22,110.25,111.0625,110.0625,110.59375,5438300
1998-06-23,111.09375,112.0625,111,111.90625,5004600
1998-06-24,112.15625,113.6875,111.60938,113.40625,8291900
1998-06-25,113.90625,114.4375,112.8125,113.21875,5854800
1998-06-26,113.3125,113.84375,113.125,113.6875,4833100
1998-06-29,114.25,114.6875,113.79688,114.09375,5953400
1998-06-30,113.90625,114.1875,113.0625,113.3125,4284800
1998-07-01,114.0625,114.9375,113.625,114.625,3489500
1998-07-02,114.71875,114.875,114.25,114.84375,3503900
1998-07-06,114.78125,116,114.5625,116,3144400
1998-07-07,115.98438,116.125,115.28125,115.78125,4920700
1998-07-08,115.875,116.9375,115.75,116.625,6875000
1998-07-09,116.28125,116.71875,115.625,115.84375,6942500
1998-07-10,116.03125,116.9375,115.0625,116.46875,7849700
1998-07-13,116.5625,116.84375,116.0625,116.5,6555100
1998-07-14,116.9375,118.15625,116.9375,117.8125,6983600
1998-07-15,118.0625,118.28125,117.53125,117.59375,4977500
1998-07-16,117.6875,118.59375,117.0625,118.40625,6315600
1998-07-17,118.625,119,118.3125,118.5625,3539500
1998-07-20,118.75,119.23438,117.9375,118.5625,2338400
1998-07-21,119,119,116.28125,116.5,5518600
1998-07-22,116.34375,116.98438,115.53125,116.5,10417300
1998-07-23,116.3125,116.59375,113.90625,114.1875,15110900
1998-07-24,114.96875,115.09375,112.875,114.09375,11540500
1998-07-27,113.625,115,112.84375,114.90625,9600000
1998-07-28,114.4375,114.65625,111.875,112.96875,13693000
1998-07-29,113.71875,114.125,112.25,112.53125,7462400
1998-07-30,113.625,114.59375,113.40625,114.21875,6821600
1998-07-31,114.34375,114.5,111.3125,111.78125,7680500
1998-08-03,111.78125,112.42188,111.03125,111.3125,10486500
1998-08-04,112.21875,112.21875,107,107,15091600
1998-08-05,107.9375,108.875,105.59375,108.46875,21718400
1998-08-06,108.125,109.5,107.5625,108.9375,13084400
1998-08-07,109.6875,110.59375,108.46875,109.125,12083800
1998-08-10,108.75,109.65625,108.1875,108.5,6273000
1998-08-11,106.78125,107.4375,105.5,106.875,14287100
1998-08-12,107.75,108.875,107.5,108.6875,11158400
1998-08-13,108.8125,109.65625,107.375,107.375,9073900
1998-08-14,108.34375,108.71875,105.78125,106.125,8628500
1998-08-17,106,108.9375,105.5,108.375,11290000
1998-08-18,109,110.59375,108.78125,110.375,7603900
1998-08-19,111.09375,111.09375,109.625,110.09375,6258600
1998-08-20,109.6875,110.40625,109.15625,109.4375,7402800
1998-08-21,108.1875,108.71875,105.5,108.5625,16685400
1998-08-24,109.25,109.9375,108.3125,109.25,7201700
1998-08-25,110.375,111.25,108.64062,109.5,9688300
1998-08-26,108.28125,109.625,107.75,108.875,9339700
1998-08-27,107,107.5625,103.46875,103.75,24887800
1998-08-28,104.96875,105.71875,102.15625,103.375,23735900
1998-08-31,103.75,104.015625,95,96,22563100
1998-09-01,96.0625,100.5625,93.625,100.0625,24748500
1998-09-02,99.8125,101.75,98.78125,99.34375,13843200
1998-09-03,97.625,99.375,96.75,98.5625,17311300
1998-09-04,99.4375,99.8125,95.75,97.75,17783800
1998-09-08,100.875,103,99.8125,103,14746500
1998-09-09,102.75,103.125,100.4375,100.5,12109700
1998-09-10,98.4375,99.34375,96.8125,98.5,19889300
1998-09-11,98.1875,101.6875,97,101.6875,20379800
1998-09-14,102.875,104.45312,102.09375,103.4375,10686800
1998-09-15,102.875,104.3125,102.28125,104.0625,8337900
1998-09-16,104.75,105.25,103.15625,105,11024900
1998-09-17,102.25,103.03125,101.78125,102,12945200
1998-09-18,102.375,102.40625,101.09375,102.09375,7019200
1998-09-21,99.625,103.40625,98.9375,102.03125,8834600
1998-09-22,103.5,103.65625,102.15625,102.875,7270100
1998-09-23,103.875,107,103.78125,107,13688500
1998-09-24,106.3125,106.8125,103.25,104.375,11129500
1998-09-25,103.125,105.42188,102.625,104.25,10247400
1998-09-28,105.3125,106.3125,104.25,105.1875,8847800
1998-09-29,105.375,105.9375,103.375,104.9375,10618100
1998-09-30,103.5,104.3125,101.375,101.75,7908400
1998-10-01,100.03125,101.54688,98.09375,98.8125,13335600
1998-10-02,98.875,100.875,97.21875,100.71875,14351800
1998-10-05,99.59375,99.96875,96.34375,98.6875,12807200
1998-10-06,100.75,101.28125,97.53125,98.59375,12621000
1998-10-07,98.625,100.03125,95.75,97.125,14348500
1998-10-08,94.5625,96.75,92.21875,96.59375,20625000
1998-10-09,97,98.78125,94.0625,98.53125,12708500
1998-10-12,100.625,101.4375,99.6875,99.96875,9508500
1998-10-13,99.5625,100.40625,98.75,99.625,6256800
1998-10-14,98.9375,101.8125,98.84375,100.5625,8176900
1998-10-15,100.125,107.25,99.9375,105.96875,20541100
1998-10-16,106.125,106.75,105,106,16573900
1998-10-19,105.6875,106.8125,105.5,106.375,7915900
1998-10-20,107.5625,108.79688,106.09375,107,14611600
1998-10-21,106.875,107.625,105.875,106.625,9178400
1998-10-22,106.78125,108.46875,106.15625,108.21875,8277500
1998-10-23,107.96875,108,106.78125,106.84375,6237200
1998-10-26,107.71875,108.46875,106.78125,107.625,5838600
1998-10-27,108.4375,108.96875,106.28125,107,10089700
1998-10-28,106.5625,107.53125,106.03125,106.8125,5650600
1998-10-29,107.09375,109.4375,106.625,109.40625,9625600
1998-10-30,110.125,110.90625,109.5,110,9872800
1998-11-02,110.8125,111.875,110.1875,111.875,6501400
1998-11-03,111.59375,111.8125,110.75,111.0625,6866000
1998-11-04,112.46875,113.09375,111.09375,112.25,8233600
1998-11-05,111.53125,113.9375,111.125,113.78125,6841500
1998-11-06,113.46875,114.5625,113.3125,114.125,5224800
1998-11-09,113.9375,114.25,112.5,113.3125,6188700
1998-11-10,113,113.9375,112.25,113,14015200
1998-11-11,113.8125,114,111.89062,112.25,10922400
1998-11-12,112.3125,113.125,111.6875,112.125,5457400
1998-11-13,112.21875,113.21875,112.125,113.21875,5524600
1998-11-16,114.21875,114.35938,112.89062,114.0625,6023700
1998-11-17,113.65625,115.625,113,114.0625,9058900
1998-11-18,114.3125,115,113.5,114.75,4567700
1998-11-19,115.28125,115.90625,114.625,115.75,5249300
1998-11-20,116.35938,116.75,115.84375,116.625,5562000
1998-11-23,117.46875,119.625,117.15625,119.375,7151300
1998-11-24,119,119.65625,118.45312,118.625,5323700
1998-11-25,118.9375,119.1875,118.21875,118.625,4393500
1998-11-27,119.46875,119.71875,119.015625,119.5,4557900
1998-11-30,119.015625,119.375,116.125,116.125,8705400
1998-12-01,116.125,118.03125,115.21875,117.625,8950600
1998-12-02,117.21875,117.90625,116,117.28125,7495500
1998-12-03,117.25,118.3125,115.09375,115.34375,12145300
1998-12-04,116.625,118.5,116.5,118.375,10339500
1998-12-07,118.0625,119.46875,118,118.9375,4290000
1998-12-08,118.53125,119.75,117.5,118.40625,10102600
1998-12-09,118.6875,118.96875,117.875,118.625,5327900
1998-12-10,118.84375,118.84375,116.71875,116.89062,5966600
1998-12-11,116.4375,117.34375,115.5625,117.125,8198200
1998-12-14,116.15625,116.40625,113.75,113.75,9521400
1998-12-15,114.6875,116.75,114.53125,116.6875,9631500
1998-12-16,117.125,117.125,115.75,116.53125,7260000
1998-12-17,117.21875,118.59375,117.03125,118.39062,6914700
1998-12-18,118.3125,119.125,117.875,118.5,4802400
1998-12-21,119.25,121.34375,119,120.15625,8580700
1998-12-22,120.40625,121.21875,119.1875,120.6875,5461100
1998-12-23,121.1875,123.21875,120.8125,123.21875,7791000
1998-12-24,123.15625,123.25,122.5,122.6875,1507100
1998-12-28,123.25,123.3125,122,122.375,4203600
1998-12-29,122.71875,124.48438,122.125,124.3125,3935800
1998-12-30,123.9375,124.75,123.03125,123.3125,6810700
1998-12-31,123.3125,123.9375,122.46875,123.3125,6790500
1999-01-04,123.375,125.21875,121.71875,123.03125,9450400
1999-01-05,122.9375,124.875,122.9375,124.4375,8031000
1999-01-06,125.8125,127.75,125.75,127.4375,7737700
1999-01-07,126.375,127.21875,125.78125,126.8125,5504900
1999-01-08,128.1875,128.5,125.96875,127.75,6224400
1999-01-11,127.6875,127.6875,125.21875,126.53125,7578300
1999-01-12,126.21875,126.21875,123.75,124.25,7768800
1999-01-13,120.40625,125.125,120.375,123.375,10810600
1999-01-14,123.625,123.90625,120.90625,121.21875,11400700
1999-01-15,122.375,124.78125,122.0625,124.375,7817700
1999-01-19,125.29688,125.625,123.5,125.1875,6535100
1999-01-20,126.09375,127.9375,125.03125,126.1875,6534400
1999-01-21,125.57812,125.84375,122.59375,122.84375,6937500
1999-01-22,122.125,123.84375,121.78125,122.5625,7522300
1999-01-25,123.28125,124,121.90625,123.8125,5700300
1999-01-26,124.125,126.0625,123.625,126.0625,6047000
1999-01-27,126.375,126.625,124.15625,124.59375,7399400
1999-01-28,125.25,126.96875,125.1875,126.6875,5961700
1999-01-29,127.34375,128.29688,125.40625,127.65625,6456800
1999-02-01,128.6875,128.6875,126.90625,126.90625,9426800
1999-02-02,127.078125,127.21875,124.76562,126.125,9194500
1999-02-03,125.6875,127.9375,125.65625,127.40625,10290700
1999-02-04,127.375,127.5,124.78125,125.5,7761100
1999-02-05,125.65625,125.65625,123.21875,124.0625,7516100
1999-02-08,125.09375,125.09375,123.34375,124.3125,8528400
1999-02-09,124.375,124.5,121.51562,121.53125,8985700
1999-02-10,122.125,123,121.32812,122.3125,6936700
1999-02-11,123.0625,126.09375,122.5,125.125,9181800
1999-02-12,124.8125,125.5,122.625,123.625,10676600
1999-02-16,124.75,125.625,122.875,122.875,6915500
1999-02-17,123.1875,125.35938,122.25,122.75,7858100
1999-02-18,123.1875,124.375,122.21875,123.71875,9048900
1999-02-19,124,125.75,123.375,124.25,5312200
1999-02-22,124.4375,127.71875,124.28125,127.5625,10695800
1999-02-23,127.59375,128.5,126.59375,127.5,7770700
1999-02-24,127.84375,128.84375,125,125.25,7271000
1999-02-25,124.53125,125.28125,122.6875,124.0625,11633000
1999-02-26,124.75,124.84375,122.8125,123.5625,9621300
1999-03-01,123.65625,124.3125,122.375,123.90625,7607200
1999-03-02,124.5,125.3125,122.3125,122.8125,9651500
1999-03-03,123.09375,123.5625,121.78125,123.46875,7881400
1999-03-04,124.0625,125.48438,123.26562,125.03125,8256400
1999-03-05,127.5,128.125,126.5625,127.54688,10703100
1999-03-08,128.28125,128.79688,127.25,128.375,4802200
1999-03-09,128.125,129.9375,127.75,128.0625,7893400
1999-03-10,128.46875,129.25,127.78125,129.1875,3950000
1999-03-11,129.6875,131.1875,128.875,130.625,6583700
1999-03-12,131,131.03125,129.21875,129.375,5286500
1999-03-15,129.9375,131.25,129.5,131.21875,5394400
1999-03-16,131.125,131.65625,130.46875,130.71875,4547500
1999-03-17,130.6875,130.9375,129.625,130.15625,4524100
1999-03-18,129.78125,132.375,129.75,132.25,3506300
1999-03-19,132.3125,132.625,129.6875,129.6875,5526700
1999-03-22,130.0625,130.59375,129.42188,129.9375,4603800
1999-03-23,129.3125,129.53125,125.70312,126.1875,9713800
1999-03-24,126.84375,127.17188,125.625,126.90625,6280900
1999-03-25,128.0625,129.5,127.75,129.5,6639600
1999-03-26,128.625,129.125,127.71875,128.5625,6159700
1999-03-29,129.15625,131.4375,129.15625,131.15625,5863900
1999-03-30,129.9375,131.21875,129.5625,130.46875,5401400
1999-03-31,131.15625,131.60938,128.3125,128.375,7413600
1999-04-01,129.6875,129.6875,128.125,129.34375,7683600
1999-04-05,130.9375,132.59375,130.25,132.40625,5791100
1999-04-06,132.1875,132.98438,131.15625,132.09375,5381300
1999-04-07,132.6875,133.375,131.375,133.15625,6248600
1999-04-08,133.1875,134.9375,132.28125,134.84375,5909100
1999-04-09,134.4375,135.5,133.59375,134.875,4365800
1999-04-12,133.46875,136.40625,133.21875,136.3125,8213200
1999-04-13,136.25,136.46875,134.5,135.4375,10071400
1999-04-14,136.0625,136.0625,132.6875,133.15625,11551700
1999-04-15,133.4375,133.5625,131,132.65625,11150000
1999-04-16,132.90625,132.90625,131.1875,131.53125,6476200
1999-04-19,132.6875,134.53125,128.375,129.5,12487200
1999-04-20,129.8125,131.1875,129,131.125,9049600
1999-04-21,131.0625,135.625,130.40625,134.875,5772200
1999-04-22,135.125,136.375,134.39062,136.15625,6897400
1999-04-23,135.875,136.75,135,135.8125,4593100
1999-04-26,136.5,136.8125,135.46875,136.59375,3606500
1999-04-27,137.125,137.5,135.84375,137.25,5147200
1999-04-28,136.4375,137.25,135,135.375,5544300
1999-04-29,135.5625,136.0625,133.8125,134.34375,9824300
1999-04-30,135.09375,135.625,131.5,133.25,10991900
1999-05-03,133.4375,135.84375,133.09375,135.6875,10709700
1999-05-04,135.125,135.8125,133.125,133.75,10509300
1999-05-05,133.9375,135.0625,131.84375,134.8125,10032300
1999-05-06,134.4375,135.125,132.375,133.98438,13507200
1999-05-07,134.5,135.125,133.4375,135,8680700
1999-05-10,134.84375,135.71875,133.53125,134.32812,5580100
1999-05-11,135.3125,136.875,134.71875,135.6875,7000600
1999-05-12,135.75,137.21875,131.5,136.75,13865800
1999-05-13,137.25,138,136.8125,137.34375,4485700
1999-05-14,134.5625,135.875,133.5,133.78125,8370100
1999-05-17,133.625,134.48438,132.375,134.1875,6268100
1999-05-18,134.53125,134.98438,132.625,133.9375,8218600
1999-05-19,134.46875,135,133.25,134.90625,5052400
1999-05-20,135.125,135.59375,134.0625,134.09375,4670400
1999-05-21,134.125,134.6875,132.59375,133.34375,6418200
1999-05-24,133.84375,133.84375,130.39062,131.125,7952000
1999-05-25,131.375,132.34375,128.4375,129,15406400
1999-05-26,129.3125,131,128.09375,130.4375,12575900
1999-05-27,129.84375,130.28125,128,128.5625,14515400
1999-05-28,129,130.75,128.59375,130.20312,8748000
1999-06-01,130.125,130.15625,128.375,129.75,6705300
1999-06-02,129.75,130.1875,128.015625,129.875,6981900
1999-06-03,130.6875,130.875,129.78125,130.59375,6076600
1999-06-04,131.46875,133.35938,130.9375,133.21875,9787200
1999-06-07,133.4375,134.1875,132.90625,133.5625,5299100
1999-06-08,133.375,133.79688,131.59375,132.25,4895700
1999-06-09,132.40625,133.09375,131.8125,132.125,7409700
1999-06-10,131.4375,131.46875,129.59375,130.90625,7040700
1999-06-11,131.21875,132.21875,129.09375,129.8125,12824800
1999-06-14,130.6875,130.75,129.54688,129.9375,6823500
1999-06-15,130.46875,131.65625,130.078125,130.8125,5700900
1999-06-16,132.375,133.875,132.375,133.3125,7865800
1999-06-17,132.875,135.5625,132.625,134.5625,8162800
1999-06-18,134.0625,134.6875,133.375,134.3125,2875100
1999-06-21,134.46875,135.25,133.65625,134.625,4646400
1999-06-22,134,135.1875,133.5,133.6875,5862400
1999-06-23,133,133.625,132.125,133.03125,9629200
1999-06-24,132.875,132.9375,130.65625,132.03125,9176900
1999-06-25,132.59375,133.015625,131.25,131.70312,4087000
1999-06-28,132.6875,133.625,132.5,133.3125,5028900
1999-06-29,133,135.1875,132.78125,134.5625,6956200
1999-06-30,134.625,137.5,133.84375,137,16856100
1999-07-01,137,138.5,136.0625,138.03125,9939500
1999-07-02,138.125,139.5,137.90625,139.40625,3772800
1999-07-06,139.25,140.75,138.59375,139.375,11221100
1999-07-07,139.0625,139.71875,138.51562,139.5625,3230700
1999-07-08,139.0625,140.625,138.75,139.67188,7101500
1999-07-09,140,140.59375,139.5625,140.5,2976800
1999-07-12,140.9375,140.9375,139.5,139.875,4436300
1999-07-13,139.375,139.92188,138.65625,139.375,6477600
1999-07-14,140,140.21875,138.75,140.15625,4382500
1999-07-15,140.78125,141.375,140.3125,141.046875,3348600
1999-07-16,141.25,142.15625,140.75,141.8125,2281500
1999-07-19,142.1875,142.25,140.5625,140.875,4287000
1999-07-20,140.125,140.40625,137.53125,137.98438,7060100
1999-07-21,138.09375,138.90625,137.3125,137.82812,4793700
1999-07-22,137.4375,138,135.46875,136.015625,7804100
1999-07-23,136.65625,137,135.125,135.75,4603000
1999-07-26,134.875,136.125,134.625,134.75,4333400
1999-07-27,136,137.20312,135.375,135.875,5908500
1999-07-28,136.25,137.3125,135.59375,136.3125,3955500
1999-07-29,134.9375,135.25,133.3125,134.40625,7760600
1999-07-30,134.8125,135.34375,132.5625,132.75,5994300
1999-08-02,132.75,134.75,132.5,133.0625,6065500
1999-08-03,133.71875,133.84375,131.375,132.4375,5445400
1999-08-04,132.71875,133.875,130.4375,130.625,6497900
1999-08-05,130.875,131.9375,128.84375,131.8125,10322000
1999-08-06,131.21875,132,129.5,130.375,7537700
1999-08-09,130.59375,131.79688,129.75,130.09375,5565900
1999-08-10,129.875,130.15625,127,128.65625,9793300
1999-08-11,129.6875,130.53125,128.625,130.21875,8003400
1999-08-12,130.6875,131.8125,129.90625,130.14062,7036800
1999-08-13,131.625,133.25,131.125,133.15625,5857700
1999-08-16,133.125,133.96875,132.25,133.75,3927000
1999-08-17,134.4375,134.84375,133.125,134.625,4808000
1999-08-18,134.20312,134.375,133.25,133.65625,4355500
1999-08-19,132.375,133.23438,131.6875,132.5625,6448100
1999-08-20,133.0625,134.125,132.6875,133.90625,3663700
1999-08-23,134.8125,136.54688,134.65625,136.46875,5637800
1999-08-24,136.0625,137.96875,135.375,136.96875,9279500
1999-08-25,137.1875,138.78125,136.15625,138.375,6005300
1999-08-26,138.28125,138.42188,136.5,136.71875,4322300
1999-08-27,136.875,137.0625,135.0625,135.0625,6247400
1999-08-30,135.34375,135.5,132,132.5625,4652000
1999-08-31,132.9375,133.75,130.875,132.0625,11453700
1999-09-01,132.9375,133.73438,132.3125,133.6875,6863900
1999-09-02,132.125,132.67188,130.65625,132.10938,10896300
1999-09-03,134.875,136.5,134.6875,135.96875,9160800
1999-09-07,136.0625,136.625,135.21875,135.46875,4560800
1999-09-08,134.84375,136.0625,134.03125,134.8125,6159600
1999-09-09,134.75,135.25,133.6875,134.75,6177800
1999-09-10,136.25,136.35938,134.9375,135.875,2934500
1999-09-13,135.125,135.46875,134.5,134.95312,2320500
1999-09-14,134.0625,134.5625,133.375,134.0625,3736000
1999-09-15,135.4375,135.4375,131.875,131.9375,6984500
1999-09-16,132.5,132.8125,130.3125,132.45312,15377600
1999-09-17,132.625,133.9375,132.15625,133.75,8542300
1999-09-20,133.9375,134,133.09375,133.5625,2803900
1999-09-21,132.25,132.46875,130.15625,130.75,9335200
1999-09-22,131.25,131.84375,129.75,130.60938,13009100
1999-09-23,131.8125,131.8125,127.625,127.875,12204100
1999-09-24,127.75,128.375,126.3125,127.75,13792900
1999-09-27,128.75,129.75,128.28125,128.59375,6970300
1999-09-28,127.9375,128.8125,125.5625,128.34375,11063400
1999-09-29,128.4375,129.125,126.75,126.8125,7580300
1999-09-30,127.4375,129.4375,126.96875,128.75,7498900
1999-10-01,127.9375,128.5625,126.625,128.46875,11127100
1999-10-04,129.1875,130.875,128.75,130.75,6341600
1999-10-05,130.71875,131.96875,128.6875,130.625,11976000
1999-10-06,130.75,132.8125,130.6875,132.625,10308200
1999-10-07,132.85938,133,131.5,131.875,6535600
1999-10-08,131.75,133.875,131.23438,133.875,9674300
1999-10-11,133.59375,134.125,133.3125,133.65625,4282000
1999-10-12,133.125,133.3125,131.1875,131.59375,8686100
1999-10-13,130.6875,131.3125,128.1875,128.1875,10469300
1999-10-14,128.48438,129.1875,126.75,128.15625,10562200
1999-10-15,126,126.75,124.5,124.875,14238700
1999-10-18,124.9375,125.9375,123.4375,125.78125,9758800
1999-10-19,127.1875,128.25,125.9375,127,14392900
1999-10-20,127.75,129.46875,127.125,128.25,9759400
1999-10-21,127.21875,129,126.625,129,9105400
1999-10-22,129.75,131.21875,129.5625,130.09375,8309600
1999-10-25,129.3125,130.46875,128.75,129.4375,8114300
1999-10-26,130.1875,130.6875,127.8125,127.8125,6256300
1999-10-27,128.375,130.3125,128.25,130.125,5433300
1999-10-28,132.4375,134.85938,132.1875,134.5625,10509700
1999-10-29,135.84375,137.6875,135.71875,137,10988600
1999-11-01,136.5,137,135.5625,135.5625,4006500
1999-11-02,135.96875,137.25,134.59375,134.59375,6516900
1999-11-03,136,136.375,135.125,135.5,7222300
1999-11-04,136.75,137.35938,135.76562,136.53125,7907500
1999-11-05,138.625,139.10938,136.78125,137.875,7431500
1999-11-08,137,138.375,136.75,138,4649200
1999-11-09,138.5,138.6875,136.28125,136.70312,4533700
1999-11-10,136.25,138.39062,136.078125,137.71875,6405600
1999-11-11,138.1875,138.5,137.46875,138.5,4794100
1999-11-12,139.25,139.98438,137.125,139.75,11802900
1999-11-15,139.84375,140.25,139.40625,140.078125,2187500
1999-11-16,140.5625,143,140.09375,141.25,7544800
1999-11-17,142.25,142.9375,141.3125,141.625,9459000
1999-11-18,142.4375,143,141.625,142.625,4491000
1999-11-19,142.40625,142.96875,142,142.5,4832100
1999-11-22,142.4375,143,141.5,142.46875,4155400
1999-11-23,142.84375,142.84375,140.375,141.21875,5918000
1999-11-24,140.75,142.4375,140,141.96875,4459700
1999-11-26,142.46875,142.875,141.25,141.4375,1693900
1999-11-29,140.875,141.92188,140.4375,140.9375,7348600
1999-11-30,140.75,142.3125,139,139.28125,7682000
1999-12-01,139.3125,140.5,139,140.40625,6980200
1999-12-02,140.625,141.375,140.375,141.25,6698300
1999-12-03,143.03125,145.34375,143.03125,143.84375,10045400
1999-12-06,143.53125,143.71875,142.25,142.78125,3138900
1999-12-07,143.28125,143.3125,141.375,141.625,10714200
1999-12-08,141.34375,142.0625,140.5,140.71875,4611400
1999-12-09,141.8125,142.21875,139.375,141.40625,6474700
1999-12-10,142.28125,142.8125,140.875,141.875,5127300
1999-12-13,141.4375,142.71875,141.28125,142.125,4210800
1999-12-14,141.625,142.48438,140.625,140.75,5739000
1999-12-15,140.375,142.20312,140.03125,141.5,6879100
1999-12-16,142.1875,142.65625,141.15625,142.125,5854900
1999-12-17,143,143.3125,142.0625,142.6875,4775400
1999-12-20,142.5625,143.1875,141.09375,141.65625,4608700
1999-12-21,141.59375,144.0625,141.34375,143.8125,7981300
1999-12-22,143.625,144.1875,142.96875,144.1875,5377500
1999-12-23,145.015625,146.48438,145,146.48438,5721700
1999-12-27,146.5,146.78125,145.0625,146.28125,2691000
1999-12-28,145.875,146.5,145.48438,146.1875,4084500
1999-12-29,146.3125,146.8125,145.3125,146.8125,3001000
1999-12-30,147.125,147.5625,146.1875,146.64062,3641300
1999-12-31,146.84375,147.5,146.25,146.875,3172700
2000-01-03,148.25,148.25,143.875,145.4375,8164300
2000-01-04,143.53125,144.0625,139.64062,139.75,8089800
2000-01-05,139.9375,141.53125,137.25,140,12177900
2000-01-06,139.625,141.5,137.75,137.75,6227200
2000-01-07,140.3125,145.75,140.0625,145.75,8066500
2000-01-10,146.25,146.90625,145.03125,146.25,5741700
2000-01-11,145.8125,146.09375,143.5,144.5,7503700
2000-01-12,144.59375,144.59375,142.875,143.0625,6907700
2000-01-13,144.46875,145.75,143.28125,145,5158300
2000-01-14,146.53125,147.46875,145.96875,146.96875,7437300
2000-01-18,145.34375,146.625,145.1875,145.8125,6488500
2000-01-19,145.3125,147,145,147,6157900
2000-01-20,146.96875,146.96875,143.8125,144.75,5800100
2000-01-21,145.5,145.5,144.0625,144.4375,6244800
2000-01-24,145.65625,145.84375,139.40625,140.34375,7896900
2000-01-25,140.51562,141.9375,139,141.9375,9942500
2000-01-26,141,141.54688,140.09375,140.8125,5158100
2000-01-27,141.84375,142.21875,138.125,140.25,10922700
2000-01-28,139.4375,140.0625,135.53125,135.875,11916200
2000-01-31,135.8125,139.67188,135,139.5625,10768700
2000-02-01,139.75,141.6875,138.53125,140.9375,8419900
2000-02-02,141.28125,142.25,140.375,141.0625,6205900
2000-02-03,140.875,143.25,140,143.1875,7997500
2000-02-04,143.1875,144,142.125,142.59375,4925400
2000-02-07,142.5625,142.78125,141.4375,142.375,5845800
2000-02-08,143.96875,144.5625,143.625,144.3125,4936400
2000-02-09,144.46875,144.46875,141.26562,141.28125,8511500
2000-02-10,141.625,142.5625,140.875,141.5625,6690600
2000-02-11,141.84375,141.9375,138.03125,138.6875,9849800
2000-02-14,139.78125,139.78125,138.3125,139.5,8528800
2000-02-15,139.25,141.21875,137.79688,141.078125,11078300
2000-02-16,140.375,140.9375,138.79688,139,8845400
2000-02-17,140.4375,140.4375,138.21875,138.28125,7584200
2000-02-18,138.875,138.875,134.625,135.3125,9409200
2000-02-22,135.1875,136.34375,133.53125,134.96875,16415400
2000-02-23,135.625,137.46875,134.5,136.5625,12119000
2000-02-24,136.6875,137.03125,133.09375,133.8125,17375000
2000-02-25,135.1875,136.71875,133.125,133.32812,10559900
2000-02-28,133.375,136.6875,132.71875,136.125,13397800
2000-02-29,136.0625,137.4375,135.75,137.4375,8242500
2000-03-01,137.625,139,137.21875,138.4375,6868000
2000-03-02,138.6875,139.125,137.34375,138.53125,7600200
2000-03-03,140.4375,141.71875,139.71875,141.125,12770300
2000-03-06,140.8125,141.34375,138.75,139.75,11967100
2000-03-07,140,140.15625,135.21875,137.046875,20062000
2000-03-08,136.46875,137.84375,135.03125,136.875,11808500
2000-03-09,137.25,140.875,136.125,140.875,5500900
2000-03-10,140.1875,142,139.53125,140.125,7924600
2000-03-13,136.6875,140.46875,135.6875,138.59375,10540500
2000-03-14,139.28125,140.09375,136.15625,136.625,8263900
2000-03-15,136.875,140.4375,136.0625,139.8125,10300800
2000-03-16,141.625,146.84375,140.875,146.34375,25601400
2000-03-17,145.8125,148,145.4375,146.9375,10272900
2000-03-20,146.875,147.34375,144.78125,146.1875,12502300
2000-03-21,145.53125,149.75,144.5,149.1875,13612600
2000-03-22,149.5625,150.84375,148.6875,150.09375,8260000
2000-03-23,149.15625,153.46875,149.15625,152.65625,11654500
2000-03-24,152.875,155.75,151.71875,153.5625,11462900
2000-03-27,153.375,153.78125,151.8125,151.9375,8798600
2000-03-28,151.25,152.98438,150.59375,151.0625,6334400
2000-03-29,151.5625,152.48438,149.65625,151.21875,6747500
2000-03-30,150.15625,151.92188,147.125,148.6875,9491900
2000-03-31,149.625,152.3125,148.4375,150.375,9249100
2000-04-03,150.125,151.25,148.6875,151.25,8508200
2000-04-04,151.75,153,141.39062,150.125,19585500
2000-04-05,147.875,150.8125,147.625,149.1875,8387200
2000-04-06,150.25,151.6875,149,150.48438,6378500
2000-04-07,151.5625,152.125,150.5,151.4375,6023600
2000-04-10,151.75,153.10938,150.3125,150.84375,9624200
2000-04-11,150,151.625,148.375,150.40625,9006400
2000-04-12,150.375,151.15625,146.15625,146.28125,10779200
2000-04-13,147.46875,148.15625,143.78125,144.25,12225800
2000-04-14,142.625,142.8125,133.5,136,29604000
2000-04-17,135.1875,140.75,134.6875,140.75,23918200
2000-04-18,140.5625,144.46875,139.78125,144.46875,11069200
2000-04-19,144.5,145.125,142.53125,143.125,6553700
2000-04-20,143.5625,143.9375,142.375,143.8125,8537600
2000-04-24,141.5,143.3125,140.5,142.25,12893100
2000-04-25,144.625,148.15625,144.4375,148.15625,14102000
2000-04-26,147.96875,148.75,146,146.48438,7711100
2000-04-27,143,147.34375,143,146,15595300
2000-04-28,147,147.85938,145.0625,145.09375,8743400
2000-05-01,146.5625,148.48438,145.84375,147.0625,7328300
2000-05-02,145.5,147.125,144.125,144.125,9411900
2000-05-03,144,144,139.78125,140.75,12630700
2000-05-04,142,142.35938,140.75,141.8125,5963600
2000-05-05,141.0625,144,140.9375,143.53125,7862400
2000-05-08,142.75,143.375,141.84375,142.45312,5064100
2000-05-09,143.0625,143.40625,140.26562,141.3125,5620300
2000-05-10,140.5,140.96875,137.75,138.125,10293900
2000-05-11,140.125,141.5,139.125,141.28125,7091100
2000-05-12,141.8125,143.46875,141.625,142.8125,5960800
2000-05-15,142.75,145.60938,142,145.28125,4441300
2000-05-16,146.5625,147.71875,145.3125,146.6875,8192200
2000-05-17,145.6875,146.1875,144.46875,145.15625,5907200
2000-05-18,145.625,146.3125,143.375,143.375,4325600
2000-05-19,142.5625,143.23438,140.40625,141.125,6518400
2000-05-22,141.25,141.46875,137,140.0625,10839400
2000-05-23,140.4375,140.8125,137.5625,138,7979200
2000-05-24,138,140.6875,136.5,140.25,11081500
2000-05-25,140.6875,141.8125,137.71875,137.84375,8278900
2000-05-26,138.8125,139.6875,137.32812,138,4814000
2000-05-30,140,142.9375,139.46875,142.5,5362700
2000-05-31,142.5625,144,142.09375,142.8125,6056500
2000-06-01,143.6875,145.4375,143,145.3125,8961600
2000-06-02,148.9375,149.09375,147.48438,147.84375,8962200
2000-06-05,147.46875,148.21875,146.875,147.125,6998100
2000-06-06,146.625,147.78125,145.90625,146.46875,4858900
2000-06-07,146.625,148,146,147.48438,4919500
2000-06-08,147.5,147.75,146.0625,146.90625,5723100
2000-06-09,147.5,147.96875,145.625,146.59375,3085300
2000-06-12,146.96875,146.96875,144.875,144.875,3678900
2000-06-13,144.8125,147.75,144.625,147.59375,6558700
2000-06-14,148.25,148.875,147.1875,147.84375,6420500
2000-06-15,148.125,148.75,146.84375,148.15625,5881200
2000-06-16,148.3125,148.3125,145.875,146.59375,5567900
2000-06-19,146.46875,149.15625,146.25,148.46875,5106900
2000-06-20,148.1875,148.875,147,147.9375,6480000
2000-06-21,146.9375,148.4375,146.89062,147.875,3115000
2000-06-22,147.5625,147.6875,145,145.625,7490500
2000-06-23,145.8125,146.125,143.875,144.375,4863300
2000-06-26,145.375,146.25,144.875,146.23438,5201300
2000-06-27,145.98438,146.71875,145.015625,145.15625,4159500
2000-06-28,145.625,146.98438,145.3125,145.5625,5347700
2000-06-29,144.75,145.75,143.51562,144.1875,6345700
2000-06-30,143.9375,145.59375,143.89062,145.28125,7420200
2000-07-03,145.4375,147.4375,145.1875,147.28125,1436600
2000-07-05,146.375,146.65625,144.375,144.625,2748200
2000-07-06,144.9375,146.46875,144.21875,145.75,5963200
2000-07-07,146.6875,148.78125,146.25,148.09375,3034800
2000-07-10,147.875,148.90625,147.53125,147.84375,2816100
2000-07-11,147.46875,149.125,147.15625,148.15625,5431600
2000-07-12,149.28125,150.125,148.6875,149.125,5883000
2000-07-13,149.98438,150.375,149.1875,149.78125,5356000
2000-07-14,150.4375,151.25,149.67188,151.25,5341900
2000-07-17,150.98438,151.98438,150.6875,151,4208300
2000-07-18,150.625,150.625,149.34375,149.76562,4262100
2000-07-19,149.46875,149.90625,148.25,148.5625,8506800
2000-07-20,149,150.625,148.8125,150.625,4538900
2000-07-21,149.75,149.75,147.6875,147.6875,5656900
2000-07-24,148.125,148.85938,146.5625,146.84375,5628500
2000-07-25,147.75,147.84375,146.78125,147.3125,4757100
2000-07-26,146.96875,147.15625,145.64062,145.875,12062500
2000-07-27,145.9375,146.625,144.6875,145.375,7652600
2000-07-28,145.71875,145.90625,141.51562,142.09375,6229500
2000-07-31,142.9375,144.125,142.0625,143,5265500
2000-08-01,143.625,144.71875,143.125,143.875,3946600
2000-08-02,143.875,145.40625,143.625,144.59375,7439800
2000-08-03,142.875,145.8125,142.625,145.59375,4607100
2000-08-04,146.3125,146.71875,145.40625,146.375,3686600
2000-08-07,146.71875,148.4375,146.375,148.125,4159800
2000-08-08,147.5,148.8125,147.5,148.6875,3658700
2000-08-09,149.14062,149.21875,147.375,147.4375,5383800
2000-08-10,147.53125,147.85938,146.28125,146.71875,4193400
2000-08-11,146.625,148,145.5625,147.40625,5089400
2000-08-14,147.78125,149.5625,147.0625,149.28125,2966700
2000-08-15,149.34375,149.8125,148.5625,149.15625,5564600
2000-08-16,149.3125,149.9375,147.84375,148.625,5191600
2000-08-17,148.6875,150.4375,148.34375,150.1875,5652200
2000-08-18,150.375,150.375,149.21875,149.6875,4626400
2000-08-21,150.03125,150.71875,149.40625,150.5,2380600
2000-08-22,150.5625,151.3125,150.09375,150.25,3075300
2000-08-23,149.8125,151.28125,149.28125,150.84375,5483200
2000-08-24,151.15625,151.5,150.5,151.3125,4529000
2000-08-25,151.15625,151.625,150.9375,151.25,2822200
2000-08-28,151.25,152.90625,151.25,151.76562,5518700
2000-08-29,151.4375,151.875,150.90625,151.79688,3561900
2000-08-30,151.3125,151.5,150.34375,150.34375,3964800
2000-08-31,151.0625,153.09375,150.90625,152.34375,4863100
2000-09-01,153.25,153.59375,152,152.5,3191200
2000-09-05,151.875,152.20312,150.8125,151.28125,3470800
2000-09-06,151.1875,151.95312,149.53125,149.5625,4322200
2000-09-07,150.25,151.078125,149.82812,150.84375,4265500
2000-09-08,150.28125,150.5,149.32812,149.8125,3518200
2000-09-11,149.75,151.1875,148.6875,149.59375,3937500
2000-09-12,149.75,150.25,148.4375,148.5,4769100
2000-09-13,148,149.34375,147.65625,148.89062,7691600
2000-09-14,149.875,149.9375,148.15625,149.64062,3397100
2000-09-15,148.1875,148.25,146,146,4085700
2000-09-18,146.375,146.96875,144.20312,144.65625,5109300
2000-09-19,145.125,146.3125,144.70312,145.96875,6588200
2000-09-20,145.6875,146.03125,143.15625,144.89062,6508100
2000-09-21,144.46875,145.5625,142.625,142.6875,5972300
2000-09-22,142.625,145.3125,142.42188,145.28125,7791300
2000-09-25,145.9375,146.0625,143.71875,144.25,9726300
2000-09-26,144.375,145,142.40625,142.40625,5302400
2000-09-27,143.5625,143.96875,142.125,143.15625,7186200
2000-09-28,143.1875,146.32812,142.89062,145,7036400
2000-09-29,145.46875,145.96875,143.625,143.625,9333600
2000-10-02,144.28125,144.90625,143.14062,143.84375,5517800
2000-10-03,144.53125,145.75,142.28125,142.5,9347200
2000-10-04,142.875,144.25,141.75,143.6875,6148900
2000-10-05,143.40625,144.84375,143.3125,144.1875,4566900
2000-10-06,143.875,144.64062,139.75,141.0625,10014900
2000-10-09,141.3125,141.3125,139.375,140,4508000
2000-10-10,140.09375,141.25,137.6875,137.6875,6104700
2000-10-11,137.625,138.625,135.125,136.53125,10346000
2000-10-12,137.28125,137.59375,132.78125,133.125,12336900
2000-10-13,132.9375,137.65625,132.875,137.5625,11778800
2000-10-16,137.40625,138.23438,136.6875,138.1875,5659000
2000-10-17,138.4375,138.5625,134.40625,134.75,7831700
2000-10-18,132.625,136.125,130.15625,134.25,10897300
2000-10-19,136.84375,139.45312,136.4375,139.3125,8767300
2000-10-20,138.375,141.1875,138.375,139.90625,7373500
2000-10-23,139.9375,141.03125,138.9375,140.53125,5290000
2000-10-24,140.96875,141.9375,139,139.59375,5750700
2000-10-25,138.75,139.5625,136.125,136.3125,9137600
2000-10-26,137.125,137.65625,134.03125,136.6875,9345800
2000-10-27,137.875,139.28125,136.625,139.28125,9762900
2000-10-30,138.4375,141.09375,138.15625,140.53125,10154100
2000-10-31,141.015625,143.6875,140.0625,142.95312,7752400
2000-11-01,142.25,143.25,141.21875,142.46875,6753600
2000-11-02,143.15625,143.90625,142.51562,142.70312,11395100
2000-11-03,143.46875,143.75,142.375,142.78125,5187100
2000-11-06,143.15625,144.29688,143.03125,143.78125,4042500
2000-11-07,143.14062,144,142.5625,143.75,5231300
2000-11-08,144.0625,144.0625,140.5625,140.5625,6123300
2000-11-09,140,141.21875,137.25,140.03125,10635300
2000-11-10,139,139.46875,136.53125,136.625,8569500
2000-11-13,135.625,136.98438,133.015625,135.5625,17285300
2000-11-14,137.46875,139.625,137,139.125,7668900
2000-11-15,139.0625,140.10938,137.75,139.5625,8837700
2000-11-16,138.57812,139.875,137.3125,137.375,6684100
2000-11-17,137.3125,139,135.75,136.64062,6551100
2000-11-20,135.75,136.375,134.3125,134.6875,5458500
2000-11-21,134.875,136.1875,133.51562,135.375,7684300
2000-11-22,134.34375,134.875,132.125,132.14062,5736900
2000-11-24,133.625,134.96875,133.625,134.84375,3411600
2000-11-27,136.46875,136.6875,135.3125,136.03125,5992000
2000-11-28,135.125,136.59375,133.64062,133.6875,5336100
2000-11-29,134.375,135.90625,133.26562,133.4375,6914100
2000-11-30,132.5,133.5,129.75,132.28125,11201600
2000-12-01,133.1875,134.0625,131,132.21875,7587200
2000-12-04,131.875,133.875,131.5,133.34375,6996600
2000-12-05,134.875,138.25,134.40625,137.71875,8883400
2000-12-06,137.78125,138.34375,135.03125,135.51562,12888000
2000-12-07,134.875,135.875,133.65625,133.65625,6529100
2000-12-08,137.0625,139.46875,133.875,133.96875,10276300
2000-12-11,137.375,139.5625,136.71875,138.625,6405600
2000-12-12,138.1875,138.8125,137.375,138.03125,5022900
2000-12-13,139.25,139.40625,136.03125,136.14062,6070500
2000-12-14,135.875,136.5,134.03125,134.40625,7678400
2000-12-15,133.125,133.125,130.5625,130.96875,9065300
2000-12-18,132.0625,133.46875,131.76562,132.71875,7235400
2000-12-19,132.46875,134.96875,130.015625,130.015625,9616600
2000-12-20,128.625,128.9375,126.09375,126.25,9994300
2000-12-21,126,128.85938,125.53125,127.125,14331500
2000-12-22,129,131.10938,128.84375,130.9375,10182900
2000-12-26,130.84375,132.34375,130.28125,132.34375,4665300
2000-12-27,131.75,133.73438,131.25,133.3125,4854100
2000-12-28,132.8125,133.875,132.59375,133.71875,8358700
2000-12-29,134.0625,134.28125,131.1875,131.1875,8774600
2001-01-02,132,132.15625,127.5625,128.8125,8737500
2001-01-03,128.3125,136,127.65625,135,19431600
2001-01-04,134.9375,135.46875,133,133.54688,9219000
2001-01-05,133.46875,133.625,129.1875,129.1875,12911400
2001-01-08,129.875,130.1875,127.6875,130.1875,6625300
2001-01-09,131.046875,131.5,129.42188,129.84375,5702400
2001-01-10,129,132.125,128.8125,132.125,8746100
2001-01-11,131.09375,133.48438,131.09375,132.25,7245100
2001-01-12,132.6875,133.71875,131.28125,132,7244000
2001-01-16,132,133.1875,131.51562,132.84375,8542200
2001-01-17,134.84375,135.046875,132.64062,133.45312,7851400
2001-01-18,133.4375,135.70312,132.9375,134.78125,8107000
2001-01-19,136.1875,136.1875,133.875,134.015625,7782500
2001-01-22,134.25,135.78125,133.5625,134.90625,7050900
2001-01-23,134.46875,136.65625,134.15625,135.96875,8463100
2001-01-24,136.25,137.3125,135.84375,136.375,6199900
2001-01-25,136.25,137.25,135.65625,136.03125,10818300
2001-01-26,135.15625,136.125,134.45312,135.875,7136800
2001-01-29,135.5,136.89999,135.37000,136.60001,6705900
2001-01-30,136.30000,137.92000,135.78999,137.80000,7069100
2001-01-31,137.39999,138.70000,136.60001,137.020004,9706900
2001-02-01,137.10001,137.95000,136.25,137.92999,8239100
2001-02-02,137.39999,137.99001,134.75,134.80000,8276600
2001-02-05,134.80000,135.94000,134.75,135.78999,4352900
2001-02-06,135.30000,136.70000,135.22000,135.39000,7106700
2001-02-07,134.72000,135.39999,133.67999,134.69000,5748700
2001-02-08,134.80000,135.39999,133.10001,133.12000,5943300
2001-02-09,133.35001,133.35001,131.25999,131.84000,9913000
2001-02-12,131.70000,133.5,131.70000,133.35001,5804400
2001-02-13,133.70000,134.17000,132,132.25999,6587600
2001-02-14,132.64999,132.64999,130.66000,132.059998,8400100
2001-02-15,132.84000,133.52000,131.99001,133.34000,5929800
2001-02-16,131,131.28999,129.30000,130.39999,6434900
2001-02-20,131.039993,131.14000,128.10001,128.39000,5760000
2001-02-21,127.90000,128.84000,125.5,125.62000,10910800
2001-02-22,126.35000,126.54000,123.019997,125.81000,21281600
2001-02-23,125.080002,125.54000,121.80000,124.96000,20173000
2001-02-26,125.80000,127.62000,124.5,127.62000,11503700
2001-02-27,126.80000,127.84000,125.51000,126.44000,11415000
2001-02-28,126.75,126.84000,123.27000,123.95000,14825800
2001-03-01,124.050003,124.60000,121.75,124.60000,14672000
2001-03-02,122.5,125.65000,122.30000,123.61000,12564300
2001-03-05,124.15000,124.78000,123.81000,124.74000,5293200
2001-03-06,126.35000,127.75,125.49000,126.080002,6917000
2001-03-07,126.90000,127.040001,125.76000,126.98000,6371700
2001-03-08,126.60000,127.24000,126.14000,127.12000,6055000
2001-03-09,126.099998,126.099998,123.11000,123.36000,10020300
2001-03-12,122.34000,122.5,117.75,118.080002,13972900
2001-03-13,119.40000,120.44000,117.53000,120.019997,12888000
2001-03-14,117.050003,119.29000,115.75,117.65000,19883400
2001-03-15,118.45000,118.86000,117.36000,117.68000,10370300
2001-03-16,117.13000,117.40000,114.81000,115.010002,58514600
2001-03-19,115.76000,117.69000,114.82000,117.35000,10067800
2001-03-20,117.90000,118.46000,114.11000,114.20000,15083900
2001-03-21,114.18000,115.26000,111.90000,112.26000,19004600
2001-03-22,112.019997,112.60000,108.040001,111.12000,28624800
2001-03-23,113.25,114.66000,111.5,114.48000,12861700
2001-03-26,115.70000,116.27000,114.77000,115.94000,9943800
2001-03-27,115.62000,118.65000,115.28000,118.31000,12880700
2001-03-28,116.90000,116.95000,114.90000,115.040001,10953300
2001-03-29,114.70000,116.5,112.14000,115.48000,12060300
2001-03-30,115.55000,116.69000,114.5,116.69000,9183600
2001-04-02,116.30000,117.38000,113.80000,114.20000,10561000
2001-04-03,113.98000,114.15000,110.059998,110.39000,12836000
2001-04-04,110.57000,112.099998,109.30000,110.85000,14884300
2001-04-05,113.30000,115.49000,112.5,115.050003,21522800
2001-04-06,113.99000,114.40000,112.059998,113.30000,14937800
2001-04-09,114,114.99000,112.78000,114.56000,9034300
2001-04-10,115.45000,117.75,115.17000,116.65000,17873600
2001-04-11,118.78000,118.99000,116.14000,116.73000,12722300
2001-04-12,116.30000,118.94000,115.96000,118.85000,9233200
2001-04-16,118.29000,118.89000,116.91000,117.60000,7350000
2001-04-17,117.31000,119.66000,117.019997,119.26000,10924700
2001-04-18,121.059998,126,120.69000,124,32481600
2001-04-19,124.25,125.84000,123.58000,125.65000,13809900
2001-04-20,124.90000,125.40000,123.66000,124.5,7626700
2001-04-23,123.65000,123.89000,121.91000,122.24000,8451800
2001-04-24,122.52000,123.65000,121.099998,121.58000,10044700
2001-04-25,121.42000,123.67000,120.95000,123.17000,8249000
2001-04-26,123.73000,125.22000,123.5,123.72000,10590400
2001-04-27,124.92000,125.84000,124.20000,125.78000,7938700
2001-04-30,126.45000,127.27000,124.67000,126.66000,10766900
2001-05-01,125.070000,127.15000,124.60000,127.050003,10578000
2001-05-02,127.41000,127.69000,126,126.82000,9572900
2001-05-03,126.13000,126.15000,124.22000,125.21000,9926200
2001-05-04,123.65000,127.35000,123.44000,127.34000,12145300
2001-05-07,126.86000,127.38000,126.23000,126.24000,7185200
2001-05-08,126.86000,127.099998,125.56000,126.18000,6952600
2001-05-09,125.25,126.55000,125.059998,125.65000,9507400
2001-05-10,127.26000,127.5,125.77000,126.019997,6872400
2001-05-11,126,126.49000,124.40000,125.15000,7734400
2001-05-14,124.90000,125.44000,124.46000,125.40000,7914000
2001-05-15,125.55000,126.5,124.85000,125.98000,9782200
2001-05-16,124.84000,129.20000,124.62000,128.95000,14909000
2001-05-17,129,130.080002,128.56000,129.14999,11824600
2001-05-18,129.089996,129.74001,128.10001,129.74001,6683100
2001-05-21,129.84000,131.84000,129.14999,131.64999,11531500
2001-05-22,131.83000,132.089996,131.070007,131.48000,8342700
2001-05-23,131.050003,131.050003,129.25,129.25,12330800
2001-05-24,129.47000,130,128.55000,129.63000,7902800
2001-05-25,129.64999,129.70000,127.90000,128.10001,7425000
2001-05-29,128.22000,128.35001,126.90000,127.080002,9003900
2001-05-30,126.59000,127.089996,125,125.30000,10041800
2001-05-31,125.43000,126.76000,125.26000,125.95000,9874200
2001-06-01,126.20000,127.099998,125.12000,126.73000,8848300
2001-06-04,126.80000,127.43000,126.080002,127.34000,5623500
2001-06-05,127.49000,129.23000,127.27000,128.80000,9115400
2001-06-06,128.83000,128.83000,127.36000,127.73000,12064900
2001-06-07,127.050003,128.35001,127,128.19000,7355300
2001-06-08,127.70000,127.87000,126.14000,127,8170600
2001-06-11,126.71000,126.99000,125.41000,126.099998,7012200
2001-06-12,124.86000,126.74000,124.040001,125.88000,9364400
2001-06-13,126.17000,126.58000,124.65000,124.80000,7629400
2001-06-14,124.18000,124.30000,121.75,122,12603000
2001-06-15,120.91000,122.40000,120.40000,121.85000,16821100
2001-06-18,121.65000,122.44000,120.91000,121.26000,11368300
2001-06-19,122.38000,122.89000,120.89000,121.79000,7732300
2001-06-20,121.19000,122.86000,121.099998,122.43000,8787200
2001-06-21,122.22000,124.31000,122.15000,123.82000,12259100
2001-06-22,123.49000,123.59000,122.16000,122.85000,12212000
2001-06-25,123.28000,123.44000,121.5,121.72000,8406800
2001-06-26,120.90000,122.39000,120.57000,121.55000,8005800
2001-06-27,121.60000,122.24000,120.91000,121.48000,10105100
2001-06-28,122,123.94000,121.93000,122.15000,10269300
2001-06-29,122.80000,124.010002,122.26000,122.60000,9824200
2001-07-02,122.80000,124.32000,122.62000,124.13000,8522200
2001-07-03,123.98000,124.099998,123.050003,124.099998,3303100
2001-07-05,123.070000,123.65000,121.66000,121.68000,5517900
2001-07-06,121.31000,121.49000,119.050003,119.050003,11665900
2001-07-09,119.49000,120.54000,119.20000,119.70000,8339300
2001-07-10,120.29000,120.64000,118.21000,118.26000,8630700
2001-07-11,118.099998,118.89000,117.089996,118.38000,15328600
2001-07-12,119.5,121.47000,119.31000,121.19000,12002800
2001-07-13,120.84000,122.32000,120.62000,122.24000,10433800
2001-07-16,121.77000,122.28000,120.29000,120.71000,6915300
2001-07-17,120.20000,121.95000,119.83000,121.84000,7469800
2001-07-18,120.56000,121.64000,120.059998,121.010002,7709300
2001-07-19,122.18000,122.98000,120.76000,122.070000,10082900
2001-07-20,121.15000,121.94000,120.92000,121.34000,6705800
2001-07-23,121.80000,121.88000,118.95000,118.95000,8065200
2001-07-24,119,119.20000,116.75,117.80000,12269000
2001-07-25,117.92000,119.48000,117.46000,119.099998,12088500
2001-07-26,119.059998,120.85000,118.56000,120.35000,12898200
2001-07-27,120.83000,121.35000,119.91000,120.81000,8478800
2001-07-30,121.19000,121.35000,120.30000,120.85000,8547700
2001-07-31,121,122.68000,120.80000,121.35000,11918100
2001-08-01,121.97000,122.70000,121.55000,122.11000,11940800
2001-08-02,123.23000,123.25,121.89000,122.61000,11070100
2001-08-03,122.36000,122.36000,120.90000,121.94000,10816300
2001-08-06,121.35000,121.51000,120.099998,120.30000,8550100
2001-08-07,120.27000,121.20000,119.91000,120.77000,8865100
2001-08-08,120.12000,121.16000,118.43000,118.53000,15183800
2001-08-09,118.70000,118.97000,117.86000,118.88000,14118500
2001-08-10,118.80000,119.84000,117.34000,119.29000,11173300
2001-08-13,119.60000,119.85000,118.81000,119.32000,7431600
2001-08-14,120.14000,120.35000,118.80000,119.27000,13178100
2001-08-15,119.23000,119.61000,118.080002,118.24000,8520600
2001-08-16,117.80000,118.75,117,118.65000,10734700
2001-08-17,117.65000,117.87000,116.010002,116.75,11604600
2001-08-20,116.80000,117.90000,116.55000,117.83000,10417400
2001-08-21,117.80000,118.54000,115.80000,115.82000,14480800
2001-08-22,116.75,117.43000,115.78000,117.019997,11752300
2001-08-23,116.96000,117.52000,116.49000,116.60000,8744100
2001-08-24,117.21000,119.13000,116.74000,119.019997,11687700
2001-08-27,118.97000,119.20000,118.26000,118.31000,7425100
2001-08-28,118.28000,118.49000,116.58000,116.58000,12046600
2001-08-29,117.13000,117.18000,115.17000,115.54000,16180000
2001-08-30,114.85000,115.74000,112.040001,113.32000,17692600
2001-08-31,113.40000,114.77000,113.13000,114.15000,15985400
2001-09-04,113.85000,116.17000,113.37000,113.42000,24473400
2001-09-05,113.70000,114.19000,111.95000,113.70000,21477100
2001-09-06,112.65000,113.30000,110.77000,110.77000,21653000
2001-09-07,110.019997,111.25,108.63000,108.72000,33133900
2001-09-10,107.70000,110.35000,107.70000,110.050003,23408700
2001-09-17,101,106.40000,100,104.30000,32388700
2001-09-18,104.33000,105.30000,103.36000,104.050003,22029200
2001-09-19,104.099998,104.5,98.56000,101.95000,42771800
2001-09-20,100.40000,101.81000,98.56000,98.71000,36210900
2001-09-21,94.28000,98.99000,93.80000,97.28000,49782100
2001-09-24,99.72000,101.16000,99.059998,100.70000,25549600
2001-09-25,100.75,102,99.90000,101.75,25466200
2001-09-26,102.35000,102.40000,100.43000,101.39000,18587500
2001-09-27,101.25,102.29000,100,102.27000,20536800
2001-09-28,102.98000,109.62000,102.5,104.44000,21687200
2001-10-01,103.90000,104.32000,102.83000,104.27000,20457400
2001-10-02,104,105.58000,103.65000,105.58000,19833100
2001-10-03,104.60000,107.88000,104.35000,107.35000,32045800
2001-10-04,108.29000,108.97000,106.75,107.44000,32674100
2001-10-05,107.25,107.62000,105.52000,107.23000,29796100
2001-10-08,106.27000,107.30000,105.87000,106.53000,12970300
2001-10-09,106.61000,106.75,105.60000,105.96000,15976300
2001-10-10,105.80000,108.55000,105.52000,108.32000,19987400
2001-10-11,108.95000,110.30000,108.95000,110,23006300
2001-10-12,109.15000,109.89000,107.30000,109.5,31360500
2001-10-15,108.63000,109.45000,108.059998,109.30000,16873000
2001-10-16,109.80000,110.61000,108.95000,109.99000,15877100
2001-10-17,111.070000,111.15000,107.65000,107.65000,28542300
2001-10-18,107.82000,108.16000,106.75,107.42000,16510000
2001-10-19,107,107.91000,106.010002,107.35000,21912500
2001-10-22,107.30000,109.57000,107.21000,109.47000,17540600
2001-10-23,109.96000,110.28000,108.38000,108.91000,22062500
2001-10-24,108.98000,109.45000,108.22000,108.62000,16065200
2001-10-25,107.45000,110.60000,106.74000,110.57000,27467900
2001-10-26,109.95000,111.79000,109.67000,110.32000,18623300
2001-10-29,110.16000,110.55000,107.45000,107.45000,18727500
2001-10-30,107.35000,107.70000,105.56000,106.16000,26178600
2001-10-31,106.90000,107.86000,105.80000,105.80000,28124200
2001-11-01,106.60000,109.010002,105.70000,108.51000,29806800
2001-11-02,108.44000,109.38000,107.87000,109.25,17575900
2001-11-05,110.12000,111.089996,109.95000,110.68000,15929500
2001-11-06,110.35000,112.48000,109.85000,112.40000,23245800
2001-11-07,111.77000,113.12000,111.64000,112.25,19716000
2001-11-08,112.87000,114.080002,111.90000,112.60000,22563500
2001-11-09,112.25,112.96000,111.44000,112.72000,15895800
2001-11-12,111,112.65000,110,112.029999,26068800
2001-11-13,113.44000,114.55000,113.18000,114.55000,15296200
2001-11-14,115.17000,115.40000,113.71000,114.66000,17571300
2001-11-15,114.37000,115.18000,113.93000,114.87000,19470200
2001-11-16,115.080002,115.099998,113.40000,114.36000,18134900
2001-11-19,114.92000,115.85000,114.45000,115.77000,13625400
2001-11-20,115.37000,115.80000,114.64000,114.80000,16209700
2001-11-21,114.5,114.67000,113.51000,114.040001,11470200
2001-11-23,114.040001,115.75,114,115.68000,6717100
2001-11-26,115.75,116.34000,115.070000,115.93000,13726000
2001-11-27,115.62000,116.90000,114.089996,115.43000,19261400
2001-11-28,114.74000,115.17000,113.25,113.34000,20195500
2001-11-29,113.66000,114.92000,113,114.87000,16354700
2001-11-30,114.40000,114.91000,114.019997,114.050003,13680300
2001-12-03,113.65000,114.080002,113.010002,113.37000,15220400
2001-12-04,113.92000,115.30000,113.35000,115.29000,17239900
2001-12-05,115.61000,118,115.56000,117.40000,25204000
2001-12-06,117.34000,117.94000,116.93000,117.34000,17972900
2001-12-07,116.90000,117.089996,115.70000,116.56000,18857800
2001-12-10,115.85000,116.39000,114.35000,114.38000,13862700
2001-12-11,114.90000,115.72000,113.90000,114.15000,20833300
2001-12-12,114.55000,114.78000,113.11000,114.28000,16171500
2001-12-13,113.45000,113.70000,112.040001,112.059998,19026700
2001-12-14,112.33000,113.49000,112,113.13000,16721900
2001-12-17,112.99000,114.36000,112.90000,114.30000,13925900
2001-12-18,114.63000,115.15000,114.34000,114.98000,13663700
2001-12-19,114.089996,115.92000,114,115.79000,20143400
2001-12-20,115.5,115.80000,114.55000,114.65000,14867900
2001-12-21,115.029999,115.070000,114.20000,114.95000,14037700
2001-12-24,114.83000,115.040001,114.61000,114.73000,5728800
2001-12-26,114.65000,116.21000,114.65000,115.36000,10304800
2001-12-27,115.30000,116.080002,115.25,116.059998,9407300
2001-12-28,116.29000,116.75,115.92000,116,10593800
2001-12-31,116.15000,116.39000,114.23000,114.30000,14619500
2002-01-02,115.11000,115.75,113.81000,115.53000,18651900
2002-01-03,115.65000,116.95000,115.54000,116.84000,15743000
2002-01-04,117.17000,117.98000,116.55000,117.62000,20140700
2002-01-07,117.70000,117.99000,116.56000,116.79000,13106500
2002-01-08,116.79000,117.059998,115.97000,116.52000,12683700
2002-01-09,116.68000,117.78000,115.34000,115.57000,16610300
2002-01-10,115.69000,116.35000,115.30000,116.080002,12823400
2002-01-11,116.21000,116.28000,114.70000,114.94000,13708400
2002-01-14,114.65000,114.84000,113.96000,114.22000,12301100
2002-01-15,114.55000,115.39000,113.90000,115.15000,20219900
2002-01-16,114.30000,114.40000,112.69000,112.82000,17067000
2002-01-17,113.76000,114.24000,113.40000,113.67000,17283400
2002-01-18,113,113.85000,112.67000,113.15000,17028000
2002-01-22,113.75,113.93000,112.019997,112.37000,11689300
2002-01-23,112.63000,113.55000,112.019997,113.23000,12438900
2002-01-24,113.64000,114.25,113.32000,113.58000,12142800
2002-01-25,113.12000,114.18000,113.040001,113.55000,12810700
2002-01-28,113.90000,114.19000,112.92000,113.86000,10589200
2002-01-29,113.85000,114.13000,110.050003,110.28000,27720800
2002-01-30,110.39000,113.39000,108.40000,111.87000,34711800
2002-01-31,112.15000,113.30000,111.62000,113.18000,19909200
2002-02-01,113.089996,113.30000,112.17000,112.65000,15838500
2002-02-04,112.23000,112.23000,109.44000,109.85000,24243400
2002-02-05,109.40000,110.49000,108.53000,109.17000,33614000
2002-02-06,109.65000,109.74000,108.059998,108.70000,29486000
2002-02-07,108.72000,109.86000,108,108.019997,23445400
2002-02-08,108.63000,110.75,108.30000,110.089996,19277800
2002-02-11,110.050003,111.64000,109.82000,111.44000,18792400
2002-02-12,110.96000,111.71000,110.029999,111.089996,13942500
2002-02-13,111.48000,112.54000,111.35000,112.27000,16781100
2002-02-14,112.51000,112.97000,111.59000,112.059998,20453800
2002-02-15,112.15000,112.24000,110.71000,110.89000,18366800
2002-02-19,110.15000,110.29000,108.61000,108.76000,15988100
2002-02-20,109.050003,110.59000,107.82000,110.59000,29242800
2002-02-21,109.93000,110.63000,108.26000,108.30000,26288600
2002-02-22,108.35000,109.94000,107.87000,109.64000,26572900
2002-02-25,109.74000,111.81000,109.70000,111.45000,17458700
2002-02-26,111.60000,112.040001,110.57000,111.22000,22346500
2002-02-27,111.96000,112.86000,110.65000,111.65000,28597900
2002-02-28,111.83000,112.75,111.029999,111.15000,23755400
2002-03-01,111.72000,113.85000,111.51000,113.74000,26273600
2002-03-04,113.90000,115.99000,113.65000,115.75,27184600
2002-03-05,115.33000,116.40000,114.97000,115.38000,22718900
2002-03-06,115.099998,117.15000,115.070000,116.75,20143200
2002-03-07,117.36000,117.5,115.57000,116.5,19330800
2002-03-08,117.38000,117.90000,116.48000,116.99000,19930100
2002-03-11,116.89000,117.90000,116.43000,117.24000,15621800
2002-03-12,116.099998,117.25,115.94000,117.17000,17153600
2002-03-13,116.63000,116.75,115.64000,116.040001,17175300
2002-03-14,116.040001,116.43000,115.63000,115.88000,11168100
2002-03-15,115.97000,116.95000,115.90000,116.65000,21220100
2002-03-18,117.099998,117.56000,116.099998,116.67000,17548900
2002-03-19,117.30000,117.74000,116.82000,117.45000,17912000
2002-03-20,116.5,116.58000,115.19000,115.24000,17114500
2002-03-21,115.30000,115.90000,114.12000,115.29000,25846800
2002-03-22,115.5,115.94000,114.70000,115.040001,15235400
2002-03-25,115.089996,115.36000,113.30000,113.61000,17499600
2002-03-26,113.52000,115.019997,113.47000,114.27000,19947600
2002-03-27,114.029999,115.010002,113.76000,114.57000,19020300
2002-03-28,114.97000,115.77000,114.5,114.52000,17532900
2002-04-01,114.23000,115.099998,113.5,114.57000,17711000
2002-04-02,113.98000,114.95000,113.77000,113.94000,15669500
2002-04-03,114.010002,114.21000,112.16000,113.14000,25658500
2002-04-04,112.60000,113.40000,112.23000,112.67000,23549000
2002-04-05,113.19000,113.63000,112.18000,112.69000,19404900
2002-04-08,111.32000,113.029999,111.23000,112.93000,16470100
2002-04-09,113.18000,113.18000,111.93000,112.14000,15122700
2002-04-10,112.099998,113.54000,112.089996,113.41000,17199300
2002-04-11,112.89000,113.050003,110.5,110.59000,25453700
2002-04-12,111.019997,111.65000,110.040001,111.42000,14950600
2002-04-15,111.62000,111.86000,110.20000,110.57000,17394900
2002-04-16,111.70000,113.32000,111.67000,113.20000,15040900
2002-04-17,113.39000,113.67000,112.60000,112.96000,12920100
2002-04-18,112.90000,113.46000,111.15000,112.47000,25204800
2002-04-19,113.20000,113.24000,112.56000,112.88000,10499200
2002-04-22,112.38000,112.43000,110.84000,111,13922900
2002-04-23,111.089996,111.48000,110.17000,110.52000,16967000
2002-04-24,110.56000,111.81000,109.40000,109.41000,18902700
2002-04-25,109.21000,109.74000,108.72000,109.47000,25451500
2002-04-26,109.79000,110.010002,107.29000,107.39000,19769800
2002-04-29,107.93000,108.26000,106.63000,106.86000,17724400
2002-04-30,107.019997,108.64000,106.64000,107.86000,19473500
2002-05-01,107.97000,109.25,106.80000,109.18000,24575600
2002-05-02,109.099998,109.91000,107.78000,108.76000,15666800
2002-05-03,108.60000,108.76000,107.20000,107.58000,18185500
2002-05-06,107.64000,107.99000,105.31000,105.47000,23630400
2002-05-07,106.099998,106.32000,104.90000,105.099998,21910000
2002-05-08,107.050003,109.36000,106.79000,109.010002,27917400
2002-05-09,108.65000,109.099998,107.58000,107.75,18085600
2002-05-10,107.97000,108.050003,105.60000,105.72000,18958900
2002-05-13,106.22000,107.95000,105.79000,107.87000,14677700
2002-05-14,109.62000,110.37000,109,110.22000,34201200
2002-05-15,109.5,110.91000,109.29000,109.79000,29535300
2002-05-16,109.70000,110.48000,109.33000,110.36000,28092000
2002-05-17,110.66000,111.25,110.099998,110.90000,27823700
2002-05-20,110.64000,110.69000,109.49000,109.70000,13833800
2002-05-21,110.11000,110.48000,108.32000,108.70000,16877200
2002-05-22,108.22000,109.12000,108,108.94000,15844200
2002-05-23,109.26000,110.36000,108.48000,110.099998,13879800
2002-05-24,109.98000,110.20000,108.61000,108.69000,11877000
2002-05-28,109.050003,109.13000,107.45000,108.099998,24236900
2002-05-29,107.62000,108.019997,107.13000,107.30000,14773300
2002-05-30,106.55000,107.51000,105.90000,107,18217900
2002-05-31,107.40000,108.56000,106.85000,107.22000,19826300
2002-06-03,107.089996,107.60000,104.13000,104.37000,26056300
2002-06-04,104.15000,105.20000,103.55000,104.63000,25856200
2002-06-05,104.95000,105.67000,104.35000,105.61000,19695900
2002-06-06,105.54000,105.60000,103.15000,103.46000,22998500
2002-06-07,101.78000,103.92000,101.72000,103.34000,24011600
2002-06-10,103.24000,104.46000,103.019997,103.74000,18759900
2002-06-11,104.13000,104.54000,101.73000,101.96000,19990700
2002-06-12,101.71000,102.81000,100.78000,102.58000,31266000
2002-06-13,102.13000,103,101.34000,101.55000,21043900
2002-06-14,100.31000,101.56000,98.5,101.40000,39267500
2002-06-17,101.92000,104.34000,101.85000,104.12000,17647200
2002-06-18,103.74000,105.029999,103.63000,104.97000,21628500
2002-06-19,103.5,104.43000,102.24000,102.52000,21540700
2002-06-20,102.26000,103.050003,100.96000,101.21000,25691000
2002-06-21,100.47000,100.93000,98.68000,99.28000,31190700
2002-06-24,98.61000,100.69000,97.25,99.80000,37169700
2002-06-25,100.30000,100.89000,97.54000,97.56000,33355000
2002-06-26,95.20000,98.15000,95.19000,97.72000,37913600
2002-06-27,98.5,99.49000,96.57000,99.43000,31616400
2002-06-28,99.24000,100.5,98.88000,98.96000,28184200
2002-07-01,99.18000,99.80000,96.89000,97.029999,20270200
2002-07-02,96.86000,97.20000,94.77000,94.97000,34213900
2002-07-03,94.62000,95.84000,93.72000,95.51000,30565800
2002-07-05,96.78000,99.53000,96.66000,99.31000,19013500
2002-07-08,98.98000,99.70000,97.56000,98.070000,19118600
2002-07-09,97.73000,98.34000,95.010002,95.60000,28620400
2002-07-10,96,96.070000,92.040001,92.12000,50522500
2002-07-11,91.76000,93.35000,90.32000,92.87000,59476500
2002-07-12,93.33000,93.89000,91.52000,91.85000,39018600
2002-07-15,91.64000,92.40000,87.89000,92.34000,77317200
2002-07-16,91.12000,92.38000,89.87000,90.56000,53282400
2002-07-17,92.46000,93.30000,89.75,90.74000,48880600
2002-07-18,90.70000,91.099998,87.75,87.80000,32656700
2002-07-19,86.76000,87.55000,84.30000,84.71000,77572600
2002-07-22,84.099998,85.91000,81.45000,82.20000,78134000
2002-07-23,82.55000,83.24000,79.75,79.95000,74484100
2002-07-24,78.13000,85.12000,77.68000,84.72000,107022800
2002-07-25,84.27000,85.85000,81.60000,84,87176600
2002-07-26,84.65000,85.93000,83.80000,85.60000,41206800
2002-07-29,87.5,90.34000,87.30000,89.77000,53492900
2002-07-30,89.32000,91.40000,88.72000,90.94000,47532200
2002-07-31,90.49000,91.55000,89.25,91.16000,44669900
2002-08-01,90.88000,91.35000,88.33000,88.78000,66571900
2002-08-02,88.5,88.91000,85.62000,86.79000,51772900
2002-08-05,86.49000,86.93000,83.55000,83.77000,47191300
2002-08-06,85.23000,87.90000,85.11000,86.59000,64730000
2002-08-07,87.87000,88.5,85.77000,88.099998,43289400
2002-08-08,88.42000,91.099998,87.80000,90.95000,48339800
2002-08-09,90.099998,91.94000,89.35000,91.29000,41879200
2002-08-12,89.99000,91.27000,89.55000,90.62000,25841700
2002-08-13,90.15000,91.66000,88.65000,88.97000,49690500
2002-08-14,89.019997,92.63000,88.019997,92.22000,57423600
2002-08-15,92.84000,93.99000,92.20000,93.5,45551500
2002-08-16,92.82000,94.080002,92,93.22000,36517300
2002-08-19,93.46000,95.75,93.099998,95.40000,33669900
2002-08-20,94.82000,95.40000,93.62000,94.39000,30508300
2002-08-21,95.059998,95.78000,93.57000,95.75,39628900
2002-08-22,95.49000,97.15000,95.070000,96.68000,38399800
2002-08-23,96.010002,96.15000,94.15000,94.60000,33716400
2002-08-26,94.91000,95.64000,93.5,95.26000,33830100
2002-08-27,95.70000,96.25,93.5,94.16000,35335700
2002-08-28,93.28000,93.49000,91.80000,92.099998,38970600
2002-08-29,91.27000,93.050003,90.81000,92.14000,42965700
2002-08-30,91.68000,93.39000,91.40000,91.78000,30366700
2002-09-03,90.73000,91,88.15000,88.28000,76586400
2002-09-04,88.61000,90.25,88.059998,89.54000,51099500
2002-09-05,88.49000,89.43000,87.5,88.78000,67250900
2002-09-06,89.75,90.57000,89.34000,90,38622200
2002-09-09,89.099998,91.35000,88.80000,90.66000,33998400
2002-09-10,91.14000,91.78000,90.56000,91.70000,41416600
2002-09-11,92.47000,93.33000,91.099998,91.13000,27711200
2002-09-12,90.75,90.84000,88.99000,89.45000,43601700
2002-09-13,88.69000,89.90000,88.25,89.67000,41131000
2002-09-16,89.31000,89.89000,88.46000,89.89000,28167600
2002-09-17,90.89000,91.19000,87.75,87.83000,47609700
2002-09-18,87.010002,88.5,86.28000,86.95000,54719400
2002-09-19,85.99000,86.80000,84.70000,84.70000,48510500
2002-09-20,84.92000,85.20000,84.050003,84.35000,46325600
2002-09-23,83.65000,84.059998,82.69000,83.66000,46893800
2002-09-24,82.44000,83.65000,81.85000,82.31000,69507000
2002-09-25,83.37000,84.77000,82.040001,84.35000,59294400
2002-09-26,85.019997,85.97000,84.45000,85.73000,53638000
2002-09-27,85,85.63000,82.75,82.75,64648300
2002-09-30,82,82.80000,80.90000,81.79000,73096400
2002-10-01,82.43000,85.77000,81.47000,85.72000,67198100
2002-10-02,84.69000,85.53000,82.60000,83.15000,56749100
2002-10-03,83.14000,84.60000,81.95000,82.31000,55547000
2002-10-04,82.80000,82.92000,79.58000,80.80000,68483700
2002-10-07,80.059998,81.20000,78.55000,79.13000,53188000
2002-10-08,79.81000,81.31000,78.20000,80.37000,79531000
2002-10-09,79.089996,79.70000,77.78000,78.099998,79956400
2002-10-10,77.94000,81.070000,77.070000,80.63000,76749000
2002-10-11,82.099998,84.73000,81.82000,84.16000,82308300
2002-10-14,83.20000,84.85000,83.040001,84.63000,40631900
2002-10-15,86.99000,88.72000,86.85000,88.70000,82320300
2002-10-16,87.41000,87.80000,85.92000,86.55000,62977800
2002-10-17,88.87000,89.30000,87.85000,88.27000,68534100
2002-10-18,87.65000,89.11000,86.93000,88.64000,47448700
2002-10-21,88.12000,90.5,87.57000,90.17000,45859100
2002-10-22,89.050003,90.010002,88.52000,89.52000,40966800
2002-10-23,88.77000,90.27000,87.68000,90.20000,54905800
2002-10-24,90.75,90.90000,88.099998,88.36000,54987400
2002-10-25,88.21000,90.39000,87.94000,90.20000,43672100
2002-10-28,91.15000,91.29000,88.85000,89.61000,39416100
2002-10-29,89.080002,89.49000,87,88.57000,59508200
2002-10-30,88.68000,89.96000,88.23000,89.43000,41688600
2002-10-31,89.66000,90.30000,88.19000,88.52000,41620600
2002-11-01,88.35000,90.82000,88.050003,90.27000,51878900
2002-11-04,91.80000,92.94000,90.90000,91.13000,49080600
2002-11-05,90.84000,92.070000,90.84000,91.85000,37270800
2002-11-06,92.48000,93.070000,90.79000,93.040001,65013100
2002-11-07,92.019997,92.22000,90.22000,90.76000,51572000
2002-11-08,90.53000,91.57000,89.52000,89.65000,37905400
2002-11-11,89.51000,89.56000,87.80000,88.26000,33505100
2002-11-12,88.66000,89.93000,88.37000,88.96000,37724500
2002-11-13,88.32000,89.74000,87.45000,89.050003,63891500
2002-11-14,90.070000,91,89.75,90.73000,31896800
2002-11-15,90,91.55000,89.95000,91.40000,39152100
2002-11-18,92.15000,92.15000,90.35000,90.48000,28934800
2002-11-19,90.019997,91.099998,89.76000,90.36000,32806600
2002-11-20,89.98000,92.42000,89.95000,92.37000,36688400
2002-11-21,92.60000,94.19000,92.43000,94.089996,55128200
2002-11-22,93.48000,94.27000,93.27000,93.42000,32513800
2002-11-25,93.43000,94.26000,92.77000,93.48000,33846400
2002-11-26,93.070000,93.45000,91.62000,91.70000,42284700
2002-11-27,92.52000,94.65000,92.43000,94.28000,37764000
2002-11-29,94.80000,94.95000,93.77000,93.98000,19385700
2002-12-02,95.47000,96.050003,93.22000,94.13000,49911900
2002-12-03,93.25,93.40000,92.35000,92.87000,34407700
2002-12-04,91.77000,93.14000,91.43000,92.45000,64040800
2002-12-05,92.73000,92.80000,91.099998,91.43000,36724900
2002-12-06,90.12000,92.17000,89.98000,92.029999,49824100
2002-12-09,91.070000,91.46000,89.48000,89.5,36789600
2002-12-10,90.019997,91.099998,89.76000,90.70000,33319900
2002-12-11,90.42000,91.62000,90.16000,90.78000,39201000
2002-12-12,91.20000,91.49000,90.20000,90.77000,34465600
2002-12-13,89.91000,90.48000,89.27000,89.34000,36862200
2002-12-16,89.82000,91.79000,89.66000,91.65000,37098400
2002-12-17,91.37000,91.74000,90.74000,90.85000,32353900
2002-12-18,90.32000,90.40000,89.33000,89.80000,35612600
2002-12-19,89.35000,90.70000,88.60000,89.16000,39264200
2002-12-20,89.20000,90.019997,89.099998,89.99000,31176900
2002-12-23,89.59000,90.47000,89.31000,90.019997,22599300
2002-12-24,89.59000,89.86000,89.25,89.35000,10937000
2002-12-26,89.70000,90.61000,88.84000,89.39000,17485600
2002-12-27,88.96000,89.29000,87.38000,87.38000,22205700
2002-12-30,87.79000,88.47000,87.22000,88.11000,29968000
2002-12-31,87.99000,88.43000,87.11000,88.23000,34036600
2003-01-02,88.85000,91.30000,88.54000,91.070000,44516300
2003-01-03,90.91000,91.38000,90.5,91.35000,32222600
2003-01-06,91.24000,93.49000,91.17000,92.96000,40984500
2003-01-07,92.90000,93.37000,92.20000,92.73000,38640400
2003-01-08,92.20000,92.40000,91.050003,91.39000,38702200
2003-01-09,91.82000,93.18000,91.41000,92.81000,34804900
2003-01-10,91.95000,93.64000,91.80000,93.059998,37768900
2003-01-13,93.54000,93.86000,92.44000,93.029999,31649900
2003-01-14,92.69000,93.83000,92.41000,93.33000,30733000
2003-01-15,93.54000,93.57000,91.91000,92.40000,33511800
2003-01-16,92.5,92.93000,91.45000,92.019997,44812100
2003-01-17,90.99000,92.30000,90.15000,90.66000,35618300
2003-01-21,90.87000,90.92000,88.95000,89.25,36826200
2003-01-22,88.77000,89.80000,88,88.17000,42286500
2003-01-23,88.75,89.38000,87.95000,88.71000,55919800
2003-01-24,88.59000,88.68000,86.17000,86.38000,68633900
2003-01-27,85.73000,86.80000,84.5,85.20000,57884400
2003-01-28,85.63000,86.40000,85.13000,85.83000,46929100
2003-01-29,85.42000,87.18000,84.77000,86.48000,53712200
2003-01-30,86.79000,86.88000,84.40000,84.43000,49845900
2003-01-31,84.15000,86.21000,84.15000,86.059998,55317000
2003-02-03,86.14000,86.81000,85.92000,86.23000,39696000
2003-02-04,85.31000,85.75,84.30000,85.38000,43633400
2003-02-05,85.75,86.54000,84.48000,84.85000,55270600
2003-02-06,84.37000,84.89000,83.65000,84.45000,53638000
2003-02-07,84.91000,84.99000,82.97000,83.42000,43165000
2003-02-10,83.46000,84.13000,82.65000,84.010002,45455900
2003-02-11,84.37000,84.88000,82.83000,83.43000,46861000
2003-02-12,83.16000,83.62000,82.089996,82.099998,35873600
2003-02-13,82.15000,82.66000,81,82.35000,57934100
2003-02-14,82.37000,84.20000,81.82000,84.15000,59580900
2003-02-18,84.53000,85.80000,84.39000,85.63000,39492700
2003-02-19,85.32000,85.47000,84.28000,85.18000,31432000
2003-02-20,85.21000,85.42000,84.050003,84.33000,29280100
2003-02-21,84.38000,85.74000,83.46000,85.18000,60955800
2003-02-24,84.93000,85,83.59000,83.80000,30628600
2003-02-25,82.95000,84.49000,82.22000,84.47000,56770600
2003-02-26,84.019997,84.53000,83.080002,83.24000,37787200
2003-02-27,83.70000,84.75,83.16000,84.34000,51126000
2003-02-28,84.47000,85.23000,84.16000,84.90000,43666800
2003-03-03,85.26000,85.78000,83.72000,84.089996,42923100
2003-03-04,83.95000,84.010002,82.65000,82.75,31440500
2003-03-05,82.61000,83.54000,82.36000,83.45000,43974700
2003-03-06,82.87000,83.52000,82.47000,82.75,41217700
2003-03-07,81.61000,83.99000,81.43000,83.32000,63538000
2003-03-10,82.60000,82.86000,81.099998,81.32000,41014100
2003-03-11,81.48000,82,80.48000,80.52000,48102700
2003-03-12,80.38000,81.099998,79.38000,81.059998,62459800
2003-03-13,82.18000,83.91000,81.53000,83.86000,72117800
2003-03-14,84.20000,84.77000,83.35000,84.13000,63951800
2003-03-17,83.46000,86.95000,83.22000,86.78000,88217500
2003-03-18,87.15000,87.35000,86.28000,87.29000,50792300
2003-03-19,87.28000,88.16000,86.68000,87.96000,49630800
2003-03-20,87.33000,88.59000,86.35000,88.15000,67321600
2003-03-21,88.80000,89.88000,87.93000,89.67000,71165300
2003-03-24,88.019997,88.14000,86.35000,86.69000,65398900
2003-03-25,86.74000,88.26000,86.44000,87.52000,61040100
2003-03-26,87.56000,87.85000,86.80000,87.080002,45740800
2003-03-27,86.40000,87.66000,85.99000,87.15000,53120200
2003-03-28,86.47000,87.28000,86.25,86.71000,32583000
2003-03-31,85.35000,86.59000,84.40000,84.74000,61119500
2003-04-01,85.25,86.39000,84.91000,86.040001,53574000
2003-04-02,87.54000,88.77000,87.5,88.12000,50431200
2003-04-03,88.87000,88.99000,87.65000,87.70000,48755500
2003-04-04,88.43000,88.59000,87.62000,88.22000,36250100
2003-04-07,90.34000,90.85000,87.97000,88.050003,69776200
2003-04-08,88.30000,88.65000,87.71000,88.19000,39712700
2003-04-09,88.36000,89.099998,86.77000,87.029999,55647300
2003-04-10,87.089996,87.63000,85.71000,87.51000,41812400
2003-04-11,88.16000,88.70000,86.86000,87.15000,47730100
2003-04-14,87.47000,89,87,88.95000,36711700
2003-04-15,88.84000,89.78000,88.42000,89.78000,49709800
2003-04-16,89.91000,90.059998,88.029999,88.25,51788000
2003-04-17,88.30000,89.72000,88.19000,89.56000,37403100
2003-04-21,89.86000,90.16000,89.059998,89.65000,32052700
2003-04-22,89.099998,91.56000,88.89000,91.34000,59763600
2003-04-23,91.62000,92.35000,91.24000,92.18000,44227100
2003-04-24,91.53000,92.080002,90.96000,91.36000,49692400
2003-04-25,91.30000,91.47000,90.019997,90.23000,43917200
2003-04-28,90.44000,92.19000,90.30000,91.79000,46432900
2003-04-29,92.14000,92.80000,91.40000,92.11000,52017100
2003-04-30,91.91000,92.57000,91.41000,91.91000,48709100
2003-05-01,91.92000,92.73000,90.5,91.90000,50240400
2003-05-02,91.56000,93.47000,91.49000,93.21000,50201500
2003-05-05,93.47000,93.78000,92.5,93.029999,35437800
2003-05-06,93.040001,94.38000,93,93.91000,44401000
2003-05-07,93.42000,94.14000,92.97000,93.39000,41413100
2003-05-08,92.52000,93.33000,92.28000,92.45000,40570700
2003-05-09,92.83000,93.80000,92.61000,93.73000,33608100
2003-05-12,93.5,95.12000,93.28000,94.88000,35662300
2003-05-13,94.53000,95.18000,94.26000,94.71000,39253600
2003-05-14,95.089996,95.24000,93.91000,94.51000,32195100
2003-05-15,94.89000,95.33000,94.25,95.11000,43879200
2003-05-16,94.89000,95.45000,94.26000,94.87000,38905000
2003-05-19,94.15000,94.42000,92.33000,92.65000,41606000
2003-05-20,92.82000,93.029999,91.59000,92.46000,55404600
2003-05-21,92.11000,92.88000,91.91000,92.65000,49333800
2003-05-22,92.95000,94.050003,92.68000,93.57000,38421800
2003-05-23,93.53000,93.98000,93.14000,93.76000,26155900
2003-05-27,93.30000,95.84000,93.070000,95.40000,43719200
2003-05-28,95.85000,96.47000,95.43000,95.67000,37727100
2003-05-29,95.88000,96.82000,95.080002,95.42000,50844200
2003-05-30,95.90000,97.089996,95.56000,96.95000,52529500
2003-06-02,97.53000,98.45000,96.67000,97.35000,50305500
2003-06-03,97.15000,97.84000,96.85000,97.75,38254500
2003-06-04,97.66000,99.35000,97.57000,99.16000,49360700
2003-06-05,98.58000,99.65000,98.27000,99.65000,46262400
2003-06-06,100.40000,101.40000,99.13000,99.26000,60356800
2003-06-09,98.77000,99.099998,97.77000,98.25,37808500
2003-06-10,98.46000,99.26000,98.19000,99.25,29965900
2003-06-11,99.16000,100.39000,98.71000,100.30000,37610200
2003-06-12,100.75,100.90000,99.62000,100.61000,36442000
2003-06-13,100.61000,100.75,98.95000,99.56000,48628300
2003-06-16,99.96000,101.70000,99.80000,101.66000,36326300
2003-06-17,102.070000,102.18000,101.23000,101.66000,36801800
2003-06-18,101.29000,102.14000,101,101.57000,35521000
2003-06-19,101.64000,101.73000,99.84000,100.019997,43551700
2003-06-20,100.39000,100.5,99.42000,99.44000,41545000
2003-06-23,99.45000,99.66000,97.92000,98.42000,34237500
2003-06-24,98.22000,99.089996,98.019997,98.52000,36213600
2003-06-25,98.53000,99.44000,97.53000,97.53000,47743400
2003-06-26,97.78000,98.98000,96.96000,98.80000,33477300
2003-06-27,98.75,99.19000,97.58000,97.66000,54208800
2003-06-30,98.22000,98.67000,97.47000,97.63000,33349000
2003-07-01,97.25,98.85000,96.43000,98.53000,51322800
2003-07-02,98.77000,99.79000,98.57000,99.77000,34662100
2003-07-03,99.070000,99.85000,97.90000,98.74000,30792800
2003-07-07,99.65000,100.90000,99.65000,100.70000,31391100
2003-07-08,100.5,101.29000,100.17000,101.15000,30952500
2003-07-09,100.92000,101.40000,100.029999,100.58000,36528500
2003-07-10,99.84000,100.040001,98.63000,99.30000,49777700
2003-07-11,99.39000,100.45000,99.39000,100.24000,39976300
2003-07-14,101.20000,101.90000,100.45000,100.73000,42114900
2003-07-15,101.38000,101.46000,99.95000,100.51000,42573600
2003-07-16,100.81000,100.87000,99.23000,99.92000,39894200
2003-07-17,99.15000,99.88000,98.16000,98.5,52253500
2003-07-18,99.019997,99.80000,98.46000,99.51000,35698100
2003-07-21,99.45000,99.49000,97.85000,98.28000,34786000
2003-07-22,98.69000,99.41000,97.92000,99.17000,49968300
2003-07-23,99.21000,99.45000,98.28000,99.24000,37275400
2003-07-24,99.99000,100.34000,98.37000,98.49000,40896200
2003-07-25,98.66000,100.29000,98.040001,100.23000,43241100
2003-07-28,100.37000,100.98000,99.67000,99.86000,34382800
2003-07-29,100.14000,100.26000,98.68000,99.40000,53472100
2003-07-30,99.60000,99.75,98.93000,99.16000,28363300
2003-07-31,99.98000,100.91000,99.17000,99.39000,54937200
2003-08-01,99.19000,99.53000,98.24000,98.51000,49321000
2003-08-04,98.31000,99,97,98.51000,55214100
2003-08-05,98.41000,98.76000,96.34000,96.42000,61415600
2003-08-06,96.69000,98.059998,96.42000,96.98000,50096900
2003-08-07,97.17000,98.070000,96.76000,98,43427400
2003-08-08,98.32000,98.55000,97.76000,98.28000,27357300
2003-08-11,98.26000,99.040001,97.84000,98.65000,34631400
2003-08-12,98.71000,99.59000,98.42000,99.55000,43285600
2003-08-13,99.82000,99.85000,98.53000,99.040001,36152000
2003-08-14,99.099998,99.75,98.45000,99.31000,35525100
2003-08-15,99.36000,99.79000,99.12000,99.62000,12567000
2003-08-18,99.93000,100.60000,99.74000,100.48000,22873800
2003-08-19,100.69000,100.94000,100,100.86000,37437700
2003-08-20,100.29000,100.89000,100.16000,100.45000,21295300
2003-08-21,101.050003,101.52000,100.40000,100.77000,46494200
2003-08-22,101.75,101.82000,99.73000,99.77000,52040300
2003-08-25,99.71000,100.83000,99.28000,99.93000,23473000
2003-08-26,99.5,100.39000,98.83000,100.11000,45065800
2003-08-27,100.050003,100.36000,99.57000,100.14000,18919500
2003-08-28,100.40000,101,99.66000,100.76000,27402400
2003-08-29,100.61000,101.48000,100.48000,101.44000,28706600
2003-09-02,101.64000,102.88000,101.050003,102.80000,49419100
2003-09-03,103.029999,103.70000,102.78000,103.36000,44912400
2003-09-04,103.099998,103.55000,102.76000,103.41000,28381000
2003-09-05,102.94000,103.55000,102.40000,102.83000,31637300
2003-09-08,103.040001,103.88000,102.93000,103.68000,32632800
2003-09-09,103.37000,103.46000,102.68000,103,35053200
2003-09-10,102.53000,102.80000,101.55000,101.96000,45904900
2003-09-11,102.099998,102.76000,101.84000,102.26000,38396300
2003-09-12,101.91000,102.64000,101.35000,102.45000,42524800
2003-09-15,102.52000,102.63000,101.95000,102.089996,21312800
2003-09-16,102.23000,103.64000,102.17000,103.58000,37892600
2003-09-17,103.48000,103.79000,103.050003,103.38000,31885800
2003-09-18,103.40000,104.70000,103.17000,104.60000,30243600
2003-09-19,104.27000,104.60000,103.40000,103.67000,34331600
2003-09-22,102.85000,102.96000,102.029999,102.55000,36677400
2003-09-23,102.59000,103.29000,102.36000,102.94000,32489200
2003-09-24,103.12000,103.22000,101.070000,101.11000,41694700
2003-09-25,101.41000,101.88000,100.20000,100.28000,52673100
2003-09-26,100.44000,100.66000,99.85000,99.95000,42914700
2003-09-29,100.30000,100.99000,99.79000,100.93000,36771600
2003-09-30,100.48000,100.76000,99.25,99.95000,70764500
2003-10-01,100.24000,102.18000,100.20000,102.080002,65797600
2003-10-02,101.93000,102.56000,101.63000,102.45000,44591500
2003-10-03,103.67000,104.28000,103.080002,103.39000,48806900
2003-10-06,103.48000,103.99000,103.20000,103.86000,20226500
2003-10-07,103.26000,104.31000,102.91000,104.26000,42602900
2003-10-08,104.33000,104.39000,103.41000,104,30920800
2003-10-09,104.88000,105.22000,103.83000,104.28000,40066500
2003-10-10,104.27000,104.60000,103.91000,104.57000,22682800
2003-10-13,104.71000,105.29000,104.51000,104.90000,23825600
2003-10-14,104.80000,105.43000,104.36000,105.27000,38484400
2003-10-15,105.86000,105.89000,104.64000,104.99000,39021700
2003-10-16,104.68000,105.73000,104.65000,105.41000,32772200
2003-10-17,105.47000,105.63000,103.98000,104.26000,32790300
2003-10-20,104.45000,105.040001,103.94000,105.040001,27657000
2003-10-21,104.82000,105.28000,104.32000,104.86000,26729100
2003-10-22,104.029999,104.19000,103.19000,103.54000,33914500
2003-10-23,102.89000,103.95000,102.84000,103.35000,45830500
2003-10-24,102.83000,103.58000,102.18000,103.58000,51723600
2003-10-27,103.74000,104.18000,103.27000,103.63000,32460200
2003-10-28,103.98000,105.15000,103.82000,105.040001,34956200
2003-10-29,104.77000,105.43000,103.87000,105.18000,30955400
2003-10-30,105.79000,105.97000,104.80000,105.40000,39123100
2003-10-31,105.40000,105.74000,105.22000,105.30000,25761600
2003-11-03,105.75,106.61000,105.71000,105.99000,37589300
2003-11-04,105.99000,106.27000,105.58000,105.76000,31421600
2003-11-05,105.49000,105.97000,104.90000,105.84000,33558800
2003-11-06,105.60000,106.44000,105.099998,106.40000,28392300
2003-11-07,106.64000,106.72000,105.57000,105.61000,31723200
2003-11-10,105.74000,105.84000,105.010002,105.18000,25530800
2003-11-11,105.089996,105.33000,104.80000,105.15000,26558600
2003-11-12,105.23000,106.47000,105.16000,106.33000,28000000
2003-11-13,106.010002,106.54000,105.78000,106.36000,29714800
2003-11-14,106.40000,106.95000,105.29000,105.46000,49158500
2003-11-17,104.91000,105.14000,104.040001,104.93000,44382100
2003-11-18,105.24000,105.45000,103.70000,103.84000,41155000
2003-11-19,104.029999,105.010002,103.92000,104.72000,29827000
2003-11-20,104,105.24000,103.75,103.78000,53578700
2003-11-21,104.24000,104.33000,103.62000,104.21000,30016000
2003-11-24,104.69000,105.78000,104.68000,105.59000,28906400
2003-11-25,105.73000,106.42000,105.45000,105.99000,37580000
2003-11-26,106.42000,106.45000,105.39000,106.37000,33053600
2003-11-28,106.28000,106.66000,106.20000,106.45000,10507500
2003-12-01,106.85000,107.68000,106.80000,107.60000,38699000
2003-12-02,107.38000,107.77000,107.070000,107.33000,35352000
2003-12-03,107.65000,108.080002,107.070000,107.16000,39078600
2003-12-04,107.17000,107.72000,106.94000,107.60000,36089500
2003-12-05,107.12000,107.80000,106.62000,106.85000,28824400
2003-12-08,106.74000,107.64000,106.68000,107.57000,32482900
2003-12-09,107.90000,107.93000,106.54000,106.74000,43596100
2003-12-10,106.77000,106.98000,105.96000,106.73000,36915400
2003-12-11,106.68000,108.099998,106.67000,107.93000,45304000
2003-12-12,107.97000,108.20000,107.39000,108.14000,34142200
2003-12-15,109.17000,109.23000,107.48000,107.60000,38693400
2003-12-16,107.68000,108.5,107.52000,108.16000,32894200
2003-12-17,108.059998,108.5,107.80000,108.5,23198800
2003-12-18,108.55000,109.73000,108.39000,109.72000,29353100
2003-12-19,109.30000,109.37000,108.58000,108.90000,41465100
2003-12-22,108.79000,109.66000,108.78000,109.66000,27611300
2003-12-23,109.48000,109.95000,109.38000,109.73000,24741200
2003-12-24,109.52000,109.88000,109.43000,109.62000,8055800
2003-12-26,109.71000,110.080002,109.63000,109.70000,8308400
2003-12-29,110.099998,111.27000,109.78000,111.16000,22483700
2003-12-30,111.089996,111.27000,110.85000,111.18000,19559500
2003-12-31,111.22000,111.52000,110.84000,111.28000,31501800
2004-01-02,111.74000,112.19000,110.73000,111.23000,38072300
2004-01-05,111.69000,112.52000,111.59000,112.44000,27959800
2004-01-06,112.16000,112.73000,112,112.55000,20472800
2004-01-07,112.39000,113.059998,111.89000,112.93000,30170400
2004-01-08,113.25,113.41000,112.77000,113.38000,36438400
2004-01-09,112.83000,113.5,112.27000,112.39000,54084300
2004-01-12,112.55000,113.25,112.36000,113.22000,31564100
2004-01-13,113.089996,113.23000,111.76000,112.56000,54239700
2004-01-14,112.76000,113.66000,112.67000,113.5,30112800
2004-01-15,113.57000,114.059998,112.58000,113.78000,38408700
2004-01-16,114.040001,114.31000,113.63000,114.23000,31922700
2004-01-20,114.53000,114.65000,113.82000,114.20000,29863000
2004-01-21,114.13000,115.30000,113.72000,115.099998,30725000
2004-01-22,115.14000,115.38000,114.58000,114.80000,29888500
2004-01-23,115,115.37000,113.95000,114.43000,44245300
2004-01-26,114.39000,115.93000,114.38000,115.87000,30460600
2004-01-27,115.75,116.5,114.65000,114.68000,35322800
2004-01-28,114.98000,115.28000,112.94000,113.37000,52621300
2004-01-29,113.56000,113.85000,112.56000,113.48000,60117100
2004-01-30,113.52000,113.72000,113.089996,113.48000,30984400
2004-02-02,113.70000,114.68000,113.12000,113.97000,38832400
2004-02-03,113.74000,114.14000,113.44000,113.78000,25093500
2004-02-04,113.19000,113.73000,112.79000,112.85000,39332600
2004-02-05,113.17000,113.54000,112.78000,113.18000,37226800
2004-02-06,113.42000,114.70000,113.20000,114.45000,37216000
2004-02-09,114.67000,114.87000,114.29000,114.48000,24851300
2004-02-10,114.28000,115.14000,114.26000,114.85000,27908100
2004-02-11,114.85000,116.39000,114.17000,116.070000,42965700
2004-02-12,115.97000,116.27000,115.58000,115.65000,27814700
2004-02-13,115.82000,116.20000,114.75,115.13000,44739900
2004-02-17,115.85000,116.43000,115.77000,116.17000,23984300
2004-02-18,116.20000,116.60000,115.35000,115.66000,28618000
2004-02-19,116.33000,116.39000,115.059998,115.23000,51146200
2004-02-20,115.48000,115.56000,114.32000,114.88000,46728800
2004-02-23,115.22000,115.26000,114.17000,114.59000,36357000
2004-02-24,114.27000,114.99000,113.029999,114.39000,43953000
2004-02-25,114.46000,115.059998,114.32000,114.87000,31213600
2004-02-26,114.61000,115.29000,114.34000,114.94000,29683000
2004-02-27,115.19000,115.74000,114.63000,115.019997,39312000
2004-03-01,115.43000,116.34000,115.25,116.16000,33130800
2004-03-02,115.94000,116.97000,115.23000,115.48000,38556400
2004-03-03,115.25,115.87000,114.92000,115.69000,31346200
2004-03-04,115.72000,116.099998,115.52000,115.99000,21060000
2004-03-05,115.42000,116.95000,115.28000,116.38000,55905600
2004-03-08,116.34000,116.62000,114.91000,114.96000,39281600
2004-03-09,115.099998,115.21000,114.24000,114.5,39746100
2004-03-10,114.72000,114.77000,112.56000,112.58000,67671800
2004-03-11,112.40000,113.27000,111.099998,111.12000,89134800
2004-03-12,111.73000,112.71000,111.58000,112.58000,54012200
2004-03-15,112.27000,112.35000,110.90000,111.20000,57677200
2004-03-16,111.78000,112.059998,110.84000,111.79000,59832600
2004-03-17,112.18000,113.26000,112.099998,113.040001,41607300
2004-03-18,112.70000,113.27000,111.93000,113.070000,60014300
2004-03-19,112.41000,112.57000,111.040001,111.059998,48636200
2004-03-22,110.54000,110.57000,109.099998,109.65000,62752100
2004-03-23,110.25,110.40000,109.36000,109.46000,54080200
2004-03-24,109.58000,110.14000,108.85000,109.55000,51584300
2004-03-25,110.080002,111.30000,109.79000,111,49873600
2004-03-26,110.96000,111.79000,110.80000,111.029999,37409500
2004-03-29,111.63000,112.74000,111.58000,112.59000,44113600
2004-03-30,112.30000,113.070000,112.22000,112.97000,39059900
2004-03-31,112.99000,113.40000,112.38000,113.099998,48517600
2004-04-01,113.070000,113.87000,113.050003,113.78000,45103800
2004-04-02,114.81000,114.84000,113.90000,114.64000,50987700
2004-04-05,114.46000,115.38000,114.44000,115.27000,30251800
2004-04-06,114.83000,115.18000,114.62000,114.90000,28420900
2004-04-07,114.95000,114.98000,114.11000,114.63000,45890500
2004-04-08,115.41000,115.41000,113.74000,114.37000,46929700
2004-04-12,114.58000,115.080002,114.57000,114.82000,23085200
2004-04-13,115.26000,115.30000,113.019997,113.21000,56210300
2004-04-14,112.61000,113.64000,112.55000,113.39000,62322300
2004-04-15,113.45000,113.78000,112.36000,112.96000,61602500
2004-04-16,113.38000,114.050003,112.98000,113.83000,47059200
2004-04-19,113.55000,113.99000,113.27000,113.83000,28277600
2004-04-20,114.080002,114.32000,111.78000,111.92000,53299400
2004-04-21,112.20000,112.95000,111.87000,112.67000,50177300
2004-04-22,112.48000,114.67000,112.44000,114.25,62071500
2004-04-23,114.42000,114.57000,113.79000,114.36000,29395700
2004-04-26,114.5,114.94000,113.60000,114.20000,35515200
2004-04-27,114.23000,115.12000,113.96000,114.30000,43485500
2004-04-28,113.89000,114.010002,112.5,112.82000,50165800
2004-04-29,112.72000,113.32000,111.16000,111.83000,69687600
2004-04-30,112.17000,112.38000,110.90000,110.96000,48681400
2004-05-03,111.37000,112.29000,111.35000,112.15000,33758000
2004-05-04,112.25,113.26000,111.66000,112.059998,51185100
2004-05-05,112.41000,112.96000,112.16000,112.78000,34405000
2004-05-06,112.019997,112.59000,111,111.81000,54997000
2004-05-07,111.22000,112.23000,109.96000,109.96000,60950000
2004-05-10,109.44000,109.75,108.36000,108.83000,75279400
2004-05-11,109.46000,110.050003,109.33000,109.75,48300600
2004-05-12,109.57000,110.54000,108.059998,110.45000,90830500
2004-05-13,109.76000,110.81000,109.63000,109.99000,57393700
2004-05-14,109.95000,110.74000,109.27000,110.040001,54123100
2004-05-17,108.89000,109.5,108.41000,109.099998,55020400
2004-05-18,109.49000,109.94000,109.33000,109.65000,30193100
2004-05-19,110.5,111.18000,109.15000,109.27000,54804100
2004-05-20,109.45000,109.87000,109.040001,109.62000,38082900
2004-05-21,109.97000,110.55000,109.47000,109.81000,47480400
2004-05-24,110.53000,110.76000,109.68000,110.27000,40961500
2004-05-25,109.90000,111.98000,109.60000,111.85000,48668000
2004-05-26,111.66000,112.29000,111.51000,112.24000,35977000
2004-05-27,112.54000,113.029999,112.059998,112.87000,45306900
2004-05-28,112.73000,112.88000,112.36000,112.86000,23367200
2004-06-01,112.46000,112.86000,111.87000,112.71000,41044700
2004-06-02,113.029999,113.48000,112.46000,113.13000,39774200
2004-06-03,112.81000,113.19000,112.070000,112.089996,38688300
2004-06-04,112.98000,113.58000,112.71000,112.98000,32739500
2004-06-07,113.43000,114.81000,113.42000,114.70000,31643800
2004-06-08,114.37000,114.92000,114.17000,114.86000,32846500
2004-06-09,114.51000,114.70000,113.72000,113.79000,36737600
2004-06-10,114.040001,114.35000,113.93000,114.35000,21711000
2004-06-14,113.82000,113.85000,112.87000,113.22000,34633000
2004-06-15,113.90000,114.45000,113.51000,114.019997,37445000
2004-06-16,114,114.20000,113.70000,114,26633400
2004-06-17,113.85000,114.070000,113.33000,113.83000,28402400
2004-06-18,113.27000,114.22000,113.18000,113.63000,31799800
2004-06-21,113.75,114.14000,113.13000,113.20000,25284000
2004-06-22,113.13000,113.88000,112.67000,113.77000,37334000
2004-06-23,113.61000,114.84000,113.42000,114.75,35580000
2004-06-24,114.56000,114.93000,114.26000,114.39000,35272100
2004-06-25,114.41000,114.94000,113.68000,113.84000,32837900
2004-06-28,114.52000,114.61000,113.41000,113.45000,40824500
2004-06-29,113.53000,114.17000,113.42000,113.92000,28418100
2004-06-30,114.070000,114.79000,113.65000,114.53000,52230600
2004-07-01,114.25,114.40000,112.58000,112.94000,57734700
2004-07-02,113.16000,113.29000,112.60000,112.88000,34615100
2004-07-06,112.37000,112.45000,111.63000,111.89000,38698200
2004-07-07,111.81000,112.57000,111.75,112.22000,29839800
2004-07-08,111.81000,112.32000,111.20000,111.44000,45291100
2004-07-09,111.72000,111.94000,111.38000,111.73000,27412900
2004-07-12,111.52000,112.040001,111,111.78000,35691300
2004-07-13,111.92000,112.019997,111.60000,111.86000,26752000
2004-07-14,111.26000,112.39000,111.12000,111.52000,54089400
2004-07-15,111.74000,111.91000,110.70000,110.80000,38403500
2004-07-16,111.57000,111.67000,110.44000,110.71000,40871200
2004-07-19,110.75,110.96000,109.99000,110.24000,39592800
2004-07-20,110.53000,111.90000,110.25,111.64000,46679800
2004-07-21,111.82000,112.059998,109.45000,109.58000,56241100
2004-07-22,109.36000,110.39000,108.77000,109.88000,72477100
2004-07-23,109.62000,109.71000,108.69000,108.96000,49610500
2004-07-26,109.19000,109.43000,108.21000,108.75,49679100
2004-07-27,109.050003,110.11000,108.97000,109.77000,51295100
2004-07-28,109.55000,110.37000,108.59000,110.099998,65862300
2004-07-29,110.54000,110.87000,110,110.57000,52200500
2004-07-30,110.32000,110.90000,110.099998,110.84000,41581700
2004-08-02,110.19000,111.36000,110.050003,111.070000,38263100
2004-08-03,110.93000,111.059998,110.16000,110.21000,40948800
2004-08-04,109.89000,110.75,109.64000,110.20000,40763200
2004-08-05,110.29000,110.38000,108.27000,108.40000,50772000
2004-08-06,107.63000,107.96000,106.62000,106.85000,74729000
2004-08-09,107.019997,107.48000,106.87000,107,37476300
2004-08-10,107.31000,108.41000,107.26000,108.38000,55870600
2004-08-11,107.68000,108.33000,107.099998,108.16000,52933200
2004-08-12,107.68000,107.95000,106.63000,106.98000,50015900
2004-08-13,107.099998,107.35000,106.59000,107.19000,41634700
2004-08-16,107.14000,108.64000,107.099998,108.30000,45731900
2004-08-17,108.75,109.28000,108.53000,108.91000,40701600
2004-08-18,108.52000,110.17000,108.49000,110.029999,43165400
2004-08-19,109.81000,110.019997,109.18000,109.71000,39881600
2004-08-20,109.61000,110.63000,109.51000,110.48000,44870900
2004-08-23,110.55000,110.77000,110.050003,110.20000,33745100
2004-08-24,110.64000,110.73000,109.85000,110.35000,30453100
2004-08-25,110.33000,111.27000,109.90000,111.099998,38551400
2004-08-26,110.96000,111.31000,110.85000,111.099998,26629500
2004-08-27,111.20000,111.63000,111.050003,111.45000,24902900
2004-08-30,111.22000,111.34000,110.45000,110.53000,26726500
2004-08-31,110.66000,111.16000,110.099998,111.11000,44125300
2004-09-01,110.95000,111.64000,110.48000,111.32000,52778300
2004-09-02,111.24000,112.70000,111.24000,112.58000,42736600
2004-09-03,112.33000,112.82000,112.010002,112.12000,30480500
2004-09-07,112.54000,113.13000,112.32000,112.86000,37338800
2004-09-08,112.62000,113.059998,112.31000,112.58000,32963100
2004-09-09,112.57000,112.88000,112.029999,112.48000,34314800
2004-09-10,112.52000,113.27000,112.080002,113.059998,27900600
2004-09-13,113.31000,113.74000,113.010002,113.43000,44398100
2004-09-14,113.30000,113.69000,113.19000,113.66000,28048900
2004-09-15,113.30000,113.36000,112.68000,112.80000,38295000
2004-09-16,112.85000,113.37000,112.80000,113.14000,23911700
2004-09-17,112.95000,113.36000,112.69000,113.15000,33683000
2004-09-20,112.67000,112.99000,112.28000,112.47000,37149400
2004-09-21,112.75,113.47000,112.54000,112.96000,40920800
2004-09-22,112.5,112.52000,111.47000,111.55000,49042100
2004-09-23,111.60000,111.70000,110.95000,110.95000,44068700
2004-09-24,111.17000,111.73000,111.13000,111.46000,34981100
2004-09-27,111.099998,111.20000,110.58000,110.75,39355100
2004-09-28,110.91000,111.51000,110.41000,111.28000,41662900
2004-09-29,111.21000,111.85000,111,111.84000,33325700
2004-09-30,111.55000,111.98000,111.26000,111.76000,43536700
2004-10-01,112.26000,113.65000,112.21000,113.65000,62824300
2004-10-04,114.099998,114.44000,113.80000,113.84000,33082400
2004-10-05,113.85000,114.16000,113.54000,113.90000,36910600
2004-10-06,113.77000,114.68000,113.68000,114.68000,42297800
2004-10-07,114.38000,114.40000,113.36000,113.45000,39388800
2004-10-08,113.15000,113.77000,112.35000,112.51000,51872600
2004-10-11,112.78000,113.019997,112.64000,112.97000,20229100
2004-10-12,112.20000,112.83000,111.94000,112.53000,41754700
2004-10-13,113,113.070000,111.32000,111.54000,54212600
2004-10-14,111.68000,111.93000,110.58000,110.64000,64082200
2004-10-15,111.019997,111.74000,110.57000,111.26000,63482200
2004-10-18,110.89000,111.90000,110.70000,111.68000,43535100
2004-10-19,112.019997,112.23000,110.59000,110.74000,55851900
2004-10-20,110.38000,110.82000,109.75,110.52000,57118500
2004-10-21,110.79000,111.32000,110.21000,111.24000,53218300
2004-10-22,111.19000,111.25,109.86000,109.99000,48752400
2004-10-25,109.75,110.12000,109.35000,109.86000,43990900
2004-10-26,110.13000,111.60000,109.88000,111.54000,54337400
2004-10-27,111.38000,113.099998,111.12000,112.88000,73896000
2004-10-28,112.78000,113.56000,112.49000,113.22000,54413300
2004-10-29,113.12000,113.64000,112.90000,113.20000,48820200
2004-11-01,113.56000,113.84000,113.20000,113.51000,36720900
2004-11-02,113.67000,114.57000,113.22000,113.55000,56210000
2004-11-03,115.029999,115.36000,114.24000,114.98000,76960200
2004-11-04,114.78000,116.67000,114.68000,116.55000,55350300
2004-11-05,117.050003,117.64000,116.49000,117.28000,63287200
2004-11-08,116.98000,117.23000,116.72000,117.11000,33863800
2004-11-09,117.080002,117.5,116.76000,116.88000,44658100
2004-11-10,117.059998,117.55000,116.76000,116.97000,45265400
2004-11-11,117.18000,118.12000,117.099998,117.86000,37863200
2004-11-12,117.97000,119,117.68000,118.79000,55583700
2004-11-15,118.5,118.77000,118.23000,118.73000,35297900
2004-11-16,118.36000,118.41000,117.73000,117.88000,40028700
2004-11-17,118.37000,119.14000,118.070000,118.58000,54494000
2004-11-18,118.53000,118.80000,118.23000,118.74000,31854300
2004-11-19,118.70000,118.72000,117.14000,117.42000,54276500
2004-11-22,117.17000,118.12000,117.029999,117.98000,37560200
2004-11-23,117.93000,118.26000,117.37000,118.16000,41968800
2004-11-24,118.27000,118.59000,118.050003,118.44000,29724800
2004-11-26,118.51000,118.98000,118.30000,118.35000,15487700
2004-11-29,118.79000,119.010002,117.48000,117.81000,61460800
2004-11-30,118,118.24000,117.64000,117.89000,53685200
2004-12-01,118.16000,119.5,118.099998,119.23000,49898300
2004-12-02,119.099998,119.87000,119.010002,119.33000,60163500
2004-12-03,119.31000,120.14000,119.089996,119.25,49067900
2004-12-06,119.21000,119.64000,118.84000,119.21000,33030500
2004-12-07,119.49000,119.62000,118.040001,118.099998,52047200
2004-12-08,118.21000,118.82000,118.010002,118.79000,43895100
2004-12-09,118.14000,119.46000,117.73000,119.21000,60922800
2004-12-10,118.92000,119.56000,118.85000,119.33000,47828600
2004-12-13,119.76000,120.40000,119.35000,120.37000,38541000
2004-12-14,120.18000,120.96000,120.18000,120.79000,41500700
2004-12-15,120.70000,121.11000,120.31000,120.88000,46699200
2004-12-16,120.72000,121.24000,120.040001,120.81000,51641800
2004-12-17,119.46000,119.97000,119.16000,119.44000,70761900
2004-12-20,119.75,120.29000,119.17000,119.47000,47187400
2004-12-21,119.60000,120.48000,119.46000,120.39000,33094200
2004-12-22,120.38000,121.080002,120.30000,120.68000,31500700
2004-12-23,120.87000,121.28000,120.66000,120.77000,25646100
2004-12-27,121.20000,121.36000,120.39000,120.52000,29944100
2004-12-28,120.64000,121.33000,120.60000,121.18000,23422900
2004-12-29,121.080002,121.40000,120.95000,121.36000,22650600
2004-12-30,121.40000,121.57000,121.040001,121.13000,21076900
2004-12-31,121.30000,121.66000,120.80000,120.87000,28648800
2005-01-03,121.56000,121.76000,119.90000,120.30000,55748000
2005-01-04,120.46000,120.54000,118.44000,118.83000,69167600
2005-01-05,118.74000,119.25,118,118.010002,65667300
2005-01-06,118.44000,119.15000,118.26000,118.61000,47814700
2005-01-07,118.97000,119.23000,118.13000,118.44000,55847700
2005-01-10,118.34000,119.46000,118.34000,119,56563300
2005-01-11,118.64000,118.74000,117.99000,118.18000,63099700
2005-01-12,118.40000,118.84000,117.52000,118.57000,72720500
2005-01-13,118.64000,118.73000,117.5,117.62000,55537500
2005-01-14,117.97000,118.53000,117.76000,118.24000,42032500
2005-01-18,118.050003,119.62000,117.95000,119.47000,57391700
2005-01-19,119.43000,119.52000,118.21000,118.22000,54378900
2005-01-20,117.89000,118.20000,117.29000,117.5,72049300
2005-01-21,117.79000,118,116.65000,116.78000,63160400
2005-01-24,117.089996,117.34000,116.37000,116.55000,58441900
2005-01-25,116.91000,117.47000,116.72000,116.88000,68245000
2005-01-26,117.32000,117.60000,117.040001,117.23000,57195100
2005-01-27,117.19000,117.75,116.98000,117.43000,55878800
2005-01-28,117.49000,117.55000,116.61000,117.43000,60738900
2005-01-31,117.95000,118.25,117.71000,118.16000,52532700
2005-02-01,118.25,119.080002,118.099998,118.91000,49841200
2005-02-02,119.059998,119.59000,118.90000,119.27000,52468900
2005-02-03,119.059998,119.16000,118.57000,118.96000,48837100
2005-02-04,119,120.43000,118.98000,120.23000,50024600
2005-02-07,120.25,120.52000,119.96000,120.070000,45412000
2005-02-08,120.17000,120.65000,120.070000,120.21000,39263500
2005-02-09,120.42000,120.49000,119.25,119.31000,55279400
2005-02-10,119.66000,120.019997,119.26000,119.74000,45858600
2005-02-11,119.70000,121.040001,119.46000,120.77000,53133000
2005-02-14,120.69000,120.86000,120.48000,120.68000,32432100
2005-02-15,120.80000,121.43000,120.68000,121.13000,43852700
2005-02-16,120.93000,121.46000,120.67000,121.21000,55523000
2005-02-17,121.23000,121.33000,120.22000,120.23000,58124000
2005-02-18,120.24000,120.48000,119.90000,120.39000,47723300
2005-02-22,119.90000,120.47000,118.58000,118.60000,80697600
2005-02-23,118.93000,119.57000,118.62000,119.45000,68292600
2005-02-24,119.24000,120.32000,118.98000,120.24000,68563600
2005-02-25,120.27000,121.67000,120.18000,121.43000,60899900
2005-02-28,121.15000,121.30000,120.040001,120.63000,69381300
2005-03-01,120.82000,121.52000,120.78000,121.23000,47294400
2005-03-02,120.76000,121.93000,120.65000,121.17000,64226500
2005-03-03,121.66000,121.90000,120.70000,121.22000,61230800
2005-03-04,122.050003,122.83000,121.79000,122.73000,56168500
2005-03-07,122.66000,123.25,122.40000,122.79000,43442400
2005-03-08,122.67000,123,122.11000,122.33000,44362000
2005-03-09,121.97000,122.29000,120.96000,120.97000,73263600
2005-03-10,121.20000,121.5,120.40000,121.24000,65149000
2005-03-11,121.31000,121.72000,120.16000,120.39000,57976500
2005-03-14,120.61000,121.16000,120.28000,121.14000,36336400
2005-03-15,121.42000,121.46000,120.080002,120.14000,62438500
2005-03-16,119.70000,120.16000,118.90000,119.12000,74874200
2005-03-17,119.31000,119.74000,118.98000,119.36000,62584200
2005-03-18,119.11000,119.53000,118.15000,118.54000,60232000
2005-03-21,118.71000,118.78000,117.76000,118.099998,61244300
2005-03-22,118.37000,118.93000,116.90000,116.90000,92472400
2005-03-23,116.95000,117.72000,116.75,117,70817300
2005-03-24,117.46000,117.99000,117.059998,117.14000,51932500
2005-03-28,117.42000,117.94000,117.31000,117.31000,46765500
2005-03-29,117.14000,117.90000,116.25,116.53000,71160300
2005-03-30,116.78000,118.20000,116.77000,118.18000,62002100
2005-03-31,118.19000,118.46000,117.87000,117.96000,64575400
2005-04-01,118.63000,118.99000,116.91000,117.43000,95255300
2005-04-04,117.36000,117.86000,116.74000,117.63000,71581200
2005-04-05,117.78000,118.38000,117.67000,118.19000,46853900
2005-04-06,118.45000,118.95000,118.18000,118.60000,53268200
2005-04-07,118.41000,119.26000,118.32000,119.24000,46734600
2005-04-08,119.17000,119.21000,118,118,63772900
2005-04-11,118.29000,118.42000,117.83000,118.089996,44945000
2005-04-12,117.89000,119.059998,117.070000,118.70000,86144800
2005-04-13,118.56000,118.80000,117.13000,117.30000,65949000
2005-04-14,117.40000,117.5,115.77000,115.77000,96119800
2005-04-15,115.74000,116.20000,114.099998,114.15000,128677300
2005-04-18,114.12000,114.96000,113.96000,114.5,100035200
2005-04-19,115.099998,115.53000,114.83000,115.41000,64930100
2005-04-20,115.38000,115.63000,113.55000,113.80000,107735900
2005-04-21,114.79000,116.21000,114.38000,116.010002,86952200
2005-04-22,115.74000,116.5,114.27000,115.57000,88845800
2005-04-25,115.86000,116.5,115.72000,116.33000,52284100
2005-04-26,115.96000,116.77000,115.15000,115.20000,72626000
2005-04-27,114.86000,116.070000,114.44000,115.65000,84131900
2005-04-28,115.27000,115.68000,114.20000,114.20000,72481500
2005-04-29,115.070000,115.87000,113.97000,115.75,103993800
2005-05-02,116.070000,116.41000,115.52000,116.40000,56026400
2005-05-03,116.070000,116.85000,115.69000,116.60000,86000300
2005-05-04,116.65000,117.75,116.28000,117.5,81055700
2005-05-05,117.67000,118,116.74000,117.46000,96906700
2005-05-06,117.93000,117.99000,117.059998,117.089996,67415400
2005-05-09,117.21000,118.080002,117.050003,117.82000,43750500
2005-05-10,117.36000,117.5,116.39000,116.60000,74613500
2005-05-11,116.93000,117.40000,115.85000,117.24000,91647400
2005-05-12,117.32000,117.59000,115.95000,115.95000,95086800
2005-05-13,116.30000,116.62000,114.80000,115.72000,85267000
2005-05-16,115.70000,116.84000,115.66000,116.80000,49207000
2005-05-17,116.41000,117.70000,116.16000,117.58000,61071800
2005-05-18,118.089996,119.080002,118.010002,118.79000,77944900
2005-05-19,119.019997,119.41000,118.70000,119.29000,61768100
2005-05-20,119.34000,119.39000,118.74000,119.12000,46345500
2005-05-23,119.21000,120.040001,119.19000,119.78000,51047900
2005-05-24,119.44000,119.83000,119.20000,119.5,50654100
2005-05-25,119.35000,119.87000,118.83000,119.41000,47608800
2005-05-26,119.79000,120.21000,119.62000,120.050003,43256200
2005-05-27,120.059998,120.25,119.80000,120.25,24596100
2005-05-31,120.080002,120.17000,119.40000,119.48000,43377200
2005-06-01,119.52000,120.92000,119.45000,120.5,69611000
2005-06-02,120.23000,120.84000,120.099998,120.76000,39704500
2005-06-03,120.55000,120.89000,119.73000,120.15000,60999400
2005-06-06,119.95000,120.20000,119.55000,120.040001,36046400
2005-06-07,120.39000,121.25,120.010002,120.13000,66501300
2005-06-08,120.43000,120.59000,119.67000,119.91000,46881200
2005-06-09,119.74000,120.58000,119.44000,120.48000,56653300
2005-06-10,120.56000,120.65000,119.60000,120.20000,36465300
2005-06-13,119.94000,121.080002,119.81000,120.58000,49383200
2005-06-14,120.45000,121.20000,120.38000,120.86000,33857100
2005-06-15,121.16000,121.24000,120.23000,121.089996,53195600
2005-06-16,121.059998,121.64000,120.92000,121.40000,46564500
2005-06-17,121.54000,121.90000,121.22000,121.36000,51529400
2005-06-20,121.080002,121.84000,120.94000,121.40000,41019400
2005-06-21,121.5,121.65000,121.029999,121.47000,39879800
2005-06-22,121.68000,121.94000,121.070000,121.57000,46310100
2005-06-23,121.32000,121.60000,119.83000,119.86000,62185600
2005-06-24,119.88000,120.010002,118.84000,118.98000,58572500
2005-06-27,118.97000,119.41000,118.75,119.15000,48183800
2005-06-28,119.40000,120.24000,119.37000,120.15000,41174200
2005-06-29,120.37000,120.40000,119.76000,119.83000,42316500
2005-06-30,120.22000,120.32000,118.95000,119.18000,62288800
2005-07-01,119.45000,119.80000,119.21000,119.53000,49737500
2005-07-05,119.25,120.65000,119.19000,120.49000,51549000
2005-07-06,120.39000,120.65000,119.41000,119.48000,52363600
2005-07-07,118.29000,119.95000,118.26000,119.95000,103268800
2005-07-08,119.97000,121.32000,119.72000,121.32000,64491200
2005-07-11,121.33000,122.099998,121.31000,121.94000,49688300
2005-07-12,121.99000,122.63000,121.64000,122.26000,51871100
2005-07-13,122.27000,122.52000,121.99000,122.43000,41182300
2005-07-14,122.98000,123.44000,122.49000,122.91000,63638800
2005-07-15,122.79000,123.040001,122.36000,122.84000,56075900
2005-07-18,122.5,122.63000,122.050003,122.35000,56598400
2005-07-19,122.71000,123.11000,122.41000,123.019997,59165700
2005-07-20,122.59000,123.73000,122.30000,123.44000,69477000
2005-07-21,123.55000,123.61000,122.47000,122.72000,101110900
2005-07-22,122.88000,123.56000,122.63000,123.54000,52607100
2005-07-25,123.41000,123.95000,122.85000,123.19000,57301600
2005-07-26,123.23000,123.53000,122.95000,123.34000,42758800
2005-07-27,123.5,123.89000,123.050003,123.79000,43181600
2005-07-28,123.96000,124.64000,123.64000,124.57000,47880700
2005-07-29,124.41000,124.63000,123.5,123.74000,62358100
2005-08-01,123.83000,124.040001,123.45000,123.65000,40418200
2005-08-02,123.87000,124.60000,123.74000,124.39000,45147400
2005-08-03,124.25,124.74000,124.12000,124.72000,36837200
2005-08-04,124.23000,124.31000,123.57000,123.72000,50855600
2005-08-05,123.45000,123.98000,122.67000,122.88000,53595500
2005-08-08,123.15000,123.41000,122.38000,122.65000,47616000
2005-08-09,123.059998,123.59000,122.87000,123.39000,47170000
2005-08-10,123.82000,124.5,122.82000,123.33000,72863700
2005-08-11,123.27000,124.029999,123.010002,123.82000,58570200
2005-08-12,123.57000,123.69000,122.75,123.059998,54776900
2005-08-15,123.22000,123.87000,122.83000,123.82000,36208500
2005-08-16,123.44000,123.52000,122.089996,122.21000,71942100
2005-08-17,122.19000,122.87000,122.029999,122.20000,62275100
2005-08-18,122.050003,122.56000,121.84000,122.19000,53388600
2005-08-19,122.63000,122.82000,122.20000,122.47000,39842100
2005-08-22,122.58000,123.23000,121.88000,122.47000,69912000
2005-08-23,122.5,122.61000,121.15000,122.24000,55168600
2005-08-24,121.94000,122.73000,121.089996,121.15000,79104600
2005-08-25,121.35000,121.67000,121.21000,121.59000,35631100
2005-08-26,121.48000,121.49000,120.68000,120.76000,61956800
2005-08-29,120.41000,121.78000,120.38000,121.69000,56179200
2005-08-30,121.25,121.30000,120.39000,121.050003,74160200
2005-08-31,121.19000,122.66000,120.74000,122.58000,102945200
2005-09-01,122.52000,123.15000,121.14000,122.49000,74578700
2005-09-02,122.85000,122.88000,122.040001,122.27000,47653400
2005-09-06,122.66000,123.80000,122.65000,123.70000,57251300
2005-09-07,123.63000,124.13000,123.46000,123.91000,41749700
2005-09-08,123.66000,124,123.31000,123.5,39068700
2005-09-09,123.83000,124.74000,123.80000,124.60000,43093900
2005-09-12,124.45000,124.67000,124.27000,124.35000,33017600
2005-09-13,124.13000,124.42000,123.52000,123.66000,58427500
2005-09-14,123.74000,123.92000,123.019997,123.21000,57694600
2005-09-15,123.59000,123.65000,122.90000,123.15000,73156900
2005-09-16,123.30000,123.74000,122.87000,123.5,75424100
2005-09-19,123.47000,123.55000,122.64000,123.089996,53355300
2005-09-20,123.20000,123.61000,121.87000,122.050003,84480300
2005-09-21,121.79000,121.87000,120.78000,120.91000,94469100
2005-09-22,120.95000,121.66000,120.44000,121.34000,84597200
2005-09-23,121.24000,121.89000,120.90000,121.44000,59368100
2005-09-26,122.019997,122.24000,121.080002,121.58000,70415400
2005-09-27,121.52000,121.99000,121.019997,121.55000,66150800
2005-09-28,121.93000,122.12000,121.20000,121.67000,58620500
2005-09-29,121.55000,122.86000,121.080002,122.66000,66607700
2005-09-30,122.62000,123.040001,121.74000,123.040001,47824200
2005-10-03,122.96000,123.34000,122.45000,122.60000,50994800
2005-10-04,122.79000,123.029999,121.16000,121.22000,60776300
2005-10-05,121.25,121.31000,119.57000,119.63000,106052100
2005-10-06,119.78000,120.26000,118.17000,119.20000,140941800
2005-10-07,119.70000,120.050003,119.13000,119.61000,75661400
2005-10-10,119.68000,119.71000,118.30000,118.60000,52677000
2005-10-11,118.99000,119.39000,118.32000,118.43000,75629800
2005-10-12,118.39000,119.13000,117.41000,117.5,100510400
2005-10-13,117.46000,118.080002,116.88000,117.43000,99052900
2005-10-14,118.12000,118.81000,117.56000,118.67000,88651000
2005-10-17,118.80000,119.27000,118.45000,119.11000,68109300
2005-10-18,118.94000,118.96000,117.80000,117.82000,74996900
2005-10-19,117.5,119.80000,117.12000,119.78000,116563800
2005-10-20,119.49000,119.81000,117.30000,117.67000,131966700
2005-10-21,118.29000,118.78000,117.51000,118.13000,96579500
2005-10-24,118.44000,120.089996,118.41000,119.96000,71308400
2005-10-25,119.72000,120.24000,118.94000,119.72000,76594500
2005-10-26,119.51000,120.54000,119.19000,119.37000,80855800
2005-10-27,119.20000,119.37000,117.93000,118.099998,66623100
2005-10-28,118.43000,119.95000,118.099998,119.80000,72322000
2005-10-31,120.29000,121.30000,120.13000,120.13000,77698900
2005-11-01,120.58000,120.90000,120.22000,120.49000,66365100
2005-11-02,120.17000,121.75,120.13000,121.75,74012300
2005-11-03,122.15000,122.66000,121.75,122.27000,84897600
2005-11-04,122.40000,122.46000,121.55000,122.11000,59156000
2005-11-07,122.37000,122.62000,121.85000,122.23000,46765400
2005-11-08,121.93000,122.42000,121.79000,122.23000,42152800
2005-11-09,122.080002,122.95000,121.86000,122.39000,57666800
2005-11-10,122.34000,123.52000,121.75,123.34000,79048100
2005-11-11,123.35000,123.84000,122.43000,123.76000,34867000
2005-11-14,123.79000,124.019997,123.38000,123.69000,45092200
2005-11-15,123.55000,124.089996,122.86000,123.24000,69592500
2005-11-16,123.37000,123.55000,122.98000,123.49000,51133000
2005-11-17,123.68000,124.65000,123.14000,124.64000,55717500
2005-11-18,125.059998,125.28000,124.33000,125.13000,72437200
2005-11-21,125.15000,125.91000,124.98000,125.76000,50021200
2005-11-22,125.56000,126.52000,125.42000,126.30000,66438800
2005-11-23,126.25,127.41000,126.21000,127.029999,50854700
2005-11-25,126.98000,127.22000,126.81000,127.13000,15270000
2005-11-28,127.25,127.27000,126.040001,126.23000,54498500
2005-11-29,126.65000,126.98000,126.089996,126.089996,51738900
2005-11-30,126.16000,126.52000,125.29000,125.41000,56007200
2005-12-01,126.019997,127.029999,125.98000,126.69000,65468200
2005-12-02,126.77000,127.080002,126.5,126.85000,46699400
2005-12-05,126.70000,126.73000,126.18000,126.58000,59273400
2005-12-06,127.050003,127.74000,126.63000,126.82000,57935200
2005-12-07,126.77000,126.87000,125.68000,126.080002,66816500
2005-12-08,126.22000,126.82000,125.48000,126,62608600
2005-12-09,126.16000,126.78000,125.82000,126.33000,50744500
2005-12-12,126.71000,126.86000,125.96000,126.45000,48389900
2005-12-13,126.42000,127.70000,126.29000,127.31000,88630900
2005-12-14,127.19000,128.089996,127.14000,127.81000,64375000
2005-12-15,127.84000,128,127.18000,127.44000,55900300
2005-12-16,127.28000,127.36000,126.36000,126.36000,46238300
2005-12-19,126.73000,126.87000,125.69000,125.71000,48733000
2005-12-20,125.86000,126.59000,125.48000,125.83000,46603200
2005-12-21,126.22000,126.76000,125.80000,126.029999,51806900
2005-12-22,126.31000,126.69000,126.080002,126.69000,32247900
2005-12-23,126.78000,126.86000,126.42000,126.76000,27977300
2005-12-27,126.96000,127.050003,125.38000,125.47000,44499500
2005-12-28,125.74000,125.99000,125.5,125.75,30764300
2005-12-29,125.72000,125.96000,125.059998,125.19000,32788900
2005-12-30,124.80000,125.059998,124.36000,124.51000,44645600
2006-01-03,125.19000,127,124.39000,126.70000,73256700
2006-01-04,126.86000,127.49000,126.70000,127.30000,51899600
2006-01-05,127.15000,127.59000,126.88000,127.38000,47307500
2006-01-06,128.020004,128.58000,127.36000,128.44000,62885900
2006-01-09,128.42000,129.059998,128.38000,128.77000,43527400
2006-01-10,128.39000,128.98000,128.25999,128.89999,44960800
2006-01-11,129.020004,129.44000,128.73000,129.31000,49598900
2006-01-12,129.080002,129.28000,128.44000,128.80000,40509200
2006-01-13,128.57001,128.89999,128.20000,128.67999,44856700
2006-01-17,128.20000,128.42000,127.81000,128.33000,52066600
2006-01-18,127.58000,128.89999,127.16000,127.82000,75067600
2006-01-19,128.13000,128.77000,127.81000,128.31000,81530400
2006-01-20,128.28000,128.31000,125.97000,125.97000,114957800
2006-01-23,126.21000,126.82000,126.13000,126.42000,67017400
2006-01-24,126.63000,127.15000,126.42000,126.55000,53008800
2006-01-25,127.040001,127.18000,125.84000,126.66000,87747700
2006-01-26,127.25,127.67000,126.76000,127.36000,71294000
2006-01-27,127.66000,128.66000,127.45000,128.53999,65771200
2006-01-30,128.44000,128.81000,128.35001,128.44000,33709600
2006-01-31,128.32001,128.53999,127.49000,127.5,72937000
2006-02-01,127.82000,128.42999,127.72000,128.39000,63561000
2006-02-02,128.10001,128.14000,126.80000,126.90000,83626900
2006-02-03,126.58000,128.39000,126.14000,126.27000,86040400
2006-02-06,126.44000,126.80000,126.17000,126.60000,45511900
2006-02-07,126.38000,126.66000,125.40000,125.48000,71208100
2006-02-08,125.85000,128.10001,125.60000,126.62000,59422200
2006-02-09,126.92000,127.60000,126.37000,126.41000,62023300
2006-02-10,126.43000,127.13000,125.45000,126.64000,64508700
2006-02-13,126.60000,126.79000,125.95000,126.41000,52308700
2006-02-14,126.46000,128.029999,126.21000,127.75,90964400
2006-02-15,127.68000,128.32001,127.24000,128.20000,85471300
2006-02-16,128.34000,129.21001,128.17999,129.16000,61017900
2006-02-17,129.050003,129.16000,128.58000,128.81000,40342600
2006-02-21,129.11000,129.39999,128.28999,128.49001,46456300
2006-02-22,128.77000,129.64999,128.64999,129.27000,42326700
2006-02-23,129.27000,129.64000,128.28000,129.080002,43423200
2006-02-24,129.11000,129.48000,128.75999,129.41000,36777400
2006-02-27,129.39999,130.039993,129.28000,129.46001,35858600
2006-02-28,129.20000,129.91000,128.13000,128.23000,74394800
2006-03-01,128.60001,129.49001,128.5,129.37000,48641600
2006-03-02,128.89999,129.42000,128.61000,129.36000,60642300
2006-03-03,128.67000,130.070007,128.64999,128.75999,73402500
2006-03-06,129.14000,129.17999,127.85000,128.17000,57478400
2006-03-07,127.86000,128.059998,127.40000,127.97000,61780800
2006-03-08,127.70000,128.44000,127.18000,128.24001,66692400
2006-03-09,128.28000,128.67999,127.38000,127.38000,56313600
2006-03-10,127.71000,128.84000,127.44000,128.59000,60490800
2006-03-13,128.84000,129.16000,128.53000,128.83000,45479100
2006-03-14,128.71001,130.23000,128.61000,130.17999,69877300
2006-03-15,130.14999,130.86000,129.85001,130.75999,53398900
2006-03-16,131.0099945,131.47000,130.84000,131.029999,65526400
2006-03-17,130.67999,130.89999,130.38000,130.62000,47286800
2006-03-20,130.64000,130.89999,130.21001,130.41000,45538500
2006-03-21,130.37000,130.99001,129.45000,129.59000,87102700
2006-03-22,129.50999,130.50999,129.45000,130.38000,51605700
2006-03-23,130.25999,130.39000,129.66000,130.11000,46704200
2006-03-24,129.99001,130.57001,129.74001,130.21001,43209200
2006-03-27,130.029999,130.28000,129.74001,130.020004,32523000
2006-03-28,129.92999,130.53000,129.050003,129.22000,82079900
2006-03-29,129.41000,130.5,129.28999,130.029999,61505700
2006-03-30,130.11000,130.98000,129.55000,129.80000,70571700
2006-03-31,130.020004,130.24001,129.37000,129.83000,62925600
2006-04-03,130.070007,130.87000,129.49001,129.73000,61624700
2006-04-04,129.73000,130.73000,129.36000,130.56000,54809300
2006-04-05,130.61000,131.28000,130.38000,131.0099945,50607200
2006-04-06,130.85001,131.21001,130.19000,130.87000,57906200
2006-04-07,131.059998,131.39999,129.35001,129.53999,80180900
2006-04-10,129.74001,130.080002,129.25999,129.74001,41496500
2006-04-11,129.85001,130.059998,128.25,128.64000,72799400
2006-04-12,128.77000,129.13000,128.61000,128.88000,43033700
2006-04-13,128.59000,129.25,128.31000,128.71001,51051800
2006-04-17,128.83000,129.31000,128.020004,128.66000,64167700
2006-04-18,128.92999,130.94000,128.92999,130.70000,92531800
2006-04-19,130.75,131.070007,130.24001,130.95000,87269000
2006-04-20,131,131.86000,130.60001,131.13000,86005500
2006-04-21,131.69000,131.78999,130.62000,131.14999,72342600
2006-04-24,130.89000,131.070007,130.38000,130.91000,52546400
2006-04-25,131.039993,131.12000,129.92000,130.37000,84359800
2006-04-26,130.5,131.14000,130.30000,130.39999,67262400
2006-04-27,129.89999,131.63000,129.59000,131.029999,124478600
2006-04-28,130.78999,131.75,130.71001,131.47000,55854400
2006-05-01,131.47000,131.80000,130.32001,130.39999,64990300
2006-05-02,131.0099945,131.46001,130.74001,131.38000,49063500
2006-05-03,131.14999,131.32001,130.45000,130.89000,60821300
2006-05-04,131.080002,131.62000,130.97000,131.36000,42921400
2006-05-05,132.050003,132.80000,131.85001,132.52000,62588200
2006-05-08,132.50999,132.77000,132.36000,132.36000,30016700
2006-05-09,132.42000,132.77000,132.31000,132.62000,29864000
2006-05-10,132.41000,132.75,131.89000,132.55000,64378200
2006-05-11,132.50999,132.55000,130.52000,130.95000,80626900
2006-05-12,130.36000,130.72000,129.19000,129.24001,91726500
2006-05-15,128.78999,129.74001,128.61000,129.5,84029300
2006-05-16,129.75999,130,129.0099945,129.31000,62137600
2006-05-17,128.67000,129.10001,126.77000,126.85000,144789500
2006-05-18,127.35000,127.75,126.11000,126.21000,87906300
2006-05-19,126.87000,127.49000,125.80000,127.099998,124309400
2006-05-22,126.28000,127.17000,125.5,126.13000,110852800
2006-05-23,127.18000,127.63000,125.17000,125.17000,92006500
2006-05-24,125.68000,126.89000,124.76000,126.17000,168405000
2006-05-25,126.92000,127.73000,126.43000,127.73000,78977900
2006-05-26,128.0099945,128.38000,127.51000,128.38000,62989700
2006-05-30,127.97000,128,126.050003,126.099998,72419900
2006-05-31,126.62000,127.51000,126.20000,127.51000,86926200
2006-06-01,127.38000,128.94000,127.27000,128.73000,73721700
2006-06-02,129.25,129.42999,128.32001,129,91702600
2006-06-05,128.85001,128.86000,126.77000,127.12000,86105100
2006-06-06,127.21000,127.38000,125.76000,126.81000,130498600
2006-06-07,126.91000,127.65000,125.79000,125.86000,108599400
2006-06-08,125.58000,126.5,123.87000,125.75,204957200
2006-06-09,126.36000,126.96000,125.29000,125.35000,94972200
2006-06-12,125.88000,125.93000,123.82000,123.99000,95815900
2006-06-13,123.74000,124.84000,122.55000,122.55000,185688800
2006-06-14,122.84000,123.63000,122.34000,123.5,163566400
2006-06-15,123.95000,126.36000,123.86000,126.12000,134057000
2006-06-16,125.29000,125.56000,124.46000,124.65000,94253500
2006-06-19,125.40000,125.48000,123.55000,123.67000,95804400
2006-06-20,124.010002,124.81000,123.72000,124.089996,65494700
2006-06-21,124,125.70000,123.96000,125.010002,75008200
2006-06-22,124.95000,125.059998,124.040001,124.46000,74566100
2006-06-23,124.33000,125.30000,124.029999,124.44000,54107000
2006-06-26,124.54000,125.059998,124.25,124.99000,37899600
2006-06-27,125.010002,125.29000,123.77000,123.91000,69780200
2006-06-28,124.19000,124.77000,123.65000,124.75,62368100
2006-06-29,125.20000,127.35000,125.17000,127.27000,110634800
2006-06-30,127.54000,127.66000,126.96000,127.28000,54227800
2006-07-03,127.43000,128.0099945,127.31000,127.80000,23914000
2006-07-05,127.29000,127.45000,126.52000,127.070000,69653400
2006-07-06,127.20000,127.85000,127.080002,127.44000,50100300
2006-07-07,127.19000,127.56000,126.29000,126.61000,81626500
2006-07-10,126.94000,127.43000,126.41000,126.85000,60964100
2006-07-11,126.61000,127.41000,125.94000,127.41000,73640800
2006-07-12,127.15000,127.40000,125.72000,126.050003,82561300
2006-07-13,125.45000,125.68000,124,124,102405700
2006-07-14,124.13000,124.26000,122.83000,123.52000,103242500
2006-07-17,123.52000,124.099998,123.15000,123.34000,81159000
2006-07-18,123.71000,124.050003,122.39000,123.97000,122771000
2006-07-19,124.18000,126.26000,123.72000,125.69000,133565300
2006-07-20,126.12000,126.30000,124.66000,124.83000,112259800
2006-07-21,125.15000,125.19000,123.82000,123.95000,101560000
2006-07-24,124.44000,126.32000,124.44000,126.21000,92884000
2006-07-25,125.98000,127.30000,125.72000,126.66000,95480700
2006-07-26,126.59000,127.45000,126.18000,126.83000,84525800
2006-07-27,127.38000,127.69000,126.20000,126.71000,87257100
2006-07-28,127.040001,128.14000,126.86000,127.98000,82137000
2006-07-31,127.66000,127.96000,127.45000,127.85000,49593100
2006-08-01,127.34000,127.38000,126.60000,127.22000,65225600
2006-08-02,127.58000,128.46001,127.55000,128.080002,64770900
2006-08-03,127.34000,128.55000,127.15000,128.42000,63693800
2006-08-04,129.080002,129.42999,127.48000,128.20000,96294200
2006-08-07,127.90000,128.080002,127.40000,127.90000,45377300
2006-08-08,128.089996,128.46001,126.95000,127.41000,90901300
2006-08-09,128.17999,128.60001,126.61000,126.98000,78910600
2006-08-10,126.58000,127.5,126.28000,127.37000,69322300
2006-08-11,127.17000,127.20000,126.39000,127.010002,47482200
2006-08-14,127.63000,128.16000,126.92000,127.11000,57839000
2006-08-15,128.25,128.87000,127.90000,128.63000,68143000
2006-08-16,129.32001,129.89000,129.039993,129.70000,71737600
2006-08-17,129.58000,130.37000,129.49001,130.029999,70992800
2006-08-18,130.19000,130.69000,129.59000,130.69000,58288400
2006-08-21,130.17999,130.28000,129.80000,130.13000,42133600
2006-08-22,129.99001,130.52000,129.67999,130.12000,60839900
2006-08-23,130.17999,130.44000,129.19000,129.75999,66592100
2006-08-24,129.99001,130.10001,129.39999,129.64999,57983000
2006-08-25,129.64000,130.25,129.55000,129.81000,41756000
2006-08-28,129.64999,130.82001,129.64000,130.42999,52681500
2006-08-29,130.49001,130.83000,129.81000,130.58000,61817800
2006-08-30,130.87000,131.039993,130.55000,130.66000,50052200
2006-08-31,130.85001,130.99001,130.58000,130.64000,37510300
2006-09-01,131.14000,131.58000,130.84000,131.42000,48794500
2006-09-05,131.50999,131.85001,131.20000,131.67000,52348300
2006-09-06,131.11000,131.16000,130.33000,130.50999,53795600
2006-09-07,130.059998,130.57001,129.35001,129.91000,86269400
2006-09-08,130.080002,130.46001,129.83000,130.28000,45096300
2006-09-11,129.86000,130.69000,129.48000,130.41000,68496600
2006-09-12,130.56000,131.84000,130.37000,131.69000,69875600
2006-09-13,131.64000,132.45000,131.52000,132.22000,62898400
2006-09-14,131.96001,132.24001,131.75,132.23000,57805400
2006-09-15,132.31000,132.39000,131.67999,131.96001,76703100
2006-09-18,131.78999,132.39000,131.64999,132.14000,64154100
2006-09-19,132.12000,132.13000,131.070007,131.81000,92089100
2006-09-20,132.25,132.77000,132.059998,132.50999,75204100
2006-09-21,132.61000,132.75,131.42000,131.87000,88932500
2006-09-22,131.67000,131.67999,131,131.47000,65966800
2006-09-25,131.73000,132.85001,131.050003,132.48000,92299100
2006-09-26,132.5,133.60001,132.39999,133.58000,73962700
2006-09-27,133.49001,133.97000,133.27000,133.74001,82432200
2006-09-28,133.74001,133.99001,133.28000,133.69000,58597500
2006-09-29,133.80000,133.94000,133.48000,133.58000,47966600
2006-10-02,133.53999,133.83000,132.95000,133.080002,51687400
2006-10-03,132.89000,133.87000,132.64999,133.36000,73108100
2006-10-04,133.23000,135,133.080002,134.92000,80890500
2006-10-05,134.92000,135.41000,134.75,135.17999,60505900
2006-10-06,134.95000,135.10001,134.39999,135.0099945,64983600
2006-10-09,134.85001,135.30000,134.64000,135.089996,41176800
2006-10-10,135.10001,135.45000,134.84000,135.27000,56403700
2006-10-11,134.84000,135.42999,134.30000,135.11000,104071800
2006-10-12,135.45000,136.39000,135.39999,136.28000,59158600
2006-10-13,136.16000,136.71001,136.039993,136.63000,53944000
2006-10-16,136.52000,137.050003,136.42000,136.84000,42273000
2006-10-17,136.47000,136.70000,135.67000,136.41000,90500600
2006-10-18,137.039993,137.37000,136.10001,136.59000,86848600
2006-10-19,136.39000,136.88000,136.23000,136.81000,64063200
2006-10-20,136.84000,136.95000,136.33000,136.84000,48094500
2006-10-23,136.56000,137.80000,136.39000,137.47000,66219900
2006-10-24,137.28000,137.92999,137.22000,137.88000,53234900
2006-10-25,137.74001,138.41000,137.50999,138.35001,78105400
2006-10-26,138.66000,139,137.98000,138.78000,66843700
2006-10-27,138.61000,138.75,137.63000,137.91000,80238000
2006-10-30,137.66000,138.20000,137.39999,137.81000,49717800
2006-10-31,138.070007,138.25999,137.25,137.78999,71274100
2006-11-01,138.22000,138.31000,136.72000,136.86000,83005600
2006-11-02,136.50999,137.0099945,136.36000,136.78000,60693100
2006-11-03,137.27000,137.39000,135.62000,136.53999,71346400
2006-11-06,136.96001,138.28000,136.95000,138.080002,63303300
2006-11-07,138.20000,138.98000,138,138.61000,63318900
2006-11-08,138,139.050003,136.86000,138.91000,87517800
2006-11-09,139.0099945,139.14000,137.89999,138.17999,95916300
2006-11-10,138.14000,138.34000,137.72000,138.24001,48991500
2006-11-13,138.17999,139.039993,138.070007,138.58000,59398200
2006-11-14,138.97000,139.74001,138.12000,139.62000,96704000
2006-11-15,139.57001,140.45000,139.53000,140.020004,76509600
2006-11-16,140.44000,140.67999,139.49001,140.38000,76728800
2006-11-17,139.92999,140.42999,139.73000,140.42000,56353800
2006-11-20,140.30000,140.74001,139.94000,140.5,69174200
2006-11-21,140.49001,140.67000,140.28999,140.64000,51367900
2006-11-22,140.75,141.16000,140.5,140.92000,45505300
2006-11-24,140.24001,140.84000,140.20000,140.35001,30998000
2006-11-27,140.28000,140.35001,138.38000,138.42000,84545100
2006-11-28,138.24001,139.16000,138.11000,139.020004,106652900
2006-11-29,139.47000,140.53000,139.080002,140.47000,90034900
2006-11-30,140.44000,141.050003,139.75999,140.53000,83994300
2006-12-01,140.53000,140.66000,138.97000,140.22000,126080000
2006-12-04,140.25,141.55000,140.23000,141.28999,87813200
2006-12-05,141.56000,141.96001,141.25999,141.89999,73374400
2006-12-06,141.87000,142.070007,141.5,141.78000,53253200
2006-12-07,142.029999,142.30000,141.11000,141.16000,62857400
2006-12-08,141.13000,141.89999,140.78000,141.42000,79625500
2006-12-11,141.42000,142.089996,141.34000,141.83000,39779400
2006-12-12,141.69000,141.87000,140.89000,141.72000,77451600
2006-12-13,142.23000,142.34000,141.56000,141.87000,55520200
2006-12-14,141.86000,143.24001,141.84000,143.12000,64755200
2006-12-15,142.64000,142.89000,142.24001,142.34000,70857400
2006-12-18,142.53999,142.88000,141.75,141.95000,48954600
2006-12-19,141.55000,142.56000,141.19000,142.22000,65023600
2006-12-20,142.28000,142.66000,142.0099945,142.14000,41469600
2006-12-21,142.27000,142.42999,141.32001,141.62000,48698400
2006-12-22,141.64000,141.64999,140.67000,140.75,62069100
2006-12-26,140.81000,141.61000,140.78000,141.58000,32696900
2006-12-27,141.87000,142.60001,141.83000,142.50999,39727100
2006-12-28,142.41000,142.70000,141.99001,142.21001,37288800
2006-12-29,142.059998,142.53999,141.42999,141.62000,45461200
2007-01-03,142.25,142.86000,140.57001,141.37000,94807600
2007-01-04,141.23000,142.050003,140.61000,141.67000,69620600
2007-01-05,141.33000,141.39999,140.38000,140.53999,76645300
2007-01-08,140.82001,141.41000,140.25,141.19000,71655000
2007-01-09,141.31000,141.60001,140.39999,141.070007,75680100
2007-01-10,140.58000,141.57001,140.30000,141.53999,72428000
2007-01-11,141.58000,142.62000,141.5,142.16000,54476800
2007-01-12,142.14999,143.24001,142.11000,143.24001,55370600
2007-01-16,143.070007,143.44000,142.73000,142.96001,44871300
2007-01-17,142.85001,143.46001,142.73000,143.020004,50241400
2007-01-18,143.17000,143.25999,142.31000,142.53999,68177300
2007-01-19,142.53999,143.10001,142.46001,142.82001,56973000
2007-01-22,143.070007,143.10001,141.92999,142.38000,60253600
2007-01-23,142.25999,143.080002,142.059998,142.80000,54064400
2007-01-24,142.97000,143.98000,142.91000,143.95000,55834700
2007-01-25,143.86000,143.92000,142.0099945,142.25999,73583800
2007-01-26,142.57001,142.64999,141.58000,142.13000,67255600
2007-01-29,142.19000,142.80000,141.74001,142.050003,66114600
2007-01-30,142.35001,142.86000,142.059998,142.78999,70407600
2007-01-31,142.63000,144.13000,142.39999,143.75,91868600
2007-02-01,144.14999,144.66000,143.91000,144.61000,69312400
2007-02-02,144.73000,144.95000,144.38000,144.81000,49607000
2007-02-05,144.70000,144.94000,144.34000,144.85001,45705300
2007-02-06,144.97000,145.029999,144.33000,144.89000,57081300
2007-02-07,145.12000,145.36000,144.57001,145.21001,55669700
2007-02-08,144.78000,145.12000,144.27000,145.020004,70641000
2007-02-09,145.059998,145.33000,143.39000,143.94000,79084400
2007-02-12,143.94000,144.039993,143.19000,143.45000,65657000
2007-02-13,143.77000,144.89999,143.75999,144.66000,64081800
2007-02-14,144.80000,145.89999,144.78000,145.61000,66039400
2007-02-15,145.67000,145.95000,145.42999,145.80000,38715200
2007-02-16,145.44000,145.75999,145.23000,145.73000,39841800
2007-02-20,145.56000,146.20000,145,146.039993,56911800
2007-02-21,145.61000,146.070007,145.35001,145.98000,63971600
2007-02-22,146.050003,146.42000,145.17000,145.87000,79067400
2007-02-23,145.74001,145.78999,145.029999,145.30000,71966200
2007-02-26,145.83000,145.95000,144.75,145.17000,69192800
2007-02-27,143.88000,144.20000,139,139.5,274466500
2007-02-28,140.39000,141.98000,139.80000,140.92999,177536300
2007-03-01,139.34000,141.25,138.050003,140.50999,212828600
2007-03-02,140.050003,140.66000,138.66000,138.67000,162574000
2007-03-05,137.92999,139.58000,137.33000,137.35001,143750400
2007-03-06,138.78000,140.12000,137.72000,139.70000,143333300
2007-03-07,139.59000,140.46001,139.39999,139.56000,115144900
2007-03-08,140.53999,141.16000,140.070007,140.74001,117891600
2007-03-09,141.31000,141.42000,140.080002,140.78000,107765100
2007-03-12,140.42000,141.34000,140.16000,140.99001,80366900
2007-03-13,140.17999,140.77000,138.039993,138.25,190605200
2007-03-14,138.42999,139.36000,136.75,139.28000,231853800
2007-03-15,138.97000,139.99001,138.80000,139.47000,132435900
2007-03-16,139.31000,139.63000,138.12000,138.53000,121531600
2007-03-19,139.25999,140.33000,139.14999,140.20000,96161200
2007-03-20,140.080002,141.050003,139.96001,140.97000,82147400
2007-03-21,141.10001,143.64999,140.82001,143.28999,152368700
2007-03-22,143.48000,143.67999,142.78999,143.17999,118942200
2007-03-23,143.28000,143.81000,143.14999,143.39000,74416800
2007-03-26,143.5,143.64999,142.089996,143.20000,113787500
2007-03-27,143.12000,143.16000,142.39000,142.86000,99864600
2007-03-28,142.14000,142.47000,141.25999,141.82001,152907900
2007-03-29,142.53999,142.61000,141.19000,141.97000,139432700
2007-03-30,142.24001,142.84000,140.56000,142,128194100
2007-04-02,142.16000,142.46001,141.48000,142.16000,79416400
2007-04-03,142.97000,143.98000,142.91000,143.69000,82417800
2007-04-04,143.69000,143.95000,143.16000,143.85001,63995200
2007-04-05,143.67000,144.44000,143.61000,144.24001,46822800
2007-04-09,144.64999,144.80000,144.14999,144.44000,50967400
2007-04-10,144.33000,144.85001,144.27000,144.61000,56620000
2007-04-11,144.82001,144.86000,143.53999,144.020004,106365700
2007-04-12,143.74001,144.92000,143.34000,144.66000,115534400
2007-04-13,144.89999,145.32001,144.36000,145.32001,84287000
2007-04-16,145.83000,146.86000,145.82001,146.70000,83064600
2007-04-17,146.97000,147.39999,146.64999,147.089996,108424100
2007-04-18,146.60001,147.70000,146.57001,147.27000,88345300
2007-04-19,146.55000,147.39999,146.36000,147.23000,102947700
2007-04-20,148.22000,148.62000,147.039993,148.62000,124114100
2007-04-23,148.37000,148.73000,147.97000,148.059998,77270800
2007-04-24,148.23000,148.39999,147.32001,148.12000,114471000
2007-04-25,148.73000,149.66000,148.020004,149.48000,108418800
2007-04-26,149.49001,149.80000,149.10001,149.64999,88741600
2007-04-27,149.089996,149.74001,148.84000,149.53000,108191100
2007-04-30,149.64000,149.74001,148.21001,148.28999,100874100
2007-05-01,148.42000,149.47000,147.67000,148.67000,134342700
2007-05-02,148.89999,149.95000,148.75,149.53999,87129800
2007-05-03,149.97000,150.39999,149.73000,150.35001,86569700
2007-05-04,150.75,151.12000,150.22000,150.92000,96409000
2007-05-07,150.88000,151.20000,150.81000,150.95000,63461400
2007-05-08,150.58000,150.92000,150.13000,150.75,80584000
2007-05-09,150.64000,152.82001,150.37000,151.16000,102070100
2007-05-10,150.73000,151.020004,149.27000,149.58000,153617800
2007-05-11,149.75,150.92999,149.72000,150.86000,113408900
2007-05-14,150.86000,151.30000,149.78999,150.53000,108027500
2007-05-15,150.70000,151.66000,150.19000,150.57001,180673300
2007-05-16,150.80000,151.63000,150.38000,151.60001,114166500
2007-05-17,151.38000,151.96001,151.11000,151.30000,101132800
2007-05-18,152.0099945,152.62000,151.81000,152.62000,99182000
2007-05-21,152.58000,153.23000,152.5,152.53999,174664600
2007-05-22,152.70000,153.16000,152.38000,152.42000,82148800
2007-05-23,152.95000,153.5,152.36000,152.44000,133786600
2007-05-24,152.53000,153.21001,150.74001,151.059998,187593000
2007-05-25,151.5,152.020004,151.17999,151.69000,83309200
2007-05-29,151.94000,152.5,151.45000,152.24001,82020000
2007-05-30,151.46001,153.53999,151.34000,153.48000,129013600
2007-05-31,153.67000,153.89000,153.12000,153.32001,114866700
2007-06-01,153.88000,154.39999,153.50999,154.080002,107771700
2007-06-04,153.53999,154.39000,153.48000,154.10001,78008800
2007-06-05,153.74001,153.89999,152.86000,153.49001,126917900
2007-06-06,152.86000,152.95000,151.75,151.84000,164096800
2007-06-07,151.56000,152.5,149.059998,149.10001,232414600
2007-06-08,149.58000,151.19000,149.089996,151.039993,175886000
2007-06-11,150.92999,151.95000,150.70000,151.30000,102015600
2007-06-12,150.67000,151.53999,149.55000,149.64999,233898000
2007-06-13,150.5,152.070007,149.72000,151.89000,193208200
2007-06-14,152.059998,153.12000,152.029999,152.86000,146396500
2007-06-15,153.14000,153.66000,152.92999,153.070007,154030800
2007-06-18,153.38000,153.39000,152.66000,152.89000,88537500
2007-06-19,152.55000,153.38000,152.36000,153.27000,110851700
2007-06-20,153.58000,153.58000,150.96001,151.14000,177119700
2007-06-21,151.080002,152.11000,150.25,151.98000,205262000
2007-06-22,151.52000,151.77000,149.85001,150.55000,204964700
2007-06-25,150.24001,151.25,149.020004,149.83000,232014400
2007-06-26,150.21001,150.46001,148.28000,148.28999,198445700
2007-06-27,148.13000,150.57001,148.059998,150.39999,213638000
2007-06-28,150.38000,151.41000,149.67000,150.38000,157705000
2007-06-29,150.89999,151.64999,149.14999,150.42999,199701800
2007-07-02,150.87000,151.92000,150.77000,151.78999,103357000
2007-07-03,152.17999,152.5,151.99001,152.34000,54048400
2007-07-05,152.39999,152.56000,151.63000,152.17999,89279000
2007-07-06,152.38000,153.17000,151.92999,152.98000,81109000
2007-07-09,153.16000,153.36000,152.62000,153.10001,72348100
2007-07-10,152.28999,152.61000,150.77000,150.92000,180362600
2007-07-11,150.75,152.050003,150.52000,151.99001,175607600
2007-07-12,152.37000,154.75,152.34000,154.39000,133882500
2007-07-13,154.57001,155.46001,154.39000,154.85001,111794300
2007-07-16,154.99001,155.53000,154.58000,154.83000,98378700
2007-07-17,154.92999,155.48000,154.67999,154.75,126201300
2007-07-18,154.23000,154.80000,153.30000,154.47000,237887400
2007-07-19,155.20000,155.53000,154.75,155.070007,145212700
2007-07-20,154.89000,154.99001,152.83000,153.5,245502500
2007-07-23,154.17999,154.72000,153.30000,153.97000,121183900
2007-07-24,153.12000,154.28000,150.75999,151.30000,256732400
2007-07-25,152.020004,152.39000,150.25,151.61000,265214500
2007-07-26,150.19000,150.80000,146.39000,148.020004,467592500
2007-07-27,148.21001,148.87000,145.050003,145.11000,422987600
2007-07-30,145.92999,147.81000,145.28999,147.38000,283017500
2007-07-31,148.33000,149.46001,145.039993,145.72000,316976700
2007-08-01,145.17999,147.0099945,143.95000,146.42999,467670000
2007-08-02,146.75999,147.75999,145.25999,147.60001,294758400
2007-08-03,147.28000,147.58000,143.20000,143.80000,359398200
2007-08-06,144.21001,146.83000,142.53000,146.21001,324980000
2007-08-07,145.94000,149,145.23000,147.77000,232568700
2007-08-08,148.41000,150.59000,147.34000,149.83000,274930600
2007-08-09,147.42999,148.95000,145.28999,145.39000,357622100
2007-08-10,144.39000,146.5,143.12000,144.71001,411018400
2007-08-13,146.5,146.89000,145.020004,145.23000,181917200
2007-08-14,145.70000,146.059998,142.72000,143.0099945,264134500
2007-08-15,142.72000,144.46001,140.62000,141.039993,323834000
2007-08-16,139.78999,142.94000,137,142.10001,546743700
2007-08-17,145.5,145.81000,141.39000,144.71001,388218100
2007-08-20,145.17000,145.47000,143.28999,144.64000,187320400
2007-08-21,144.60001,145.97000,144.14000,144.92999,157066400
2007-08-22,146.0099945,146.80000,145.33000,146.64999,173156700
2007-08-23,147.34000,147.64999,145.61000,146.52000,203915300
2007-08-24,146.48000,148.33000,146.28000,148.33000,128901900
2007-08-27,147.85001,148.33000,146.73000,146.95000,113024300
2007-08-28,146.16000,146.25,143.46001,143.72000,219790700
2007-08-29,144.37000,146.74001,143.96001,146.53999,207654200
2007-08-30,145.45000,147.19000,145.31000,146.14999,191817300
2007-08-31,147.64999,148.5,146.83000,147.59000,185477500
2007-09-04,147.45000,149.98000,147.39999,149.080002,120062000
2007-09-05,148.20000,148.36000,147,147.78999,166261800
2007-09-06,147.95000,148.61000,147.12000,148.13000,127878400
2007-09-07,146.48000,146.89000,145.25999,146.070007,235447600
2007-09-10,146.52000,146.72000,144.33000,145.78999,192305900
2007-09-11,146.24001,147.70000,146.13000,147.49001,162081900
2007-09-12,147.28999,148.44000,146.98000,147.87000,149554600
2007-09-13,148.55000,149.45000,148.20000,148.91000,154079000
2007-09-14,147.96001,149.089996,147.74001,148.89999,121911000
2007-09-17,148.31000,148.64999,147.63000,148.10001,109870800
2007-09-18,148.83000,152.5,148.13000,152.46001,263759500
2007-09-19,153.41000,154.39000,152.71001,153.36000,193779900
2007-09-20,153.34000,153.42999,152.11000,152.28000,175186800
2007-09-21,152.71001,153.12000,151.74001,151.97000,141457500
2007-09-24,152.42000,152.82001,151.36000,151.69000,139450200
2007-09-25,150.81000,151.66000,150.47000,151.39000,142289900
2007-09-26,152.25,152.77000,151.39000,152.19000,135547000
2007-09-27,152.91000,153.10001,152.19000,153.089996,102713300
2007-09-28,152.85001,153.19000,151.98000,152.58000,133372100
2007-10-01,152.60001,154.75,152.5,154.30000,148162300
2007-10-02,154.61000,154.64999,153.81000,154.089996,112978800
2007-10-03,153.81000,154.41000,153.0099945,153.78000,119055900
2007-10-04,154.11000,154.25999,153.59000,154.020004,76864400
2007-10-05,155.029999,156.10001,154.63000,155.85001,134579700
2007-10-08,155.39000,155.49001,154.77000,155.020004,71280400
2007-10-09,155.60001,156.5,155.029999,156.48000,94054300
2007-10-10,156.039993,156.44000,155.41000,156.22000,101711100
2007-10-11,156.92999,157.52000,154.53999,155.47000,233529100
2007-10-12,155.46001,156.35001,155.27000,156.33000,124546700
2007-10-15,156.27000,156.36000,153.94000,155.0099945,161151900
2007-10-16,154.41000,154.52000,153.47000,153.78000,166525700
2007-10-17,154.98000,155.089996,152.47000,154.25,216687300
2007-10-18,153.45000,154.19000,153.080002,153.69000,148367500
2007-10-19,153.089996,156.48000,149.66000,149.67000,297169900
2007-10-22,148.86000,150.75999,148.66000,150.53999,261989800
2007-10-23,151.46001,151.95000,150.25,151.75999,180085100
2007-10-24,151.21001,151.74001,148.84000,151.48000,326694200
2007-10-25,151.64999,152.28999,149.88000,151.84000,237374500
2007-10-26,153.059998,153.62000,151.89999,153.62000,176484000
2007-10-29,153.92999,154.44000,153.55000,154.13000,106841000
2007-10-30,153.45000,153.75,152.87000,153.059998,132981600
2007-10-31,153.98000,155.27000,152.84000,154.64999,220954400
2007-11-01,153.28999,153.41000,150.59000,151.029999,333040800
2007-11-02,151.53000,152,149.21001,151.20000,331228200
2007-11-05,149.64000,151.16000,148.97000,150.050003,226841000
2007-11-06,150.86000,152.11000,149.89999,152.070007,177800500
2007-11-07,150.44000,151.13000,147.55000,147.91000,306639700
2007-11-08,147.99001,148.39999,145.070007,147.16000,374509900
2007-11-09,145.69000,147.53999,144.89000,145.14000,277745100
2007-11-12,145.21001,146.61000,143.70000,143.70000,243087800
2007-11-13,145.37000,148.31000,145.22000,148.080002,191117400
2007-11-14,149.22000,149.39999,146.78000,147.67000,230558800
2007-11-15,146.57001,147.49001,144.52000,145.53999,263111100
2007-11-16,146.31000,146.47000,144.57001,145.78999,308770600
2007-11-19,145.28000,145.36000,143.19000,143.75999,267746000
2007-11-20,144.020004,145.53000,142.11000,144.64000,414767500
2007-11-21,143.080002,143.91000,141.67000,141.67999,259012400
2007-11-23,143.070007,144.34000,142.70000,144.13000,77688400
2007-11-26,144.42999,144.88000,140.66000,140.95000,214232000
2007-11-27,141.74001,143.23000,140.95000,142.57001,293897900
2007-11-28,144.19000,147.47000,144.14000,147.13000,258596900
2007-11-29,146.62000,147.72000,146.10001,147.17999,199409900
2007-11-30,149.039993,149.87000,147.33000,148.66000,222908000
2007-12-03,148.19000,148.45000,147.28999,147.67999,146430400
2007-12-04,146.66000,147.53999,146.31000,146.36000,136533900
2007-12-05,147.92999,149.20000,147.83000,148.81000,171130000
2007-12-06,148.63000,151.21001,148.57001,150.94000,154457400
2007-12-07,151.42000,151.5,150.55000,150.91000,148980100
2007-12-10,151.28000,152.25,150.86000,152.080002,123914300
2007-12-11,152.14000,152.89000,147.83000,147.91000,250346400
2007-12-12,151.059998,151.77000,147.20000,149.37000,322435600
2007-12-13,148.32001,149.39000,147.30000,149.059998,237551300
2007-12-14,147.92999,149.10001,147.10001,147.17000,159152900
2007-12-17,146.61000,146.87000,144.86000,145.070007,177269400
2007-12-18,146.10001,146.48000,143.96001,145.88000,245569300
2007-12-19,145.94000,146.89000,144.94000,145.88000,198917200
2007-12-20,146.84000,146.86000,145.17999,146.80000,214813800
2007-12-21,147.37000,148.42000,147.089996,148.13000,146084400
2007-12-24,148.82001,149.48000,148.48000,149.23000,45601400
2007-12-26,148.64999,149.67999,148.5,149.55000,67093100
2007-12-27,149.020004,149.029999,147.32001,147.67000,122981700
2007-12-28,148.53999,148.61000,146.89999,147.30000,116398100
2007-12-31,147.10001,147.61000,146.059998,146.21001,108126800
2008-01-02,146.53000,146.99001,143.88000,144.92999,204935600
2008-01-03,144.91000,145.49001,144.070007,144.86000,125133300
2008-01-04,143.34000,143.44000,140.91000,141.31000,232330900
2008-01-07,141.81000,142.23000,140.10001,141.19000,234991000
2008-01-08,142.080002,142.89999,138.44000,138.91000,326365700
2008-01-09,139.089996,140.78999,137.70000,140.37000,301824900
2008-01-10,139.67999,142.80000,139.37000,141.28999,335701200
2008-01-11,140.78000,141.89999,139,140.14999,267076600
2008-01-14,141.16000,141.86000,140.39999,141.28000,170365500
2008-01-15,139.78999,141.49001,137.89999,138.17000,239940100
2008-01-16,137.36000,139.12000,136.28000,136.98000,378802600
2008-01-17,137.81000,137.88000,132.92999,133.42999,397892600
2008-01-18,134.74001,135.020004,131.10001,132.059998,348561500
2008-01-22,127.21000,132.42999,126,130.72000,435923700
2008-01-23,127.089996,134.19000,126.84000,133.86000,511913000
2008-01-24,134.48000,135.46001,133.31000,134.99001,259949300
2008-01-25,136.50999,136.75999,132.60001,133.039993,269603900
2008-01-28,133.25999,135.52000,132.059998,135.24001,217934600
2008-01-29,136.10001,136.45000,134.88000,135.91000,168968300
2008-01-30,135.58000,138.53999,134.60001,134.91000,334939200
2008-01-31,133.39999,138.53999,133.20000,137.37000,343680800
2008-02-01,137.94000,139.61000,137.52000,139.58000,206843600
2008-02-04,139.21001,139.30000,137.64000,137.82001,124694300
2008-02-05,135.94000,136.25,133.67000,134.13000,286882500
2008-02-06,134.58000,135.25,132.41000,133.050003,250792900
2008-02-07,131.80000,134.78999,131.73000,133.92999,297368100
2008-02-08,133.089996,134.22000,132.10001,133.070007,221643500
2008-02-11,133.10001,134.23000,132.039993,133.75,188576300
2008-02-12,134.91000,136.31000,133.98000,134.99001,256654400
2008-02-13,136.0099945,137.059998,135.14000,136.37000,181967800
2008-02-14,136.95000,137,134.78999,135.17000,215207200
2008-02-15,134.5,135.22000,133.91000,135.14000,154110300
2008-02-19,136.72000,136.89000,134.61000,135.52000,145190000
2008-02-20,133.99001,136.55000,133.75999,135.92000,220085700
2008-02-21,136.66000,137.0099945,134.070007,134.78999,201051200
2008-02-22,134.97000,135.85001,132.86000,135.62000,205491000
2008-02-25,135.53999,137.64999,134.78000,137.33000,190107000
2008-02-26,136.75,138.95000,136.5,138.36000,212420700
2008-02-27,137.56000,139.14000,137.41000,138.22000,168395800
2008-02-28,137.24001,137.96001,136.55000,136.87000,170831100
2008-02-29,135.60001,135.67999,132.78000,133.82001,252715200
2008-03-03,133.14000,133.81000,132.24001,133.5,189483500
2008-03-04,132.23000,133.39999,130.99001,132.99001,282513100
2008-03-05,133.42000,134.77000,132.34000,133.83000,270681400
2008-03-06,132.98000,133.22000,130.55000,131.059998,247911700
2008-03-07,129.77000,131.74001,128.58000,129.71001,326434600
2008-03-10,129.84000,129.92999,127.59000,128,235683600
2008-03-11,130.72000,132.72000,128.95000,132.60001,341440600
2008-03-12,132.74001,133.77000,131.16000,131.36000,229161100
2008-03-13,129.61000,132.64000,128.60001,131.64999,351504200
2008-03-14,132.77000,132.81000,127.78000,129.61000,484687800
2008-03-17,126.57000,129.25999,126.070000,128.30000,405311100
2008-03-18,130.62000,133.69000,129.98000,133.63000,334416600
2008-03-19,134.14000,134.64999,130.039993,130.32001,345971600
2008-03-20,130.050003,132.91000,129.25999,132.080002,245320700
2008-03-24,133.31000,135.81000,133.24001,134.72000,208977300
2008-03-25,134.86000,135.55000,133.77000,134.85001,192947200
2008-03-26,134.46001,135.089996,133.11000,133.20000,196934300
2008-03-27,134.20000,134.44000,132.36000,132.78000,225153200
2008-03-28,132.99001,133.36000,131.059998,131.50999,180896100
2008-03-31,131.28999,132.73000,131.089996,131.97000,166692100
2008-04-01,133.61000,136.84000,133.50999,136.61000,254547300
2008-04-02,137.050003,137.67000,135.98000,136.70000,210910800
2008-04-03,135.96001,137.44000,135.71001,137.039993,175884800
2008-04-04,137.12000,137.96001,136.12000,136.89000,204446800
2008-04-07,137.87000,138.57001,136.74001,136.96001,154245500
2008-04-08,136.19000,136.92000,135.95000,136.82001,148937300
2008-04-09,136.61000,136.80000,134.89000,135.83000,195610600
2008-04-10,135.42000,136.67000,134.89999,136.020004,192967800
2008-04-11,134.49001,135.12000,133.0099945,133.38000,222973300
2008-04-14,133.19000,133.53999,132.55000,132.92999,160522000
2008-04-15,133.58000,133.69000,132.33000,133.24001,172389200
2008-04-16,134.53999,136.91000,134.52000,136.85001,189268900
2008-04-17,136.020004,137.25,135.66000,137.050003,179665700
2008-04-18,138.94000,139.56000,138.25999,138.48000,218530600
2008-04-21,138.23000,138.98000,137.85001,138.55000,118587400
2008-04-22,138.19000,138.31000,136.89999,137.94000,162166000
2008-04-23,138.089996,138.78000,137.12000,137.72000,193309000
2008-04-24,138.080002,139.74001,137.039993,138.32001,229381300
2008-04-25,139.39999,139.89000,137.91000,139.60001,190788100
2008-04-28,139.88000,140.25,139.38000,139.63000,105610200
2008-04-29,139.39000,139.73000,138.61000,139.080002,125514100
2008-04-30,139.28999,140.59000,138.25999,138.25999,208395900
2008-05-01,138.38000,141.12000,138.27000,141.12000,187279500
2008-05-02,142.34000,142.37000,140.56000,141.50999,181585500
2008-05-05,141.050003,141.61000,140.41000,140.83000,118504500
2008-05-06,140.020004,142.20000,139.69000,142.050003,179339800
2008-05-07,141.89000,142.039993,139.13000,139.52000,199267300
2008-05-08,139.74001,140.32001,138.98000,139.16000,178321200
2008-05-09,138.60001,139.39000,138.45000,138.89999,152588200
2008-05-12,139.25,140.56000,138.73000,140.46001,147865900
2008-05-13,140.80000,140.89000,139.73000,140.48000,159132200
2008-05-14,141.070007,142.20000,140.46001,140.77000,181910800
2008-05-15,141.039993,142.63000,140.83000,142.53000,166927000
2008-05-16,142.86000,142.87000,141.61000,142.66000,204236800
2008-05-19,142.81000,144.30000,142.30000,143.050003,165664400
2008-05-20,142.27000,142.34000,141,141.89000,178552100
2008-05-21,141.81000,142.12000,139,139.49001,252724800
2008-05-22,139.42999,140.17000,139,139.50999,170820400
2008-05-23,139.050003,139.66000,137.52000,137.64000,181376400
2008-05-27,137.80000,139,137.53000,138.66000,168322900
2008-05-28,139.17000,140,138,139.30000,181288100
2008-05-29,139.13000,140.92999,139.080002,140,173927200
2008-05-30,140.47000,140.74001,139.94000,140.35001,117362000
2008-06-02,139.83000,139.86000,138,138.89999,181069900
2008-06-03,139.30000,139.62000,137.23000,138.089996,271965700
2008-06-04,137.70000,139.16000,137.46001,138.020004,246637700
2008-06-05,138.58000,140.89000,138.32001,140.78000,237867100
2008-06-06,139.55000,139.80000,136.22000,136.28999,384276300
2008-06-09,136.86000,137.5,135.41000,136.62000,228263900
2008-06-10,135.67000,137.10001,135.35001,135.94000,260234900
2008-06-11,135.97000,136.25999,133.92999,133.94000,283890100
2008-06-12,134.60001,135.87000,133.52000,134.45000,252791800
2008-06-13,135.17000,136.52000,134.42000,136.14999,244726900
2008-06-16,135.55000,136.92999,135.46001,136.23000,185832500
2008-06-17,137.070007,137.12000,135.37000,135.57001,191707700
2008-06-18,134.69000,135.52000,133.71001,134.25,265893000
2008-06-19,134.14999,135.24001,133.5,134.42000,304204900
2008-06-20,132.84000,133.089996,131.22000,131.58000,289275700
2008-06-23,132.089996,132.23000,131.32001,131.45000,165096400
2008-06-24,131.050003,132.44000,130.19000,131.19000,267300600
2008-06-25,131.72000,133.39999,131.24001,131.81000,287853900
2008-06-26,130.57001,131.42000,128.080002,128.23000,297775000
2008-06-27,128.28000,128.86000,127.040001,127.53000,303423400
2008-06-30,127.89000,128.91000,127.30000,127.98000,258842600
2008-07-01,126.52000,128.47000,125.93000,128.38000,388622000
2008-07-02,128.78999,129.16000,125.95000,126.18000,288064600
2008-07-03,127.11000,127.11000,124.99000,126.31000,239352500
2008-07-07,126.79000,127.34000,123.92000,125.019997,372427300
2008-07-08,124.99000,127.39000,124.20000,127.24000,375973700
2008-07-09,127.5,127.74000,124.39000,124.79000,336729400
2008-07-10,124.43000,125.79000,123.58000,125.30000,436475700
2008-07-11,123.97000,125.90000,122.49000,123.84000,481124600
2008-07-14,125.26000,125.5,122.40000,122.72000,322720800
2008-07-15,121.80000,123.49000,120.019997,120.99000,502502500
2008-07-16,121.45000,124.57000,121.099998,123.96000,371642900
2008-07-17,125.14000,126.26000,124.089996,125.20000,375490600
2008-07-18,126.17000,126.42000,125.15000,125.98000,267030100
2008-07-21,126.51000,126.80000,125.19000,126.050003,222863000
2008-07-22,125.15000,127.80000,124.85000,127.48000,296904200
2008-07-23,127.89000,129.14999,127.55000,128.17000,311698400
2008-07-24,128.34000,128.41000,125.16000,125.51000,248634500
2008-07-25,125.89000,126.49000,125.17000,125.48000,219131000
2008-07-28,125.51000,126.059998,123.42000,123.64000,205201300
2008-07-29,123.98000,126.38000,123.64000,126.28000,261505600
2008-07-30,127.11000,128.60001,126.28000,128.53000,354710000
2008-07-31,127.40000,128.57001,126.63000,126.83000,277402100
2008-08-01,127.12000,127.28000,125.46000,126.16000,248690900
2008-08-04,126.040001,126.14000,124.76000,124.99000,188239600
2008-08-05,126.019997,128.56000,124.97000,128.36000,251577600
2008-08-06,128.020004,129.30000,127.48000,128.92999,209555400
2008-08-07,127.96000,128.44000,126.54000,127.010002,246312500
2008-08-08,126.58000,129.92999,126.38000,129.37000,260811700
2008-08-11,129.47000,131.50999,129.23000,130.71001,249425800
2008-08-12,130.28000,130.70000,128.73000,129.35001,213200800
2008-08-13,128.78999,129.64999,127.67000,128.57001,256393200
2008-08-14,127.84000,130.28000,127.75,129.53999,239555300
2008-08-15,129.92999,130.5,129.30000,130.17000,181000800
2008-08-18,130.42999,130.48000,127.66000,128.39000,172275100
2008-08-19,127.42000,127.69000,126.53000,126.99000,194673700
2008-08-20,127.39000,127.95000,126.34000,127.58000,225498200
2008-08-21,126.75,128.44000,126.60000,127.80000,180609800
2008-08-22,128.67000,129.64999,127.80000,129.64999,167715300
2008-08-25,128.80000,129.64999,126.75,127.019997,171936900
2008-08-26,127.019997,127.87000,126.58000,127.39000,159117200
2008-08-27,127.55000,128.83000,127.30000,128.63000,171032800
2008-08-28,129.28000,130.34000,129.11000,130.19000,167537100
2008-08-29,129.73000,130.14000,128.50999,128.78999,189195800
2008-09-02,130.029999,130.71001,127.52000,127.99000,252364900
2008-09-03,127.88000,128.5,126.93000,127.88000,251947000
2008-09-04,126.97000,127.23000,123.96000,124.029999,340042500
2008-09-05,123.29000,124.95000,122,124.42000,289503400
2008-09-08,128.039993,128.24001,124.42000,126.99000,364075300
2008-09-09,127.099998,127.36000,122.80000,123.22000,377326800
2008-09-10,123.89000,124.90000,122.55000,123.72000,298916600
2008-09-11,122.12000,125.74000,121.60000,125.51000,375369400
2008-09-12,124.29000,126.21000,123.83000,126.089996,297851200
2008-09-15,121.63000,125.65000,119.89000,120.089996,483607000
2008-09-16,117.20000,122.32000,117,122.099998,581744300
2008-09-17,119.64000,121.85000,116,116.61000,624095600
2008-09-18,118.050003,121.79000,113.80000,120.070000,776114700
2008-09-19,126.70000,128,123.33000,124.12000,501087800
2008-09-22,124.45000,124.75,120.36000,121.31000,249966500
2008-09-23,120.85000,122.019997,118.28000,118.55000,327470400
2008-09-24,119.35000,120,117.79000,118.93000,311818400
2008-09-25,119.40000,121.91000,118.44000,120.79000,328253000
2008-09-26,118.83000,121.5,118.51000,120.85000,285917400
2008-09-29,119.14000,119.34000,110.97000,111.38000,459562300
2008-09-30,113.51000,116.80000,110.53000,115.99000,328154400
2008-10-01,115.27000,116.69000,113.95000,116.059998,332783000
2008-10-02,114.95000,115.11000,111.059998,111.85000,365337800
2008-10-03,112.86000,115.45000,109.68000,110.34000,461798000
2008-10-06,107.15000,107.62000,100.64000,104.72000,610637500
2008-10-07,106.84000,107.33000,99.65000,100.029999,540012100
2008-10-08,97.52000,102.18000,96.81000,97.51000,725414800
2008-10-09,99.66000,100.62000,90.25,90.70000,534485200
2008-10-10,86.76000,93.94000,83.58000,88.5,871026300
2008-10-13,93.87000,101.35000,89.95000,101.35000,455584000
2008-10-14,104.70000,105.53000,97.11000,99.85000,546268300
2008-10-15,97.46000,97.80000,89.71000,90.019997,484627500
2008-10-16,91.29000,94.77000,86.54000,93.77000,708811200
2008-10-17,91.99000,98.59000,91.65000,93.21000,476649000
2008-10-20,95.35000,99.099998,94.089996,98.81000,321294200
2008-10-21,96.97000,98.64000,95.22000,95.86000,356502000
2008-10-22,93.20000,95.86000,87.53000,90.64000,516168000
2008-10-23,90.29000,92.45000,85.81000,91.69000,634666400
2008-10-24,84.059998,89.92000,84,87.040001,545812600
2008-10-27,85.97000,89.51000,83.70000,83.95000,397288600
2008-10-28,87.34000,94.24000,84.53000,93.76000,639939500
2008-10-29,93.77000,97.17000,92.099998,93.080002,531270100
2008-10-30,95.78000,96.54000,92.90000,96.30000,414582100
2008-10-31,95.080002,98.57000,94.48000,96.83000,411394000
2008-11-03,96.78000,97.69000,95.95000,97.11000,205419400
2008-11-04,99.059998,100.86000,96.71000,100.41000,346793400
2008-11-05,99.20000,100.71000,95,96.19000,387844100
2008-11-06,94.46000,95.44000,90.059998,90.86000,477721900
2008-11-07,91.65000,94,90.5,93.86000,380391000
2008-11-10,95.21000,95.53000,90.92000,92.63000,301773000
2008-11-11,90.76000,92.14000,88.65000,89.77000,418498200
2008-11-12,88.23000,88.95000,85.12000,85.82000,454330600
2008-11-13,86.13000,91.73000,82.089996,91.17000,753141900
2008-11-14,89.41000,92.059998,86.52000,86.62000,540352300
2008-11-17,86.38000,88.56000,85.16000,85.47000,415254900
2008-11-18,85.15000,87.22000,82.91000,87.080002,523811800
2008-11-19,85.91000,86.87000,80.92000,81.5,558327600
2008-11-20,80.13000,82.51000,75.050003,75.45000,814180400
2008-11-21,77.46000,80.90000,74.34000,79.52000,718536500
2008-11-24,81.92000,86.99000,80.36000,85.029999,523305300
2008-11-25,87.30000,87.51000,83.82000,85.66000,454112400
2008-11-26,84.30000,89.19000,84.24000,88.97000,370134200
2008-11-28,88.63000,90.13000,88.48000,90.089996,118308100
2008-12-01,87.51000,87.55000,81.86000,82.11000,369927100
2008-12-02,83.47000,85.49000,82.040001,85.27000,469508400
2008-12-03,83.40000,87.83000,83.14000,87.32000,519863500
2008-12-04,86.059998,88.050003,83.74000,85.30000,444173800
2008-12-05,83.65000,88.42000,82.24000,87.93000,471905300
2008-12-08,90.34000,92.38000,88.080002,91,412859300
2008-12-09,90.37000,92.13000,88.98000,89.5,370790000
2008-12-10,90.32000,91.36000,89,90.11000,396187400
2008-12-11,89.54000,91,87.37000,87.94000,365061000
2008-12-12,85.55000,89.070000,85.20000,88.99000,415060400
2008-12-15,89.019997,89.15000,86.29000,87.75,256694200
2008-12-16,91.88000,92.019997,88.18000,91.88000,377699500
2008-12-17,90.84000,92.43000,90.059998,90.99000,281819800
2008-12-18,91.40000,91.67000,88.21000,89.29000,374673300
2008-12-19,89.099998,90.62000,88.089996,88.19000,301451300
2008-12-22,88.58000,88.67000,85.49000,87.059998,243759500
2008-12-23,87.53000,87.93000,85.80000,86.16000,221625200
2008-12-24,86.45000,86.87000,86,86.66000,62061600
2008-12-26,87.24000,87.30000,86.5,87.16000,74767700
2008-12-29,87.24000,87.33000,85.60000,86.91000,127795900
2008-12-30,87.51000,89.050003,86.88000,88.97000,168256300
2008-12-31,89.080002,90.97000,88.87000,90.24000,193987200
2009-01-02,90.44000,93.44000,89.85000,92.96000,227566300
2009-01-05,92.63000,93.66000,91.89000,92.85000,240349700
2009-01-06,93.64000,94.45000,92.68000,93.47000,328260900
2009-01-07,92,92.26000,90.20000,90.67000,280899200
2009-01-08,90.16000,91.089996,89.67000,91.040001,263834400
2009-01-09,91.16000,91.32000,85.36000,89.089996,330953600
2009-01-12,88.84000,88.91000,86.41000,86.95000,277858500
2009-01-13,86.73000,87.88000,86.20000,87.11000,356432300
2009-01-14,85.54000,85.75,83.16000,84.37000,435491600
2009-01-15,84.12000,85.25,81.72000,84.40000,532647300
2009-01-16,85.86000,85.99000,83.050003,85.059998,399237200
2009-01-20,84.23000,85.059998,80.050003,80.57000,419855200
2009-01-21,81.94000,84.24000,80.47000,84.050003,364360700
2009-01-22,82.42000,84.040001,81.17000,82.75,427940300
2009-01-23,80.90000,83.99000,80.57000,83.11000,386800600
2009-01-26,83.59000,85.36000,82.81000,83.68000,317978800
2009-01-27,84.13000,85.15000,83.30000,84.53000,273789700
2009-01-28,86.40000,87.95000,86.070000,87.39000,330007000
2009-01-29,86.11000,87.49000,84.47000,84.55000,294392500
2009-01-30,84.98000,85.40000,82.21000,82.83000,383383600
2009-02-02,81.57000,83.18000,81.31000,82.58000,288233300
2009-02-03,83.099998,84.36000,82.22000,83.74000,278385800
2009-02-04,84.30000,85.37000,83.040001,83.33000,322989300
2009-02-05,82.70000,85.29000,77.73000,84.57000,417679400
2009-02-06,84.86000,87.34000,84.68000,86.98000,366101700
2009-02-09,86.96000,87.74000,86.32000,87.099998,240075200
2009-02-10,86.27000,87.029999,82.45000,83.11000,536212800
2009-02-11,83.45000,84.050003,82.40000,83.60000,324442500
2009-02-12,82.17000,83.82000,81.050003,83.66000,469302200
2009-02-13,83.55000,84.24000,82.74000,82.76000,293998400
2009-02-17,80.16000,82.96000,79.17000,79.22000,478910100
2009-02-18,79.79000,79.94000,78.28000,79.029999,362964800
2009-02-19,79.84000,80.15000,78.019997,78.18000,316867500
2009-02-20,76.73000,78.34000,75.77000,77.42000,477176600
2009-02-23,78.27000,78.27000,74.59000,74.65000,379641400
2009-02-24,75.29000,77.95000,74.70000,77.48000,426260900
2009-02-25,77.14000,78.42000,75.63000,76.87000,461985800
2009-02-26,77.82000,79.67000,75.53000,75.62000,363353900
2009-02-27,74.010002,75.69000,73.81000,73.93000,470510900
2009-03-02,72.52000,73.92000,70.37000,70.60000,426452600
2009-03-03,71.61000,71.70000,69.64000,70.070000,443761000
2009-03-04,71.23000,72.87000,70.070000,71.73000,462753100
2009-03-05,70.099998,71.73000,68.17000,68.80000,485549400
2009-03-06,69.40000,70.45000,67.099998,68.92000,490470000
2009-03-09,67.95000,70,67.73000,68.11000,379905300
2009-03-10,69.51000,72.37000,69.37000,72.17000,406227900
2009-03-11,73,73.75,71.83000,72.64000,356648300
2009-03-12,72.62000,75.75,71.97000,75.5,409702700
2009-03-13,76.010002,76.98000,74.73000,76.089996,337474700
2009-03-16,76.96000,77.97000,75.81000,75.86000,360644900
2009-03-17,76.070000,78.36000,75.45000,78.18000,356814300
2009-03-18,77.81000,80.90000,77.070000,79.93000,473273200
2009-03-19,80.93000,81,78.69000,78.94000,428520400
2009-03-20,78.76000,78.91000,76.53000,76.71000,371078200
2009-03-23,78.74000,82.29000,78.31000,82.22000,419933300
2009-03-24,81.24000,82.36000,80.51000,80.60000,330271000
2009-03-25,81.23000,82.70000,79.059998,81.45000,441775100
2009-03-26,82.25,83.30000,81.32000,83.11000,422025200
2009-03-27,82.050003,82.53000,81.31000,81.61000,322332300
2009-03-30,79.80000,79.87000,77.96000,78.79000,324108500
2009-03-31,79.56000,81.080002,79.050003,79.52000,364238300
2009-04-01,78.53000,81.42000,78.33000,81.059998,377018300
2009-04-02,83.080002,84.61000,81.13000,83.43000,476230700
2009-04-03,83.49000,84.28000,82.67000,84.26000,284646300
2009-04-06,83.34000,84.28000,82.29000,83.60000,264866600
2009-04-07,82.25,82.65000,81.51000,81.65000,258947800
2009-04-08,82.059998,82.94000,81.54000,82.53000,230402800
2009-04-09,84.67000,85.82000,84.33000,85.81000,269653500
2009-04-13,84.92000,86.54000,84.58000,85.83000,224847500
2009-04-14,85.029999,85.76000,84.080002,84.35000,276598800
2009-04-15,83.84000,85.42000,83.61000,85.25,250726100
2009-04-16,85.93000,87.15000,84.77000,86.5,335202900
2009-04-17,86.83000,87.65000,86.14000,87.080002,262649000
2009-04-20,85.54000,87.050003,83.34000,83.43000,293690100
2009-04-21,82.82000,85.13000,82.75,85.059998,114090900
2009-04-22,84.29000,86.34000,84.070000,84.54000,340395200
2009-04-23,84.71000,85.42000,83.63000,85.37000,324903700
2009-04-24,86.029999,87.31000,85.69000,86.66000,287703000
2009-04-27,85.68000,87.010002,85.54000,85.84000,289581600
2009-04-28,84.97000,86.59000,84.76000,85.57000,247926300
2009-04-29,86.52000,88.36000,86.30000,87.39000,311505700
2009-04-30,88.55000,89.019997,86.92000,87.42000,301419800
2009-05-01,87.44000,88.21000,86.72000,87.89000,236110300
2009-05-04,88.55000,90.94000,88.38000,90.88000,287120000
2009-05-05,90.57000,90.93000,89.84000,90.57000,243036300
2009-05-06,91.68000,92.20000,90.61000,92.14000,291941000
2009-05-07,93.010002,93.15000,90.28000,90.86000,317728000
2009-05-08,92.029999,93.22000,91.44000,92.98000,299081700
2009-05-11,91.70000,92.11000,91.040001,91.24000,247923600
2009-05-12,91.63000,91.83000,89.85000,90.97000,282431300
2009-05-13,89.74000,90.010002,88.5,88.68000,269619100
2009-05-14,88.72000,90.12000,88.5,89.44000,260098700
2009-05-15,89.37000,90,88.15000,88.71000,271502700
2009-05-18,89.55000,91.34000,88.57000,91.23000,241447400
2009-05-19,91.18000,91.97000,90.81000,91.12000,206102200
2009-05-20,91.95000,92.80000,90.41000,90.51000,285722200
2009-05-21,89.46000,89.80000,88.26000,89.21000,258988400
2009-05-22,89.46000,90,88.68000,89.019997,166811900
2009-05-26,88.36000,91.56000,88.32000,91.30000,236318500
2009-05-27,91.44000,91.75,89.53000,89.67000,246015800
2009-05-28,90.46000,91.34000,89.099998,90.92000,289095000
2009-05-29,91.42000,93.70000,90.68000,92.53000,258641500
2009-06-01,93.67000,95.17000,93.43000,94.77000,276246800
2009-06-02,94.40000,95.37000,94.23000,94.85000,230874500
2009-06-03,94.040001,94.13000,92.76000,93.65000,235310500
2009-06-04,94,94.67000,93.30000,94.53000,210102300
2009-06-05,95.49000,95.67000,93.80000,94.55000,284257900
2009-06-08,93.84000,95.099998,93.040001,94.16000,238565100
2009-06-09,94.69000,95.14000,94.019997,94.64000,225125500
2009-06-10,95.48000,95.49000,93.19000,94.40000,296100400
2009-06-11,94.58000,96.11000,94.56000,94.82000,275414200
2009-06-12,94.40000,95.14000,94,95.080002,184361800
2009-06-15,93.96000,94.019997,92.40000,92.90000,224190500
2009-06-16,93.23000,93.29000,91.58000,91.64000,227319000
2009-06-17,91.60000,92.33000,90.83000,91.55000,223445200
2009-06-18,91.69000,92.67000,91.25,92.22000,211725100
2009-06-19,92.58000,92.70000,91.52000,92.040001,215655600
2009-06-22,91.14000,91.19000,89.25,89.28000,251913600
2009-06-23,89.47000,89.88000,88.85000,89.35000,188309800
2009-06-24,90.16000,91.080002,89.60000,90.12000,211577700
2009-06-25,89.67000,92.17000,89.57000,92.080002,279411000
2009-06-26,91.77000,92.24000,91.27000,91.84000,167579000
2009-06-29,92.11000,92.82000,91.60000,92.70000,168481300
2009-06-30,92.72000,93.059998,91.27000,91.95000,228888200
2009-07-01,92.34000,93.23000,92.21000,92.33000,173041100
2009-07-02,91.13000,92.36000,89.76000,89.81000,212309900
2009-07-06,88.94000,89.93000,88.66000,89.80000,174499600
2009-07-07,89.71000,89.82000,88,88.059998,197088900
2009-07-08,88.59000,88.80000,87,88,248050500
2009-07-09,88.61000,88.90000,87.91000,88.17000,163777600
2009-07-10,87.70000,88.49000,87.35000,87.96000,173520300
2009-07-13,88.31000,90.17000,87.59000,90.099998,217413500
2009-07-14,90.38000,90.69000,89.73000,90.61000,181487400
2009-07-15,91.81000,93.51000,90.68000,93.26000,220877900
2009-07-16,93,94.51000,92.82000,93.11000,231174500
2009-07-17,94.059998,94.32000,93.54000,94.13000,138561700
2009-07-20,94.68000,95.29000,94.19000,95.13000,164179400
2009-07-21,95.87000,95.90000,94.42000,95.57000,217718300
2009-07-22,94.96000,96.13000,94.89000,95.55000,196068100
2009-07-23,95.61000,98.080002,95.53000,97.66000,258795500
2009-07-24,97.20000,98.14000,96.69000,98.059998,154003100
2009-07-27,97.88000,98.40000,97.34000,98.35000,159259400
2009-07-28,97.66000,98.37000,97.059998,97.89000,186685200
2009-07-29,97.44000,98.089996,96.98000,97.65000,194399300
2009-07-30,98.83000,99.83000,98.60000,98.67000,225575400
2009-07-31,98.65000,99.47000,98.38000,98.81000,207358000
2009-08-03,99.85000,100.53000,99.31000,100.44000,175776900
2009-08-04,99.99000,100.84000,99.78000,100.70000,176714600
2009-08-05,100.77000,100.86000,99.58000,100.41000,184726400
2009-08-06,100.87000,101.019997,99.42000,99.89000,193203800
2009-08-07,100.94000,102.029999,100.39000,101.20000,220640900
2009-08-10,100.74000,101.22000,100.27000,100.99000,130898700
2009-08-11,100.54000,100.61000,99.46000,99.73000,157301000
2009-08-12,99.56000,101.56000,99.51000,100.80000,219052400
2009-08-13,101.26000,101.61000,100.26000,101.57000,176449500
2009-08-14,101.52000,101.60000,99.70000,100.79000,199616100
2009-08-17,98.85000,98.95000,98.11000,98.31000,237667500
2009-08-18,98.53000,99.44000,98.35000,99.089996,173461500
2009-08-19,98.31000,100.30000,98.21000,99.96000,192812800
2009-08-20,100.089996,101.22000,99.87000,100.99000,174131300
2009-08-21,101.82000,103.13000,101.62000,102.97000,224605000
2009-08-24,103.39000,103.95000,102.59000,102.96000,191279000
2009-08-25,103.37000,104.26000,102.94000,103.16000,215310600
2009-08-26,102.84000,103.64000,102.49000,103.17000,194620700
2009-08-27,103.11000,103.72000,101.94000,103.40000,196230100
2009-08-28,104.23000,104.35000,102.67000,103.38000,147024400
2009-08-31,102.37000,102.58000,101.79000,102.46000,176051600
2009-09-01,101.95000,103.24000,99.99000,100.20000,321276800
2009-09-02,99.78000,100.44000,99.57000,99.82000,171805000
2009-09-03,100.40000,100.77000,99.59000,100.65000,143572300
2009-09-04,100.85000,102.089996,100.55000,102.059998,142687900
2009-09-08,103,103.050003,102.39000,102.94000,132909100
2009-09-09,103.12000,104.080002,102.80000,103.73000,154612500
2009-09-10,103.80000,104.86000,103.22000,104.79000,162902400
2009-09-11,104.99000,105.30000,104.28000,104.77000,152360100
2009-09-14,103.88000,105.46000,103.15000,105.28000,149593800
2009-09-15,105.45000,106.11000,104.76000,105.72000,196795900
2009-09-16,106.099998,107.34000,105.73000,107.32000,206406300
2009-09-17,107.17000,108.059998,106.57000,107.16000,229170900
2009-09-18,107.15000,107.16000,106.36000,106.72000,153799100
2009-09-21,105.89000,107,105.66000,106.45000,151892000
2009-09-22,107.080002,107.37000,106.60000,107.070000,143126700
2009-09-23,107.32000,108.029999,105.99000,106.18000,225947400
2009-09-24,106.41000,106.64000,104.55000,105.010002,228636800
2009-09-25,104.78000,105.36000,104.089996,104.45000,204059000
2009-09-28,104.85000,106.55000,104.83000,106.32000,118285800
2009-09-29,106.51000,107.019997,105.78000,106,133733900
2009-09-30,106.36000,106.46000,104.62000,105.59000,254383000
2009-10-01,103,105.73000,102.95000,102.97000,281840600
2009-10-02,102.019997,103.099998,101.99000,102.49000,224748800
2009-10-05,102.90000,104.32000,102.60000,104.019997,149875000
2009-10-06,104.77000,106.11000,104.71000,105.51000,202491100
2009-10-07,105.27000,105.91000,105.070000,105.80000,159200300
2009-10-08,106.55000,107.17000,105.85000,106.61000,183305800
2009-10-09,106.64000,107.26000,106.36000,107.26000,135008300
2009-10-12,107.76000,108.089996,107.28000,107.68000,118031000
2009-10-13,107.39000,107.71000,106.76000,107.46000,157692700
2009-10-14,108.72000,109.42000,107.42000,109.31000,191421600
2009-10-15,108.78000,109.71000,108.73000,109.71000,173873600
2009-10-16,108.80000,109.27000,108.23000,108.89000,192069400
2009-10-19,109.070000,110.13000,108.73000,109.79000,159530400
2009-10-20,109.95000,109.99000,108.68000,109.21000,180921100
2009-10-21,109.040001,110.31000,108.15000,108.23000,225379300
2009-10-22,108.19000,109.68000,107.5,109.33000,238444000
2009-10-23,109.69000,109.76000,107.63000,108.080002,240033200
2009-10-26,108.20000,109.31000,106.61000,106.91000,242028200
2009-10-27,107.029999,107.39000,106.16000,106.42000,253266300
2009-10-28,106.15000,106.48000,104.35000,104.41000,248821400
2009-10-29,105.19000,106.86000,104.94000,106.65000,198110600
2009-10-30,106.30000,106.62000,103.44000,103.56000,325608100
2009-11-02,104.13000,105.41000,103.080002,104.32000,254222900
2009-11-03,103.74000,104.80000,103.54000,104.65000,228362600
2009-11-04,105.51000,106.33000,104.65000,104.92000,247996700
2009-11-05,105.66000,106.88000,105.44000,106.85000,180015300
2009-11-06,106.26000,107.40000,106.050003,107.13000,170954100
2009-11-09,107.95000,109.63000,107.87000,109.57000,159495700
2009-11-10,109.31000,109.93000,108.97000,109.59000,171899800
2009-11-11,110.31000,110.82000,109.62000,110.15000,169466200
2009-11-12,110,110.57000,108.75,109.029999,157144500
2009-11-13,109.31000,110.089996,108.75,109.62000,150963000
2009-11-16,110.38000,111.69000,110.32000,111.21000,210922200
2009-11-17,110.92000,111.39000,110.5,111.34000,147134100
2009-11-18,111.26000,111.43000,110.57000,111.27000,156486800
2009-11-19,110.51000,111.31000,109.13000,109.82000,208734600
2009-11-20,109.25,109.76000,109.010002,109.43000,134196000
2009-11-23,110.72000,111.74000,110.60000,110.82000,148010200
2009-11-24,111,111.20000,110.010002,110.99000,138420100
2009-11-25,111.17000,111.5,110.82000,111.38000,109564800
2009-11-27,108.40000,110.32000,108.29000,109.57000,126001800
2009-11-30,109.48000,110.20000,108.12000,109.94000,160874800
2009-12-01,110.92000,111.66000,110.73000,111.30000,159613700
2009-12-02,111.28000,112.010002,110.92000,111.25,132315100
2009-12-03,111.55000,112.18000,110.29000,110.38000,167324900
2009-12-04,111.84000,112.38000,110.040001,111.010002,274907800
2009-12-07,110.91000,111.53000,110.49000,110.84000,127973800
2009-12-08,110.040001,110.77000,109.27000,109.61000,169863700
2009-12-09,109.58000,110.18000,109.019997,110.019997,155063400
2009-12-10,110.70000,111.12000,110.45000,110.64000,138014600
2009-12-11,111.11000,111.36000,110.61000,111.11000,124854000
2009-12-14,111.87000,112,111.13000,111.87000,107141500
2009-12-15,111.46000,111.92000,111,111.35000,120408800
2009-12-16,111.80000,112.13000,111.27000,111.52000,155358200
2009-12-17,110.72000,110.93000,110.080002,110.18000,183390100
2009-12-18,110.20000,110.30000,109.28000,110.21000,174591200
2009-12-21,110.76000,111.70000,110.76000,111.33000,118039600
2009-12-22,111.57000,111.97000,111.43000,111.73000,91707500
2009-12-23,112,112.11000,111.5,111.95000,111783100
2009-12-24,112.19000,112.60000,112,112.48000,39677500
2009-12-28,112.90000,112.99000,112.32000,112.72000,87508500
2009-12-29,113.010002,113.029999,112.55000,112.56000,80572500
2009-12-30,112.23000,112.65000,112.17000,112.52000,73138400
2009-12-31,112.77000,112.80000,111.39000,111.44000,90637900
2010-01-04,112.37000,113.39000,111.51000,113.33000,118944600
2010-01-05,113.26000,113.68000,112.85000,113.63000,111579900
2010-01-06,113.52000,113.99000,113.43000,113.71000,116074400
2010-01-07,113.5,114.33000,113.18000,114.19000,131091100
2010-01-08,113.89000,114.62000,113.66000,114.57000,126402800
2010-01-11,115.080002,115.13000,114.24000,114.73000,106375700
2010-01-12,113.97000,114.21000,113.22000,113.66000,163333500
2010-01-13,113.95000,114.94000,113.37000,114.62000,161822000
2010-01-14,114.49000,115.14000,114.42000,114.93000,115718800
2010-01-15,114.73000,114.84000,113.20000,113.64000,212283100
2010-01-19,113.62000,115.13000,113.59000,115.059998,139172700
2010-01-20,114.28000,114.45000,112.98000,113.89000,216490200
2010-01-21,113.92000,114.27000,111.56000,111.70000,344859600
2010-01-22,111.20000,111.74000,109.089996,109.21000,345942400
2010-01-25,110.21000,110.41000,109.41000,109.77000,186937500
2010-01-26,109.34000,110.47000,109.040001,109.31000,211168800
2010-01-27,109.17000,110.080002,108.33000,109.83000,271863600
2010-01-28,110.19000,110.25,107.91000,108.57000,316104000
2010-01-29,109.040001,109.80000,107.22000,107.39000,310677600
2010-02-01,108.15000,109.070000,107.5,109.059998,187865000
2010-02-02,109.26000,110.59000,108.88000,110.38000,216327900
2010-02-03,109.88000,110.48000,109.51000,109.83000,172730700
2010-02-04,108.98000,109.029999,106.42000,106.44000,356715700
2010-02-05,106.56000,106.88000,104.58000,106.66000,493585800
2010-02-08,106.74000,107.33000,105.81000,105.89000,224166900
2010-02-09,107.13000,108.15000,106.27000,107.22000,337820500
2010-02-10,107.050003,107.60000,106.11000,107.010002,240511500
2010-02-11,106.87000,108.25,106.25,108.13000,223591600
2010-02-12,106.99000,108.099998,106.51000,108.040001,304622100
2010-02-16,108.86000,109.85000,107.82000,109.74000,159317500
2010-02-17,110.27000,110.41000,109.74000,110.26000,168845100
2010-02-18,110.080002,111.14000,110.040001,110.91000,193708600
2010-02-19,110.62000,111.57000,110.36000,111.14000,222684900
2010-02-22,111.55000,111.58000,110.83000,111.16000,132346900
2010-02-23,110.86000,111.20000,109.52000,109.81000,207497000
2010-02-24,110.14000,111,109.86000,110.82000,176350700
2010-02-25,109.24000,110.75,108.94000,110.67000,259634700
2010-02-26,110.77000,111.12000,110.11000,110.74000,173589300
2010-03-01,111.20000,112,111.17000,111.89000,147709700
2010-03-02,112.37000,112.74000,112,112.20000,160992400
2010-03-03,112.49000,112.97000,112.019997,112.30000,150785000
2010-03-04,112.45000,112.80000,112.029999,112.64000,135770400
2010-03-05,113.37000,114.34000,113.099998,114.25,176118800
2010-03-08,114.26000,114.52000,114.070000,114.27000,114631200
2010-03-09,113.93000,114.99000,113.87000,114.46000,154556700
2010-03-10,114.51000,115.28000,114.41000,114.97000,186088800
2010-03-11,114.70000,115.48000,114.35000,115.45000,160791100
2010-03-12,115.95000,115.97000,115.14000,115.46000,162074800
2010-03-15,115.26000,115.57000,114.60000,115.49000,146816800
2010-03-16,115.81000,116.52000,115.49000,116.41000,168673000
2010-03-17,116.76000,117.48000,116.42000,117.099998,177468100
2010-03-18,117.11000,117.27000,116.57000,117.040001,196509100
2010-03-19,115.97000,117.29000,115.52000,115.97000,226641100
2010-03-22,115.31000,116.80000,115.24000,116.59000,184477800
2010-03-23,116.76000,117.51000,116.38000,117.41000,182941600
2010-03-24,116.97000,117.43000,115.58000,116.84000,196072600
2010-03-25,117.63000,118.17000,116.51000,116.65000,223396300
2010-03-26,116.87000,117.42000,116.12000,116.58000,205808500
2010-03-29,117.17000,117.53000,116.69000,117.32000,134513500
2010-03-30,117.46000,117.83000,116.91000,117.40000,145772500
2010-03-31,116.95000,117.52000,116.61000,117,161078700
2010-04-01,117.80000,118.25,117.099998,117.80000,161215200
2010-04-05,118.25,118.84000,117.92000,118.76000,105847600
2010-04-06,118.42000,119.25,118.29000,119.040001,110384200
2010-04-07,118.80000,119.36000,117.81000,118.36000,184576300
2010-04-08,117.95000,118.97000,117.60000,118.77000,158704000
2010-04-09,119.019997,119.60000,118.80000,119.55000,133006500
2010-04-12,119.70000,120.050003,119.56000,119.74000,110279000
2010-04-13,119.62000,120.040001,119,119.83000,125043600
2010-04-14,120.27000,121.19000,120.080002,121.19000,161609000
2010-04-15,120.99000,121.57000,120.95000,121.29000,144615300
2010-04-16,120.86000,121.29000,118.75,119.36000,366786700
2010-04-19,119.010002,119.93000,118.47000,119.81000,217947800
2010-04-20,120.56000,120.98000,119.87000,120.88000,157708000
2010-04-21,120.95000,121.23000,119.99000,120.66000,192910100
2010-04-22,119.81000,121.17000,119.12000,121.019997,115360300
2010-04-23,120.94000,121.86000,120.63000,121.81000,177335500
2010-04-26,121.85000,122.12000,121.23000,121.35000,143457300
2010-04-27,120.65000,121.34000,118.25,118.48000,355853300
2010-04-28,119.050003,119.68000,118.27000,119.38000,300674100
2010-04-29,120.099998,121.11000,120.070000,120.86000,193775000
2010-04-30,120.88000,121.010002,118.78000,118.81000,270000900
2010-05-03,119.38000,120.68000,119.20000,120.35000,182747900
2010-05-04,119.010002,119.029999,116.92000,117.52000,360353400
2010-05-05,116.56000,117.80000,115.97000,116.82000,328973200
2010-05-06,116.26000,117,105,112.94000,647356600
2010-05-07,112.64000,113.77000,109.41000,111.26000,637558800
2010-05-10,115.81000,116.65000,114.91000,116.16000,396159600
2010-05-11,115.070000,117.36000,114.91000,115.83000,317849800
2010-05-12,116.29000,117.62000,116.089996,117.45000,235607100
2010-05-13,117.13000,117.68000,115.89000,115.99000,234452500
2010-05-14,115.12000,115.33000,112.87000,113.89000,345601400
2010-05-17,114.20000,114.52000,111.77000,113.95000,325739800
2010-05-18,114.88000,115.22000,112.029999,112.40000,360556800
2010-05-19,111.77000,112.77000,110.36000,111.76000,394742700
2010-05-20,109.38000,109.89000,107.47000,107.54000,530418300
2010-05-21,105.91000,109.38000,105.36000,109.11000,500909400
2010-05-24,108.52000,109.39000,107.61000,107.71000,269823000
2010-05-25,105.11000,107.87000,104.38000,107.82000,396505200
2010-05-26,108.48000,109.47000,106.85000,107.17000,349719300
2010-05-27,109.19000,110.80000,108.78000,110.76000,300870500
2010-05-28,110.64000,110.72000,108.85000,109.37000,297933500
2010-06-01,108.35000,109.95000,107.37000,107.53000,277909400
2010-06-02,108.080002,110.34000,107.51000,110.33000,240243700
2010-06-03,110.65000,111.059998,109.58000,110.71000,226618300
2010-06-04,108.61000,109.33000,106.46000,106.82000,398475600
2010-06-07,107.20000,107.61000,105.41000,105.49000,264609100
2010-06-08,105.57000,106.83000,104.65000,106.62000,357774300
2010-06-09,107.24000,108.28000,105.60000,106.050003,268023300
2010-06-10,107.86000,109.28000,106.040001,109.15000,317890600
2010-06-11,108.19000,109.75,108.12000,109.68000,214128200
2010-06-14,110.52000,111.12000,109.40000,109.51000,207196100
2010-06-15,110.28000,112.099998,110.089996,112,238268700
2010-06-16,111.42000,112.42000,111.20000,111.96000,216374000
2010-06-17,112.28000,112.33000,111.050003,112.14000,263185800
2010-06-18,111.83000,112.13000,111.37000,111.73000,174006600
2010-06-21,113.12000,113.20000,110.79000,111.41000,213140700
2010-06-22,111.41000,111.90000,109.41000,109.57000,239355400
2010-06-23,109.64000,110.029999,108.48000,109.23000,254639900
2010-06-24,108.69000,108.83000,107.14000,107.42000,268523600
2010-06-25,107.74000,108.42000,106.77000,107.87000,238726500
2010-06-28,108.029999,108.32000,107.14000,107.53000,169218600
2010-06-29,106.019997,107.51000,103.55000,104.21000,373649500
2010-06-30,103.92000,104.88000,102.88000,103.22000,284101700
2010-07-01,103.15000,103.49000,101.13000,102.76000,382924800
2010-07-02,103.11000,103.42000,101.62000,102.20000,233385200
2010-07-06,103.64000,104.37000,101.88000,102.87000,256935300
2010-07-07,103.13000,106.24000,103.019997,106.11000,253769400
2010-07-08,107,107.28000,105.91000,107.16000,210842100
2010-07-09,107.13000,107.97000,106.93000,107.96000,144999900
2010-07-12,107.60000,108.24000,107.15000,108.029999,131283600
2010-07-13,109.15000,110.089996,108.93000,109.66000,213025900
2010-07-14,109.31000,110.080002,108.86000,109.65000,184426800
2010-07-15,109.61000,110.059998,108.17000,109.68000,232337900
2010-07-16,109.089996,109.21000,106.45000,106.66000,282693400
2010-07-19,107.050003,107.63000,106.22000,107.29000,186709000
2010-07-20,105.87000,108.56000,105.82000,108.48000,258162400
2010-07-21,109.040001,109.070000,106.63000,107.070000,264527000
2010-07-22,108.34000,109.94000,108.33000,109.46000,274781300
2010-07-23,109.24000,110.57000,108.93000,110.41000,222020800
2010-07-26,110.60000,111.67000,110.29000,111.56000,184445700
2010-07-27,112.17000,112.29000,111.11000,111.55000,204855600
2010-07-28,111.32000,111.66000,110.46000,110.83000,163056200
2010-07-29,111.52000,111.82000,109.41000,110.29000,220149100
2010-07-30,109.17000,110.86000,108.98000,110.27000,220070600
2010-08-02,111.99000,112.94000,111.54000,112.76000,188263200
2010-08-03,112.48000,112.77000,111.85000,112.22000,146657300
2010-08-04,112.53000,113.11000,112.16000,112.97000,158171700
2010-08-05,112.25,112.91000,112.080002,112.85000,140473800
2010-08-06,111.74000,112.57000,110.92000,112.39000,239728300
2010-08-09,112.92000,113.18000,112.32000,112.99000,120800400
2010-08-10,112.029999,112.98000,111.37000,112.38000,242916300
2010-08-11,110.65000,110.69000,109.12000,109.30000,273406900
2010-08-12,107.65000,109.019997,107.60000,108.63000,239542600
2010-08-13,108.29000,108.96000,108.18000,108.31000,158698500
2010-08-16,107.57000,108.61000,107.18000,108.26000,147895300
2010-08-17,109.19000,110.39000,108.88000,109.59000,172270300
2010-08-18,109.54000,110.38000,108.91000,109.79000,182922100
2010-08-19,109.22000,109.49000,107.43000,107.88000,265847600
2010-08-20,107.56000,107.94000,106.75,107.53000,209714200
2010-08-23,108.040001,108.57000,107.070000,107.12000,163490300
2010-08-24,105.95000,106.39000,104.97000,105.53000,280677800
2010-08-25,104.95000,106.34000,104.29000,105.94000,272234800
2010-08-26,106.44000,106.58000,104.88000,105.23000,224439500
2010-08-27,105.89000,106.97000,104.31000,106.86000,272649000
2010-08-30,106.58000,106.91000,105.30000,105.31000,167238600
2010-08-31,104.92000,105.98000,104.49000,105.31000,273933100
2010-09-01,106.73000,108.61000,106.66000,108.46000,256828100
2010-09-02,108.72000,109.49000,108.49000,109.47000,156112200
2010-09-03,110.54000,110.99000,109.95000,110.89000,212197300
2010-09-07,110.37000,110.51000,109.55000,109.64000,141973700
2010-09-08,109.86000,110.85000,109.81000,110.41000,149924400
2010-09-09,111.65000,111.68000,110.62000,110.92000,147017900
2010-09-10,111.12000,111.61000,110.87000,111.48000,127819000
2010-09-13,112.58000,112.95000,112.13000,112.72000,178503500
2010-09-14,112.5,113.29000,112.080002,112.65000,209823600
2010-09-15,112.32000,113.21000,111.98000,113.080002,168608400
2010-09-16,112.73000,113.12000,112.35000,113.050003,199962900
2010-09-17,113.040001,113.15000,112.18000,112.49000,195836900
2010-09-20,112.88000,114.46000,112.52000,114.21000,214555200
2010-09-21,114.30000,114.84000,113.51000,113.98000,268389100
2010-09-22,113.80000,114.44000,113.099998,113.42000,191322400
2010-09-23,112.49000,113.67000,112.18000,112.5,202354300
2010-09-24,113.75,114.90000,113.65000,114.82000,209671800
2010-09-27,114.86000,114.99000,114.16000,114.27000,128761800
2010-09-28,114.42000,115.040001,113.18000,114.67000,209207500
2010-09-29,114.38000,114.91000,114.019997,114.47000,179665800
2010-09-30,115.050003,115.79000,113.59000,114.13000,287106700
2010-10-01,114.99000,115.12000,113.93000,114.61000,174638700
2010-10-04,114.37000,114.85000,113.18000,113.75,166153200
2010-10-05,114.80000,116.32000,114.67000,116.040001,229634100
2010-10-06,116.019997,116.33000,115.56000,116.029999,148626600
2010-10-07,116.5,116.53000,115.19000,115.89000,164860000
2010-10-08,116.050003,116.86000,115.61000,116.54000,177760100
2010-10-11,116.72000,116.97000,116.25,116.65000,103098300
2010-10-12,116.27000,117.35000,115.65000,117.010002,182210000
2010-10-13,117.66000,118.55000,117.38000,117.92000,194347200
2010-10-14,117.81000,118.010002,116.72000,117.46000,217764300
2010-10-15,118.28000,118.35000,116.76000,117.70000,243705000
2010-10-18,117.74000,118.67000,117.31000,118.28000,141204800
2010-10-19,117.19000,117.85000,116.019997,116.73000,280604700
2010-10-20,116.94000,118.44000,116.87000,117.87000,200051800
2010-10-21,118.40000,119.089996,117.21000,118.13000,221585500
2010-10-22,118.31000,118.53000,118,118.35000,108212400
2010-10-25,119.14000,119.76000,118.61000,118.70000,151145700
2010-10-26,118.099998,118.84000,117.87000,118.72000,158982900
2010-10-27,117.89000,118.51000,117.26000,118.38000,190024000
2010-10-28,119.059998,119.11000,117.83000,118.40000,168576000
2010-10-29,118.28000,118.72000,118.070000,118.49000,144305500
2010-11-01,119.070000,119.75,117.85000,118.53000,174074800
2010-11-02,119.42000,119.75,119.099998,119.47000,158345900
2010-11-03,119.68000,120.019997,118.45000,119.95000,226702800
2010-11-04,121.28000,122.32000,119.97000,122.26000,215039400
2010-11-05,122.34000,122.92000,122.18000,122.72000,180654100
2010-11-08,122.34000,122.69000,121.94000,122.49000,156107100
2010-11-09,122.82000,122.95000,121.12000,121.61000,186621600
2010-11-10,121.58000,122.16000,120.66000,122.099998,221387400
2010-11-11,121.050003,121.82000,120.68000,121.64000,158017600
2010-11-12,120.82000,121.35000,119.65000,120.20000,239068800
2010-11-15,120.58000,121.050003,119.98000,120.029999,163940800
2010-11-16,119.29000,119.49000,117.59000,118.16000,299566200
2010-11-17,118.21000,118.71000,117.86000,118.22000,172308900
2010-11-18,119.36000,120.39000,119.35000,119.96000,197723700
2010-11-19,119.90000,120.34000,119.25,120.29000,156852900
2010-11-22,119.69000,120.24000,118.77000,120.19000,181361000
2010-11-23,118.77000,119.019997,117.99000,118.45000,222309000
2010-11-24,119.20000,120.23000,119.18000,120.20000,140046100
2010-11-26,119.16000,119.81000,118.80000,118.80000,76007800
2010-11-29,118.5,119.48000,117.74000,119.16000,223642300
2010-11-30,117.98000,119.17000,117.81000,118.49000,233930700
2010-12-01,120.20000,121.24000,120.19000,121.010002,221037200
2010-12-02,121.20000,122.65000,121.13000,122.56000,191213600
2010-12-03,122.14000,123.029999,122.11000,122.89000,151288900
2010-12-06,122.63000,123.040001,122.5,122.76000,103050500
2010-12-07,123.94000,124.010002,122.76000,122.83000,206581000
2010-12-08,122.98000,123.38000,122.41000,123.28000,138019200
2010-12-09,123.97000,124.019997,123.15000,123.76000,123705100
2010-12-10,124.14000,124.60000,123.73000,124.48000,117571700
2010-12-13,125.050003,125.20000,124.52000,124.56000,133812700
2010-12-14,124.75,125.23000,124.29000,124.67000,147249600
2010-12-15,124.44000,124.93000,123.89000,124.099998,160823100
2010-12-16,124.18000,124.91000,123.75,124.82000,185035200
2010-12-17,124.080002,124.46000,123.82000,124.30000,141075300
2010-12-20,124.64000,124.90000,123.98000,124.60000,119085500
2010-12-21,124.99000,125.47000,124.87000,125.39000,94965500
2010-12-22,125.48000,125.82000,125.41000,125.78000,78878100
2010-12-23,125.64000,125.78000,125.29000,125.60000,70053700
2010-12-27,125.13000,125.77000,125.040001,125.65000,58126000
2010-12-28,125.90000,125.95000,125.5,125.83000,55309100
2010-12-29,125.98000,126.20000,125.90000,125.92000,58033100
2010-12-30,125.80000,126.13000,125.53000,125.72000,76616900
2010-12-31,125.53000,125.87000,125.33000,125.75,91218900
2011-01-03,126.71000,127.60000,125.70000,127.050003,138725200
2011-01-04,127.33000,127.37000,126.19000,126.98000,137409700
2011-01-05,126.58000,127.72000,126.46000,127.64000,133975300
2011-01-06,127.69000,127.83000,127.010002,127.39000,122519000
2011-01-07,127.56000,127.77000,126.15000,127.14000,156034600
2011-01-10,126.58000,127.16000,126.20000,126.98000,122401700
2011-01-11,127.44000,127.74000,126.95000,127.43000,110287000
2011-01-12,128.21001,128.72000,127.46000,128.58000,107929200
2011-01-13,128.63000,128.69000,128.050003,128.37000,129048400
2011-01-14,128.19000,129.33000,128.10001,129.30000,117677900
2011-01-18,129.17999,129.64000,129.029999,129.52000,114401300
2011-01-19,129.41000,129.53999,127.91000,128.25,151958400
2011-01-20,127.96000,128.39999,127.13000,128.080002,175745700
2011-01-21,128.88000,129.17000,128.23000,128.37000,151462900
2011-01-24,128.28999,129.25,128.25999,129.10001,113715500
2011-01-25,128.75999,129.28000,128.11000,129.17000,167552200
2011-01-26,129.49001,130.050003,129.23000,129.67000,141281500
2011-01-27,129.70000,130.21001,129.47000,129.99001,123302700
2011-01-28,130.14000,130.35001,127.51000,127.72000,295637300
2011-01-31,128.070007,128.78000,127.75,128.67999,149249200
2011-02-01,129.46001,130.97000,129.38000,130.74001,167194300
2011-02-02,130.39999,130.84000,130.33000,130.49001,118323600
2011-02-03,130.25999,130.98000,129.57001,130.78000,145886700
2011-02-04,130.83000,131.20000,130.23000,131.14999,134634800
2011-02-07,131.44000,132.39999,131.42999,131.97000,112439100
2011-02-08,132.089996,132.64000,131.73000,132.57001,99072800
2011-02-09,132.21001,132.63000,131.61000,132.27000,146436700
2011-02-10,131.60001,132.47000,131.30000,132.32001,162708500
2011-02-11,131.80000,133.28000,131.77000,133.11000,137710300
2011-02-14,133.029999,133.53999,132.88000,133.42999,101690700
2011-02-15,133.020004,133.22000,132.32001,133.0099945,119575400
2011-02-16,133.46001,134.0099945,133.19000,133.85001,130183500
2011-02-17,133.46001,134.42999,133.34000,134.25,109810500
2011-02-18,134.37000,134.69000,134.059998,134.53000,130002400
2011-02-22,133.12000,134.56000,131.47000,131.83000,233116400
2011-02-23,131.75,132.070007,130.21001,131.020004,227584000
2011-02-24,130.88000,131.44000,129.70000,130.92999,260431400
2011-02-25,131.48000,132.41000,131.39999,132.33000,141686900
2011-02-28,132.82001,133.32001,132.38000,133.14999,141585500
2011-03-01,133.57001,133.69000,130.89000,130.92999,258565500
2011-03-02,130.75,131.82001,130.35001,131.21001,200277400
2011-03-03,132.39999,133.62000,132.39000,133.47000,176480100
2011-03-04,133.37000,133.63000,131.60001,132.47000,277202300
2011-03-07,132.86000,133.16000,130.74001,131.42999,216790400
2011-03-08,131.64000,133,131.070007,132.58000,174615000
2011-03-09,132.32001,132.80000,131.60001,132.39000,153806000
2011-03-10,131,131.17999,129.81000,129.94000,301291800
2011-03-11,129.52000,131.31000,129.49001,130.84000,225621800
2011-03-14,129.99001,130.48000,129.059998,130.050003,234974100
2011-03-15,126.59000,129.33000,126.5,128.56000,359585400
2011-03-16,128.14999,128.57001,125.28000,126.18000,468670300
2011-03-17,128,128.39000,127.099998,127.85000,254303700
2011-03-18,128.84000,128.88000,127.51000,127.76000,230435400
2011-03-21,129.35001,130.0099945,129.20000,129.74001,153992600
2011-03-22,129.72000,129.89000,129.17000,129.28999,129538600
2011-03-23,128.92999,130,128.32001,129.66000,148603100
2011-03-24,130.39999,131.089996,129.67000,130.89999,159129800
2011-03-25,131.24001,131.87000,130.89000,131.30000,155642800
2011-03-28,131.58000,131.92000,130.94000,130.98000,109762400
2011-03-29,130.87000,131.89999,130.44000,131.86000,129798800
2011-03-30,132.55000,133.16000,132.36000,132.77000,135835000
2011-03-31,132.60001,132.96001,132.45000,132.59000,132537100
2011-04-01,133.41000,133.77000,132.83000,133.14999,153850100
2011-04-04,133.42999,133.67000,132.88000,133.25999,100768900
2011-04-05,133,133.83000,132.94000,133.24001,120791500
2011-04-06,133.88000,134,133.12000,133.66000,120411600
2011-04-07,133.42000,133.98000,132.66000,133.32001,170731500
2011-04-08,133.91000,133.99001,132.31000,132.86000,147945400
2011-04-11,133,133.45000,132.14000,132.46001,121385400
2011-04-12,131.72000,131.98000,130.99001,131.47000,161187400
2011-04-13,132.080002,132.17999,130.96001,131.46001,162059000
2011-04-14,130.70000,131.75999,130.27000,131.56000,161220400
2011-04-15,131.80000,132.37000,131.41000,132.039993,170006700
2011-04-18,130.59000,132.029999,129.50999,130.56000,210759300
2011-04-19,130.75999,131.35001,130.44000,131.31000,124258800
2011-04-20,132.88000,133.39000,132.78999,133.10001,156133800
2011-04-21,133.78999,133.84000,133.10001,133.78000,135935400
2011-04-25,133.67999,133.86000,133.20000,133.64000,65757100
2011-04-26,134.050003,135.059998,133.91000,134.78999,146600000
2011-04-27,135.050003,135.87000,134.5,135.67000,143031000
2011-04-28,135.42999,136.28999,135.41000,136.11000,124791100
2011-04-29,136.16000,136.57001,135.98000,136.42999,115094100
2011-05-02,137.070007,137.17999,135.95000,136.22000,126278700
2011-05-03,135.96001,136.19000,135.039993,135.73000,138375000
2011-05-04,135.67000,135.73000,134.23000,134.83000,182678500
2011-05-05,134.080002,134.95000,133.020004,133.61000,226900000
2011-05-06,134.94000,135.63000,133.67999,134.20000,222787200
2011-05-09,134.19000,135.11000,133.98000,134.72000,114104500
2011-05-10,135.17000,136.11000,135,135.87000,114806900
2011-05-11,135.67000,135.69000,133.82001,134.44000,193564200
2011-05-12,134.080002,135.36000,133.39000,135.080002,171550700
2011-05-13,135.14999,135.34000,133.56000,134.039993,157444900
2011-05-16,133.56000,134.61000,132.97000,133.19000,141675400
2011-05-17,132.69000,133.35001,132.12000,133.17000,192686200
2011-05-18,133.24001,134.5,132.95000,134.36000,135217900
2011-05-19,134.80000,135.029999,133.94000,134.67999,119489500
2011-05-20,134.33000,134.67999,133.36000,133.61000,182594900
2011-05-23,131.98000,132.72000,131.59000,132.059998,168700000
2011-05-24,132.44000,132.73000,131.70000,131.95000,147199600
2011-05-25,131.42000,132.94000,131.38000,132.39000,151050100
2011-05-26,132.029999,133.24001,131.78000,133,164850000
2011-05-27,133.37000,133.87000,132.96001,133.50999,120921900
2011-05-31,134.77000,134.92000,133.84000,134.89999,164731200
2011-06-01,134.50999,134.92000,131.75999,131.87000,233094300
2011-06-02,131.96001,132.24001,130.96001,131.73000,200466800
2011-06-03,130.14999,131.42000,130.080002,130.42000,234690200
2011-06-06,130.089996,130.36000,128.87000,129.039993,179951200
2011-06-07,129.70000,130.070007,128.85001,128.96001,161660500
2011-06-08,128.75999,129.19000,128.17999,128.42000,198696400
2011-06-09,128.77000,129.92999,128.46001,129.39999,160964400
2011-06-10,128.85001,128.92999,127.26000,127.60000,238629400
2011-06-13,127.89000,128.24001,127.050003,127.70000,207599800
2011-06-14,128.87000,129.77000,128.82001,129.32001,160570400
2011-06-15,128.24001,129.30000,126.68000,127.019997,300958000
2011-06-16,127.059998,127.97000,126.32000,127.30000,308032800
2011-06-17,127.93000,127.94000,126.62000,127.050003,233284900
2011-06-20,126.62000,127.97000,126.58000,127.70000,159479000
2011-06-21,128.36000,129.70000,127.75,129.45000,193157300
2011-06-22,129.050003,129.81000,128.59000,128.67000,176703000
2011-06-23,127.16000,128.64000,126.19000,128.30000,334286500
2011-06-24,128.27000,128.37000,126.62000,126.81000,226129300
2011-06-27,126.89000,128.42999,126.64000,127.94000,168904700
2011-06-28,128.45000,129.63000,128.27000,129.61000,165556300
2011-06-29,130.20000,130.92999,129.63000,130.72000,244295500
2011-06-30,131.14000,132.17999,130.71001,131.97000,223322700
2011-07-01,132.089996,134.10001,131.78000,133.92000,202385700
2011-07-05,133.78000,134.080002,133.39000,133.81000,165936000
2011-07-06,133.49001,134.14000,133.11000,133.97000,143331600
2011-07-07,135.16000,135.70000,134.88000,135.36000,170464200
2011-07-08,133.83000,135.36000,133.39000,134.39999,194100500
2011-07-11,132.75,133.17999,131.66000,131.97000,195918600
2011-07-12,131.69000,132.78000,131.36000,131.39999,214675700
2011-07-13,132.089996,133.22000,131.52000,131.84000,204062600
2011-07-14,132.17000,132.78000,130.67999,130.92999,226111800
2011-07-15,131.66000,131.87000,130.77000,131.69000,220012800
2011-07-18,131.080002,131.28000,129.63000,130.61000,196872100
2011-07-19,131.34000,132.89000,131.31000,132.73000,166554900
2011-07-20,133.070007,133.14999,132.42000,132.64999,137145400
2011-07-21,133.39999,134.82001,132.67000,134.49001,245246300
2011-07-22,134.52000,134.72000,133.75999,134.58000,126019400
2011-07-25,133.30000,134.49001,133.16000,133.83000,136653800
2011-07-26,133.74001,133.96001,133.029999,133.33000,131278200
2011-07-27,132.59000,132.63000,130.42999,130.60001,249020100
2011-07-28,130.60001,131.77000,130.0099945,130.22000,207939900
2011-07-29,128.91000,130.55000,127.97000,129.33000,307038400
2011-08-01,130.84000,130.96001,127.53000,128.78000,325790900
2011-08-02,127.81000,128.5,125.49000,125.49000,346653800
2011-08-03,125.66000,126.31000,123.53000,126.17000,370830800
2011-08-04,124.42000,124.62000,120.059998,120.26000,520721800
2011-08-05,121.76000,122.070000,116.86000,120.080002,655619200
2011-08-08,116.91000,120.12000,112.019997,112.26000,702263900
2011-08-09,114.070000,117.64000,110.27000,117.48000,717828700
2011-08-10,115.26000,116.28000,111.95000,112.29000,662607400
2011-08-11,113.26000,118.92000,112.32000,117.33000,487979700
2011-08-12,118.40000,119.21000,117.28000,118.12000,313731600
2011-08-15,119.19000,120.74000,119,120.62000,258810600
2011-08-16,119.47000,120.69000,118.31000,119.59000,294095200
2011-08-17,120.25,121.20000,118.72000,119.67000,238201100
2011-08-18,116.5,119.71000,113.39000,114.51000,512956300
2011-08-19,112.96000,115.88000,112.5,112.64000,428281300
2011-08-22,115.17000,115.23000,112.41000,112.73000,275090600
2011-08-23,113.15000,116.57000,112.58000,116.44000,331136600
2011-08-24,116.19000,118.24000,115.92000,118.080002,246869700
2011-08-25,118.73000,119.40000,115.87000,116.28000,312365400
2011-08-26,115.69000,118.51000,113.85000,117.97000,314495900
2011-08-29,119.56000,121.43000,118.059998,121.36000,190977200
2011-08-30,120.83000,122.43000,119.26000,121.68000,241315700
2011-08-31,122.46000,123.51000,121.30000,122.22000,301828400
2011-09-01,122.29000,123.40000,120.78000,120.94000,254585900
2011-09-02,118.42000,120.87000,117.43000,117.85000,255517200
2011-09-06,114.39000,117.16000,114.38000,116.99000,285130500
2011-09-07,118.76000,120.34000,118.36000,120.29000,209803200
2011-09-08,119.57000,120.94000,118.77000,119.040001,250568200
2011-09-09,117.68000,119.059998,115.28000,115.92000,380195100
2011-09-12,114.47000,116.76000,114.050003,116.67000,305793500
2011-09-13,117.050003,118.18000,116.22000,117.74000,272514700
2011-09-14,118.34000,120.80000,116.72000,119.37000,319389500
2011-09-15,120.65000,121.47000,119.40000,121.43000,326777200
2011-09-16,121.29000,121.97000,120.32000,121.52000,284528300
2011-09-19,119.53000,120.93000,118.72000,120.31000,241517000
2011-09-20,120.82000,121.99000,120.010002,120.17000,218932200
2011-09-21,120.23000,120.60000,116.44000,116.63000,316251300
2011-09-22,113.25,114.21000,111.30000,112.86000,513911300
2011-09-23,112.11000,114.16000,112.019997,113.54000,307242500
2011-09-26,114.61000,116.40000,112.98000,116.24000,260673700
2011-09-27,118.53000,119.56000,116.84000,117.54000,311753900
2011-09-28,117.78000,118.49000,114.97000,115.14000,286696800
2011-09-29,117.050003,117.63000,113.93000,116.050003,298108900
2011-09-30,114.45000,115.45000,113.070000,113.15000,288392300
2011-10-03,112.49000,113.95000,109.81000,109.93000,365136800
2011-10-04,108.35000,112.58000,107.43000,112.34000,459177500
2011-10-05,112.62000,114.72000,111.58000,114.42000,284108000
2011-10-06,114.36000,116.66000,113.51000,116.49000,257800800
2011-10-07,117.17000,117.25,115.059998,115.71000,312657900
2011-10-10,117.68000,119.63000,117.67000,119.58000,230666300
2011-10-11,118.87000,120.040001,118.75,119.70000,209088000
2011-10-12,120.60000,122.14000,120.33000,120.75,281544900
2011-10-13,120.040001,120.87000,119.12000,120.51000,212538800
2011-10-14,121.91000,122.60000,121.23000,122.57000,211397600
2011-10-17,121.99000,122.55000,119.93000,120.23000,202311600
2011-10-18,120.14000,123.5,119.20000,122.58000,318857900
2011-10-19,122.38000,123.080002,120.71000,121.13000,226601300
2011-10-20,121.43000,122.099998,119.82000,121.66000,262075600
2011-10-21,123.089996,124.12000,122.72000,123.97000,278999400
2011-10-24,124.17000,125.80000,124.059998,125.49000,203215600
2011-10-25,124.89000,124.95000,122.78000,123.050003,268596800
2011-10-26,124.35000,124.77000,122.21000,124.30000,289053800
2011-10-27,127.63000,129.42000,126.61000,128.63000,393220200
2011-10-28,128,128.85001,127.80000,128.60001,225906500
2011-10-31,127.16000,128.62000,125.32000,125.5,228146700
2011-11-01,122.029999,123.51000,121.52000,122,416565800
2011-11-02,123.83000,124.40000,122.79000,123.99000,244717600
2011-11-03,125.27000,126.5,123.60000,126.25,291174800
2011-11-04,125.23000,125.70000,124.010002,125.48000,249401600
2011-11-07,125.39000,126.39000,124.20000,126.26000,196617200
2011-11-08,126.92000,128.020004,125.71000,127.88000,224426300
2011-11-09,124.89000,125.80000,122.86000,123.16000,337982000
2011-11-10,124.79000,124.94000,123.019997,124.32000,231866500
2011-11-11,125.83000,126.99000,125.79000,126.66000,189924400
2011-11-14,126.19000,127.45000,124.92000,125.46000,159258300
2011-11-15,125.17000,126.75,124.72000,126.080002,184709400
2011-11-16,124.81000,126.34000,123.90000,124.080002,235782500
2011-11-17,123.85000,124.16000,121.23000,122.11000,331219600
2011-11-18,122.5,122.75,121.47000,121.98000,215580400
2011-11-21,120.20000,120.35000,118.65000,119.66000,229611600
2011-11-22,119.40000,120.099998,118.52000,119.19000,216494900
2011-11-23,118.070000,119.19000,116.56000,116.56000,224329100
2011-11-25,116.38000,117.70000,116.20000,116.34000,99557000
2011-11-28,119.54000,120.18000,118.82000,119.71000,210686000
2011-11-29,120.050003,121,119.61000,120.050003,199241500
2011-11-30,123.49000,125.22000,120,124.99000,324439500
2011-12-01,124.85000,125.64000,124.43000,124.97000,176954800
2011-12-02,126.12000,126.5,124.78000,124.86000,221109700
2011-12-05,126.84000,127.18000,125.44000,126.22000,225263900
2011-12-06,126.21000,127.11000,125.76000,126.26000,178842100
2011-12-07,125.84000,127.26000,124.97000,126.73000,237802500
2011-12-08,125.90000,126.18000,123.65000,123.95000,240862800
2011-12-09,124.51000,126.37000,124.40000,126.050003,209111400
2011-12-12,124.95000,124.97000,123.16000,124.21000,215826100
2011-12-13,124.86000,125.57000,122.45000,123.050003,245159800
2011-12-14,122.56000,123.029999,121.47000,121.74000,238618800
2011-12-15,123.029999,123.20000,121.99000,122.18000,199109200
2011-12-16,122.23000,122.95000,121.30000,121.59000,220481400
2011-12-19,122.059998,122.32000,120.029999,120.29000,183903000
2011-12-20,122.18000,124.14000,120.37000,123.93000,225418100
2011-12-21,123.93000,124.36000,122.75,124.17000,194230900
2011-12-22,124.63000,125.40000,124.23000,125.27000,119465400
2011-12-23,125.67000,126.43000,125.41000,126.39000,92187200
2011-12-27,126.17000,126.82000,126.059998,126.49000,86075700
2011-12-28,126.51000,126.53000,124.73000,124.83000,119107100
2011-12-29,125.24000,126.25,124.86000,126.12000,123507200
2011-12-30,126.019997,126.33000,125.5,125.5,95599000
2012-01-03,127.76000,128.38000,127.43000,127.5,193697900
2012-01-04,127.20000,127.81000,126.71000,127.70000,127186500
2012-01-05,127.010002,128.23000,126.43000,128.039993,173895000
2012-01-06,128.20000,128.22000,127.29000,127.71000,148050000
2012-01-09,128,128.17999,127.41000,128.020004,99530200
2012-01-10,129.39000,129.64999,128.95000,129.13000,115282000
2012-01-11,128.73000,129.37000,128.52000,129.20000,111540700
2012-01-12,129.57001,129.70000,128.53999,129.50999,118983700
2012-01-13,128.64000,129.050003,127.72000,128.84000,179836200
2012-01-17,130.080002,130.32001,128.89999,129.34000,132209200
2012-01-18,129.31000,130.84000,129.080002,130.77000,163395200
2012-01-19,131.22000,131.57001,130.80000,131.46001,126328900
2012-01-20,131.24001,131.95000,130.92000,131.95000,138230200
2012-01-23,131.50999,132.25,130.98000,131.61000,129295800
2012-01-24,130.80000,131.5,130.60001,131.46001,103083300
2012-01-25,131.25999,132.87000,130.75,132.56000,198613200
2012-01-26,133.14999,133.39999,131.36000,131.88000,184880500
2012-01-27,131.24001,132.050003,131.14999,131.82001,135259100
2012-01-30,130.50999,131.44000,130.059998,131.37000,147311800
2012-01-31,132.020004,132.17999,130.67999,131.32001,157212000
2012-02-01,132.28999,133.14000,132.13000,132.47000,166234500
2012-02-02,132.73000,133.020004,132.21001,132.67999,113090400
2012-02-03,134,134.62000,133.77000,134.53999,160598500
2012-02-06,133.98000,134.50999,133.83000,134.45000,107694500
2012-02-07,134.17000,135.020004,133.64000,134.78999,135528100
2012-02-08,134.86000,135.22000,134.31000,135.19000,139361400
2012-02-09,135.41000,135.59000,134.56000,135.36000,148602900
2012-02-10,134.16000,134.47000,133.84000,134.36000,167907500
2012-02-13,135.32001,135.52000,134.74001,135.36000,115841900
2012-02-14,135,135.27000,134.25,135.19000,165329500
2012-02-15,135.63000,135.83000,134.28999,134.56000,195195100
2012-02-16,134.57001,136.17000,134.33000,136.050003,186567800
2012-02-17,136.52000,136.63000,135.96001,136.41000,129869400
2012-02-21,136.73000,137.050003,136.050003,136.47000,134042300
2012-02-22,136.25999,136.55000,135.78999,136.029999,124455300
2012-02-23,135.96001,136.73000,135.5,136.63000,137704300
2012-02-24,136.92999,137.20000,136.63000,136.92999,105539100
2012-02-27,136.020004,137.53000,135.80000,137.16000,145728900
2012-02-28,137.20000,137.72000,136.92999,137.56000,129355900
2012-02-29,137.75999,138.19000,136.53999,137.020004,185934700
2012-03-01,137.31000,137.99001,136.92999,137.73000,145023500
2012-03-02,137.64000,137.82001,137,137.31000,120638300
2012-03-05,137.10001,137.20000,136.28000,136.75,140765000
2012-03-06,135.35001,135.42999,134.36000,134.75,202129900
2012-03-07,135.059998,135.91000,134.92999,135.69000,143692200
2012-03-08,136.52000,137.32001,136.24001,137.039993,116968900
2012-03-09,137.30000,137.92999,137.13000,137.57001,122836800
2012-03-12,137.55000,137.75999,137.089996,137.58000,104003500
2012-03-13,138.32001,140.13000,138.089996,140.059998,184090500
2012-03-14,140.10001,140.45000,139.48000,139.91000,145163600
2012-03-15,140.12000,140.78000,139.75999,140.72000,165118500
2012-03-16,140.36000,140.48000,140,140.30000,152893500
2012-03-19,140.21001,141.28000,140.11000,140.85001,125291100
2012-03-20,140.050003,140.61000,139.64000,140.44000,121729700
2012-03-21,140.52000,140.64999,139.92000,140.21001,122388400
2012-03-22,139.17999,139.55000,138.74001,139.20000,135216700
2012-03-23,139.32001,139.81000,138.55000,139.64999,120521000
2012-03-26,140.64999,141.61000,140.60001,141.61000,120164000
2012-03-27,141.74001,141.83000,141.080002,141.17000,119868500
2012-03-28,141.10001,141.32001,139.64000,140.47000,148562100
2012-03-29,139.64000,140.49001,139.089996,140.23000,164963700
2012-03-30,140.92000,141.050003,140.050003,140.81000,135486800
2012-04-02,140.64000,142.21001,140.36000,141.84000,151741100
2012-04-03,141.64000,141.88000,140.42999,141.25999,155806700
2012-04-04,140.22000,140.34000,139.34000,139.86000,146896000
2012-04-05,139.38000,140.20000,139.25999,139.78999,137439400
2012-04-09,138.029999,139.84000,137.84000,138.22000,127555900
2012-04-10,137.95000,138.34000,135.75999,135.89999,235360300
2012-04-11,137.28999,137.53999,136.75,137,154133000
2012-04-12,137.13000,138.89999,137.029999,138.78999,154321500
2012-04-13,138.47000,138.82001,137.0099945,137.14000,169246700
2012-04-16,137.84000,138.039993,136.58000,137.050003,147825300
2012-04-17,137.84000,139.36000,137.70000,139.080002,147877600
2012-04-18,138.46001,139.080002,138.38000,138.61000,123884200
2012-04-19,138.63000,139.14999,137.070007,137.72000,198666700
2012-04-20,138.33000,138.83000,137.87000,137.95000,143199600
2012-04-23,136.53999,136.91000,135.94000,136.78999,171844900
2012-04-24,136.91000,137.66000,136.80000,137.31000,137484200
2012-04-25,138.64999,139.25,138.53000,139.19000,150252200
2012-04-26,138.89000,140.32001,138.81000,140.16000,136291600
2012-04-27,140.58000,140.78999,139.80000,140.39000,130725000
2012-04-30,140.11000,140.21001,139.49001,139.87000,115092200
2012-05-01,139.78999,141.66000,139.63000,140.74001,138832200
2012-05-02,139.92000,140.46001,139.46001,140.32001,121081000
2012-05-03,140.34000,140.45000,138.99001,139.25,143759700
2012-05-04,138.52000,139.30000,136.92000,137,193927300
2012-05-07,136.50999,137.56000,136.46001,137.10001,127765900
2012-05-08,136.28000,136.77000,134.92000,136.55000,213377700
2012-05-09,135.10001,136.61000,134.49001,135.74001,220752500
2012-05-10,136.67999,136.85001,135.71001,136.020004,150600000
2012-05-11,135.17000,136.87000,135.11000,135.61000,153032400
2012-05-14,134.31000,135.61000,133.91000,134.11000,163910000
2012-05-15,134.020004,134.81000,133.13000,133.34000,207629300
2012-05-16,133.94000,134.55000,132.80000,132.83000,207265500
2012-05-17,132.86000,133.020004,130.78999,130.86000,247992900
2012-05-18,131.37000,131.60001,129.55000,129.74001,319615900
2012-05-21,130.16000,132.020004,129.95000,131.97000,177861100
2012-05-22,132.31000,133.23000,131.34000,132.20000,197531200
2012-05-23,131.25,132.46001,129.99001,132.27000,204958400
2012-05-24,132.63000,132.84000,131.42000,132.53000,167357600
2012-05-25,132.48000,132.85001,131.78000,132.10001,135465600
2012-05-29,133.16000,133.92999,131.17000,133.70000,152883500
2012-05-30,132.56000,133.69000,131.49001,131.75999,162370400
2012-05-31,131.71001,132.45000,130.34000,131.47000,196186000
2012-06-01,129.41000,131.5,128.16000,128.16000,253240900
2012-06-04,128.39000,128.74001,127.14000,128.10001,202545800
2012-06-05,127.85000,129.25999,127.78000,129.070007,164149400
2012-06-06,129.97000,132.029999,129.92999,131.97000,184202800
2012-06-07,133.47000,133.53000,131.78000,132.050003,184772700
2012-06-08,131.71001,133.13000,131.28999,133.10001,143915400
2012-06-11,134.17000,134.25,131.28000,131.41000,169756100
2012-06-12,131.78999,133.0099945,131.16000,132.92000,181931800
2012-06-13,132.53000,133.36000,131.62000,132.070007,172223900
2012-06-14,132.34000,134,131.98000,133.47000,230615500
2012-06-15,133.38000,134.25999,133.10001,134.14000,169444500
2012-06-18,133.58000,134.73000,133.28000,134.39999,131360900
2012-06-19,135.080002,136.25,134.37000,135.70000,137382600
2012-06-20,135.71001,136.10001,134.27000,135.48000,206451800
2012-06-21,135.64000,135.78000,132.33000,132.44000,205272200
2012-06-22,133.13000,133.71001,132.62000,133.46001,130029200
2012-06-25,132.050003,132.10001,130.85001,131.32001,146375700
2012-06-26,131.70000,132.38000,130.92999,131.98000,141634000
2012-06-27,132.42000,133.42999,131.97000,133.17000,108088000
2012-06-28,132.28999,132.99001,131.28000,132.78999,169242100
2012-06-29,135.20000,136.27000,134.85001,136.10001,212250900
2012-07-02,136.48000,136.64999,135.52000,136.50999,129524500
2012-07-03,136.48000,137.50999,136.34000,137.41000,80450000
2012-07-05,136.89999,137.80000,136.28999,136.78999,126177500
2012-07-06,135.47000,135.77000,134.85001,135.49001,151192100
2012-07-09,135.38000,135.57001,134.70000,135.32001,103780500
2012-07-10,136.0099945,136.23000,133.67999,134.14000,167884800
2012-07-11,134.21001,134.60001,133.38000,134.16000,141733400
2012-07-12,133.38000,134.23000,132.60001,133.50999,143583200
2012-07-13,133.86000,135.89000,133.84000,135.75,129642600
2012-07-16,135.44000,135.83000,134.89999,135.42999,97525200
2012-07-17,135.97000,136.64000,134.55000,136.36000,138860300
2012-07-18,136.039993,137.64000,135.96001,137.37000,113349700
2012-07-19,137.64999,138.17999,137.21001,137.73000,129847300
2012-07-20,136.95000,137.16000,136.32001,136.47000,142904500
2012-07-23,134.47000,136.38000,133.84000,135.089996,145210900
2012-07-24,135.19000,135.25,133.029999,133.92999,173301200
2012-07-25,134.21001,134.56000,133.25,133.96001,129122300
2012-07-26,135.89000,136.46001,135.25999,136.17000,156526500
2012-07-27,136.89000,139.070007,136.14000,138.67999,236768900
2012-07-30,138.52000,139.34000,138.27000,138.67999,106782000
2012-07-31,138.49001,138.87000,137.71001,137.71001,120575900
2012-08-01,138.70000,138.73000,137.39999,137.59000,138293800
2012-08-02,136.55000,137.57001,135.58000,136.64000,199556600
2012-08-03,138.56000,139.64000,136.67999,139.35001,157825000
2012-08-06,139.72000,140.17000,139.56000,139.62000,86326200
2012-08-07,140.17999,140.92000,140.029999,140.32001,109545100
2012-08-08,139.85001,140.64999,139.81000,140.49001,89754700
2012-08-09,140.28999,140.89000,140.14999,140.61000,90291700
2012-08-10,140.039993,140.89000,139.81000,140.84000,99792700
2012-08-13,140.60001,140.84000,140.039993,140.77000,79426900
2012-08-14,141.28999,141.38000,140.37000,140.78999,102379400
2012-08-15,140.64000,141.19000,140.55000,140.95000,71085900
2012-08-16,141.14999,142.16000,140.80000,141.99001,112014200
2012-08-17,142.23000,142.30000,141.86000,142.17999,90813700
2012-08-20,141.98000,142.22000,141.59000,142.19000,78255700
2012-08-21,142.53999,143.089996,141.45000,141.75999,105581100
2012-08-22,141.39999,142.050003,141.070007,141.82001,133243500
2012-08-23,141.47000,141.48000,140.44000,140.66000,111466400
2012-08-24,140.31000,141.83000,140.22000,141.50999,99481200
2012-08-27,141.89000,142.080002,141.34000,141.53999,68785900
2012-08-28,141.17999,141.84000,140.97000,141.39999,75689600
2012-08-29,141.52000,141.89000,141.12000,141.50999,65421300
2012-08-30,140.89999,140.94000,140.19000,140.49001,96589900
2012-08-31,141.28999,141.82001,140.36000,141.16000,151970400
2012-09-04,141.039993,141.46001,140.13000,141.029999,120226200
2012-09-05,141.089996,141.47000,140.63000,140.91000,100660300
2012-09-06,141.75999,143.78000,141.75,143.77000,158272500
2012-09-07,144.0099945,144.39000,143.88000,144.33000,107272100
2012-09-10,144.19000,144.44000,143.46001,143.50999,86458500
2012-09-11,143.60001,144.37000,143.56000,143.91000,88760000
2012-09-12,144.39000,144.55000,143.89999,144.39000,87640900
2012-09-13,144.37000,147.039993,143.99001,146.59000,225470200
2012-09-14,146.88000,148.11000,146.75999,147.24001,169777000
2012-09-17,146.94000,147.19000,146.37000,146.74001,119427800
2012-09-18,146.49001,146.81000,146.25,146.62000,98326600
2012-09-19,146.78999,147.17000,146.41000,146.70000,128318300
2012-09-20,146.029999,146.78999,145.63000,146.71001,154009800
2012-09-21,146.64000,146.67000,145.81000,145.87000,108737500
2012-09-24,145.14999,145.98000,145.039993,145.64999,95682000
2012-09-25,145.96001,146.24001,144.059998,144.10001,133165200
2012-09-26,144.070007,144.11000,142.95000,143.28999,146502200
2012-09-27,143.89000,144.97000,143.50999,144.64000,111830300
2012-09-28,144.089996,144.56000,143.46001,143.97000,150696100
2012-10-01,144.52000,145.69000,144.0099945,144.35001,135911200
2012-10-02,144.92000,145.14999,143.83000,144.5,113422200
2012-10-03,144.89000,145.42999,144.13000,145.089996,121283100
2012-10-04,145.64000,146.34000,145.44000,146.13000,124311600
2012-10-05,146.91000,147.16000,145.70000,146.14000,124842100
2012-10-08,145.60001,146.12000,145.31000,145.64000,78415400
2012-10-09,145.53000,145.64999,144.14999,144.20000,148872900
2012-10-10,144.17999,144.32001,143.089996,143.28000,124247500
2012-10-11,144.28000,144.49001,143.33000,143.36000,123601500
2012-10-12,143.46001,143.95000,142.58000,142.89000,124181900
2012-10-15,143.23000,144.23000,142.77000,144.080002,107689100
2012-10-16,144.75999,145.64000,144.66000,145.53999,108815500
2012-10-17,145.64000,146.32001,145.42000,146.20000,128834100
2012-10-18,145.82001,146.52000,145.33000,145.82001,148108500
2012-10-19,145.55000,145.56000,143.050003,143.39000,185645200
2012-10-22,143.14999,143.67000,142.28000,143.41000,125578600
2012-10-23,141.86000,142.059998,140.83000,141.42000,192056300
2012-10-24,141.92999,142.10001,140.80000,141.020004,120179400
2012-10-25,142.020004,142.28000,140.57001,141.42999,134457400
2012-10-26,141.30000,141.84000,140.39000,141.35001,146023500
2012-10-31,141.85001,142.029999,140.67999,141.35001,103438500
2012-11-01,141.64999,143.0099945,141.52000,142.83000,100995600
2012-11-02,143.67999,143.72000,141.41000,141.56000,137702200
2012-11-05,141.35001,142.17000,140.92999,141.85001,98378500
2012-11-06,142.28000,143.52000,142.13000,142.96001,107068100
2012-11-07,141.66000,141.67999,139.059998,139.72000,264304500
2012-11-08,139.70000,140.41000,137.92999,138.039993,181517300
2012-11-09,137.62000,139.44000,137.55000,138.16000,201055300
2012-11-12,138.59000,138.81000,137.96001,138.27000,97677500
2012-11-13,137.53999,139.25,137.36000,137.78999,123018300
2012-11-14,138.21001,138.42999,135.62000,135.92999,191505000
2012-11-15,135.98000,136.49001,135.17999,135.70000,178128400
2012-11-16,135.89999,136.64000,134.70000,136.37000,239483900
2012-11-19,137.89999,139.14999,136.41000,139.13000,151495800
2012-11-20,138.91000,139.42000,138.080002,139.19000,119807400
2012-11-21,139.31000,139.57001,139.029999,139.45000,81710800
2012-11-23,140.13000,141.39999,140.039993,141.35001,65409200
2012-11-26,140.64999,141.36000,140.19000,141.050003,100124400
2012-11-27,140.91000,141.39000,140.24001,140.33000,128646200
2012-11-28,139.75999,141.53999,139,141.46001,177086500
2012-11-29,141.99001,142.50999,141.37000,142.12000,151085900
2012-11-30,142.14000,142.42000,141.66000,142.14999,136568300
2012-12-03,142.80000,142.92000,141.34000,141.45000,124656300
2012-12-04,141.44000,141.87000,140.87000,141.25,127512200
2012-12-05,141.37000,142.16000,140.37000,141.5,147300500
2012-12-06,141.37000,142.039993,141.16000,141.98000,103220600
2012-12-07,142.53000,142.69000,141.67000,142.41000,108726400
2012-12-10,142.21001,142.81000,142.14999,142.47000,98840700
2012-12-11,143.059998,144.11000,142.99001,143.44000,152570400
2012-12-12,144,144.55000,143.31000,143.50999,145880100
2012-12-13,143.42000,143.83000,142.27000,142.63000,135715000
2012-12-14,142.32001,142.58000,141.88000,142.10001,137701700
2012-12-17,142.47000,143.85001,142.42999,143.77000,143238200
2012-12-18,144,145.5,143.78999,145.37000,177762800
2012-12-19,145.53000,145.58000,144.24001,144.28999,150895400
2012-12-20,144.38000,145.14000,143.98000,145.12000,168487000
2012-12-21,142.17000,144.089996,141.94000,142.78999,245883800
2012-12-24,142.48000,142.56000,142.19000,142.35001,53874600
2012-12-26,142.64000,142.71001,141.35001,141.75,106947700
2012-12-27,141.78999,142.080002,139.92000,141.56000,167920600
2012-12-28,140.64000,141.42000,139.87000,140.029999,148806700
2012-12-31,139.66000,142.56000,139.53999,142.41000,243935200
2013-01-02,145.11000,146.14999,144.73000,146.059998,192059000
2013-01-03,145.99001,146.37000,145.34000,145.73000,144761800
2013-01-04,145.97000,146.61000,145.67000,146.37000,116817700
2013-01-07,145.85001,146.11000,145.42999,145.97000,110002500
2013-01-08,145.71001,145.91000,144.98000,145.55000,121265100
2013-01-09,145.87000,146.32001,145.64000,145.92000,90745600
2013-01-10,146.73000,147.089996,145.97000,147.080002,130735400
2013-01-11,147.039993,147.14999,146.61000,147.070007,113917300
2013-01-14,146.89000,147.070007,146.42999,146.97000,89567200
2013-01-15,146.28999,147.21001,146.20000,147.070007,93172600
2013-01-16,146.77000,147.28000,146.61000,147.050003,104849500
2013-01-17,147.70000,148.42000,147.14999,148,133833500
2013-01-18,147.97000,148.49001,147.42999,148.33000,169906000
2013-01-22,148.33000,149.13000,147.98000,149.13000,111797300
2013-01-23,149.13000,149.5,148.86000,149.37000,104596100
2013-01-24,149.14999,150.14000,149.0099945,149.41000,146426400
2013-01-25,149.88000,150.25,149.37000,150.25,147211600
2013-01-28,150.28999,150.33000,149.50999,150.070007,113357700
2013-01-29,149.77000,150.85001,149.67000,150.66000,105694400
2013-01-30,150.64000,150.94000,149.92999,150.070007,137447700
2013-01-31,149.89000,150.38000,149.60001,149.70000,108975800
2013-02-01,150.64999,151.42000,150.39000,151.24001,131173000
2013-02-04,150.32001,151.27000,149.42999,149.53999,159073600
2013-02-05,150.35001,151.48000,150.28999,151.050003,113912400
2013-02-06,150.52000,151.25999,150.41000,151.16000,138762800
2013-02-07,151.21001,151.35001,149.86000,150.96001,162490000
2013-02-08,151.22000,151.89000,151.22000,151.80000,103133700
2013-02-11,151.74001,151.89999,151.39000,151.77000,73775000
2013-02-12,151.78000,152.30000,151.61000,152.020004,65392700
2013-02-13,152.33000,152.61000,151.72000,152.14999,82322600
2013-02-14,151.69000,152.47000,151.52000,152.28999,80834300
2013-02-15,152.42999,152.59000,151.55000,152.11000,215226500
2013-02-19,152.37000,153.28000,152.16000,153.25,95105400
2013-02-20,153.14000,153.19000,151.25999,151.34000,160574800
2013-02-21,150.96001,151.42000,149.94000,150.42000,183257000
2013-02-22,151.14999,151.89000,150.49001,151.89000,106356600
2013-02-25,152.63000,152.86000,149,149,245824800
2013-02-26,149.72000,150.20000,148.73000,150.020004,186596200
2013-02-27,149.89000,152.33000,149.75999,151.91000,150781900
2013-02-28,151.89999,152.87000,151.41000,151.61000,126866000
2013-03-01,151.089996,152.34000,150.41000,152.11000,170634800
2013-03-04,151.75999,152.92000,151.52000,152.92000,99010200
2013-03-05,153.66000,154.70000,153.64000,154.28999,121431900
2013-03-06,154.84000,154.92000,154.16000,154.5,94469900
2013-03-07,154.70000,154.98000,154.52000,154.78000,86101400
2013-03-08,155.46001,155.64999,154.66000,155.44000,123477800
2013-03-11,155.32001,156.039993,155.13000,156.029999,83746800
2013-03-12,155.92000,156.10001,155.21001,155.67999,105755800
2013-03-13,155.75999,156.12000,155.23000,155.89999,92550900
2013-03-14,156.31000,156.80000,155.91000,156.73000,126329900
2013-03-15,155.85001,156.039993,155.31000,155.83000,138601100
2013-03-18,154.34000,155.64000,154.20000,154.97000,126704300
2013-03-19,155.30000,155.50999,153.59000,154.61000,167567300
2013-03-20,155.52000,155.95000,155.25999,155.69000,113759300
2013-03-21,154.75999,155.64000,154.10001,154.36000,128605000
2013-03-22,154.85001,155.60001,154.73000,155.60001,111163600
2013-03-25,156.0099945,156.27000,154.35001,154.95000,151322300
2013-03-26,155.59000,156.23000,155.42000,156.19000,86856600
2013-03-27,155.25999,156.24001,155,156.19000,99950600
2013-03-28,156.089996,156.85001,155.75,156.67000,102932800
2013-04-01,156.59000,156.91000,155.67000,156.050003,99194100
2013-04-02,156.61000,157.21001,156.37000,156.82001,101504300
2013-04-03,156.91000,157.029999,154.82001,155.23000,154167400
2013-04-04,155.42999,156.17000,155.089996,155.86000,131885000
2013-04-05,153.95000,155.35001,153.77000,155.16000,159666000
2013-04-08,155.27000,156.22000,154.75,156.21001,86571200
2013-04-09,156.5,157.32001,155.98000,156.75,101922200
2013-04-10,157.17000,158.87000,157.13000,158.67000,135711100
2013-04-11,158.70000,159.71001,158.53999,159.19000,110142500
2013-04-12,158.67999,159.039993,157.92000,158.80000,116359900
2013-04-15,158,158.13000,155.10001,155.12000,217259000
2013-04-16,156.28999,157.49001,155.91000,157.41000,147507800
2013-04-17,156.28999,156.32001,154.28000,155.11000,226834800
2013-04-18,155.37000,155.41000,153.55000,154.14000,167583200
2013-04-19,154.5,155.55000,154.12000,155.48000,149687600
2013-04-22,155.78000,156.53999,154.75,156.17000,106553500
2013-04-23,156.95000,157.92999,156.17000,157.78000,166141300
2013-04-24,157.83000,158.30000,157.53999,157.88000,96781200
2013-04-25,158.34000,159.27000,158.10001,158.52000,131060600
2013-04-26,158.33000,158.60001,157.73000,158.24001,95918800
2013-04-29,158.67000,159.64999,158.42000,159.30000,88572800
2013-04-30,159.27000,159.72000,158.61000,159.67999,116010700
2013-05-01,159.33000,159.41000,158.10001,158.28000,138874200
2013-05-02,158.67999,159.89000,158.53000,159.75,96407600
2013-05-03,161.14000,161.88000,159.78000,161.37000,144202300
2013-05-06,161.49001,162.0099945,161.42000,161.78000,66882100
2013-05-07,162.13000,162.64999,161.67000,162.60001,90359200
2013-05-08,162.42000,163.39000,162.33000,163.34000,97419200
2013-05-09,163.27000,163.70000,162.47000,162.88000,106738600
2013-05-10,162.99001,163.55000,162.50999,163.41000,103203000
2013-05-13,163.20000,163.81000,162.82001,163.53999,81843200
2013-05-14,163.67000,165.35001,163.67000,165.23000,119000900
2013-05-15,164.96001,166.45000,164.91000,166.12000,120718500
2013-05-16,165.78000,166.36000,165.089996,165.34000,109913600
2013-05-17,165.95000,167.039993,165.73000,166.94000,129801000
2013-05-20,166.78000,167.58000,166.61000,166.92999,85071200
2013-05-21,167.080002,167.80000,166.5,167.17000,95804200
2013-05-22,167.34000,169.070007,165.17000,165.92999,244031800
2013-05-23,164.16000,165.91000,163.94000,165.45000,211064400
2013-05-24,164.47000,165.38000,163.98000,165.31000,151573900
2013-05-28,167.039993,167.78000,165.81000,166.30000,143679800
2013-05-29,165.42000,165.80000,164.34000,165.22000,160363400
2013-05-30,165.35001,166.59000,165.22000,165.83000,107793800
2013-05-31,165.37000,166.31000,163.13000,163.45000,176850100
2013-06-03,163.83000,164.46001,162.66000,164.35001,168390700
2013-06-04,164.44000,165.10001,162.73000,163.56000,157631500
2013-06-05,163.089996,163.42000,161.13000,161.27000,211737800
2013-06-06,161.20000,162.74001,160.25,162.73000,200225500
2013-06-07,163.85001,164.95000,163.14000,164.80000,188337800
2013-06-10,165.31000,165.39999,164.37000,164.80000,105667100
2013-06-11,163.30000,164.53999,162.74001,163.10001,159505400
2013-06-12,164.22000,164.39000,161.60001,161.75,177361500
2013-06-13,161.66000,164.5,161.30000,164.21001,163587800
2013-06-14,164.029999,164.67000,162.91000,163.17999,141197500
2013-06-17,164.28999,165.22000,163.22000,164.44000,136295600
2013-06-18,164.53000,165.99001,164.52000,165.74001,114695600
2013-06-19,165.60001,165.89000,163.38000,163.45000,206149500
2013-06-20,161.86000,163.47000,158.98000,159.39999,321255900
2013-06-21,159.64000,159.75999,157.47000,159.070007,271956800
2013-06-24,157.41000,158.42999,155.73000,157.059998,222329000
2013-06-25,158.48000,160.10001,157.42000,158.57001,162262200
2013-06-26,159.87000,160.5,159.25,160.14000,134848000
2013-06-27,161.10001,161.82001,160.95000,161.080002,129483700
2013-06-28,160.63000,161.39999,159.86000,160.42000,160402900
2013-07-01,161.25999,162.48000,161.080002,161.36000,131954800
2013-07-02,161.12000,162.30000,160.5,161.21001,154863700
2013-07-03,160.48000,161.77000,160.22000,161.28000,75216400
2013-07-05,162.47000,163.080002,161.30000,163.020004,122416900
2013-07-08,163.86000,164.39000,163.080002,163.95000,108092500
2013-07-09,164.98000,165.33000,164.27000,165.13000,119298000
2013-07-10,164.97000,165.75,164.63000,165.19000,121410100
2013-07-11,167.11000,167.61000,165.17999,167.44000,135592200
2013-07-12,167.39000,167.92999,167.13000,167.50999,104212700
2013-07-15,167.97000,168.39000,167.67999,168.14999,69450600
2013-07-16,168.25999,168.36000,167.070007,167.52000,88702100
2013-07-17,168.16000,168.48000,167.73000,167.95000,92873900
2013-07-18,168.31000,169.27000,168.20000,168.87000,103620100
2013-07-19,168.52000,169.23000,168.31000,169.17000,103831700
2013-07-22,169.41000,169.74001,169.0099945,169.5,79428600
2013-07-23,169.80000,169.83000,169.050003,169.14000,80829700
2013-07-24,169.78999,169.86000,168.17999,168.52000,112914000
2013-07-25,168.22000,169.080002,167.94000,168.92999,111088600
2013-07-26,168.22000,169.16000,167.52000,169.11000,107814600
2013-07-29,168.67999,169.059998,168.11000,168.59000,79695000
2013-07-30,169.10001,169.28000,168.19000,168.59000,85209600
2013-07-31,168.94000,169.85001,168.49001,168.71001,142388700
2013-08-01,169.99001,170.81000,169.89999,170.66000,110438400
2013-08-02,170.28000,170.97000,170.050003,170.95000,91116700
2013-08-05,170.57001,170.96001,170.35001,170.70000,54072700
2013-08-06,170.37000,170.74001,169.35001,169.73000,87495000
2013-08-07,169.19000,169.42999,168.55000,169.17999,84854700
2013-08-08,169.98000,170.17999,168.92999,169.80000,102181300
2013-08-09,169.58000,170.10001,168.72000,169.31000,91757700
2013-08-12,168.46001,169.31000,168.38000,169.11000,68593300
2013-08-13,169.41000,169.89999,168.41000,169.61000,80806000
2013-08-14,169.53000,169.80000,168.70000,168.74001,79829200
2013-08-15,167.41000,167.42999,166.089996,166.38000,152931800
2013-08-16,166.059998,166.63000,165.5,165.83000,130868200
2013-08-19,165.64000,166.21001,164.75999,164.77000,96437600
2013-08-20,165.039993,166.20000,164.86000,165.58000,89294400
2013-08-21,165.12000,166.029999,164.19000,164.56000,159530500
2013-08-22,164.89999,166.30000,164.89000,166.059998,101471400
2013-08-23,166.55000,166.83000,165.77000,166.62000,90888900
2013-08-26,166.78999,167.30000,165.89000,166,89702100
2013-08-27,164.36000,166,163.21001,163.33000,158619400
2013-08-28,163.25999,164.49001,163.050003,163.91000,108113000
2013-08-29,163.55000,165.039993,163.39999,164.17000,119200500
2013-08-30,164.50999,164.53000,163.17000,163.64999,134928900
2013-09-03,165.23000,165.58000,163.70000,164.39000,142375100
2013-09-04,164.42999,166.029999,164.13000,165.75,97389400
2013-09-05,165.85001,166.39999,165.73000,165.96001,63090500
2013-09-06,166.50999,166.98000,164.48000,166.039993,159756500
2013-09-09,166.45000,167.73000,166.45000,167.63000,87559300
2013-09-10,168.64000,168.89999,168.25999,168.87000,105847200
2013-09-11,168.64000,169.39999,168.35001,169.39999,94545900
2013-09-12,169.34000,169.56000,168.72000,168.95000,83209000
2013-09-13,169.13000,169.46001,168.74001,169.33000,72727800
2013-09-16,171.16000,171.24001,170.039993,170.31000,106299200
2013-09-17,170.46001,171.11000,170.46001,171.070007,82523300
2013-09-18,171.0099945,173.52000,170.58000,173.050003,203460600
2013-09-19,173.52000,173.60001,172.59000,172.75999,146616900
2013-09-20,172.33000,172.33000,170.58000,170.72000,132867100
2013-09-23,170.49001,170.64999,169.39000,169.92999,104616500
2013-09-24,169.89999,170.53000,169.21001,169.53000,106333100
2013-09-25,169.64000,169.98000,168.89000,169.039993,117306500
2013-09-26,169.32001,170.17000,169.050003,169.69000,77146900
2013-09-27,168.84000,169.14000,168.47000,168.91000,99141800
2013-09-30,167.48000,168.53999,167.14999,168.0099945,143937000
2013-10-01,168.14000,169.5,167.97000,169.34000,127160000
2013-10-02,168.35001,169.34000,167.83000,169.17999,113350000
2013-10-03,168.78999,168.94000,166.84000,167.62000,176698000
2013-10-04,167.75,169.059998,167.53000,168.89000,96878000
2013-10-07,167.42000,168.45000,167.25,167.42999,96295000
2013-10-08,167.39999,167.62000,165.36000,165.48000,178015000
2013-10-09,165.80000,166.20000,164.53000,165.60001,168973000
2013-10-10,167.28999,169.25999,167.23000,169.17000,195955000
2013-10-11,168.91000,170.32001,168.77000,170.25999,105040000
2013-10-14,169.21001,171.080002,169.080002,170.94000,112106000
2013-10-15,170.50999,171.14999,169.47000,169.70000,155485000
2013-10-16,170.72000,172.16000,170.64000,172.070007,161676000
2013-10-17,171.37000,173.32001,171.34000,173.22000,129389000
2013-10-18,173.86000,174.50999,173.50999,174.39000,138316000
2013-10-21,174.45000,174.75,174.0099945,174.39999,104104000
2013-10-22,174.91000,175.92999,174.42999,175.41000,126663000
2013-10-23,174.81000,174.89000,173.96001,174.57001,105484000
2013-10-24,174.92000,175.37000,174.50999,175.14999,70350000
2013-10-25,175.50999,176,175.17000,175.95000,93625000
2013-10-28,175.89000,176.47000,175.70000,176.23000,84979000
2013-10-29,176.63000,177.24001,176.38000,177.17000,87401000
2013-10-30,177.38000,177.50999,175.66000,176.28999,140002000
2013-10-31,176.14999,176.89000,175.53000,175.78999,133795000
2013-11-01,176.020004,176.61000,175.22000,176.21001,142805000
2013-11-04,176.69000,176.89999,175.98000,176.83000,85677000
2013-11-05,176.14000,176.75,175.57001,176.27000,85825000
2013-11-06,177.029999,177.5,176.53999,177.17000,87348000
2013-11-07,177.5,177.64000,174.75999,174.92999,157000000
2013-11-08,174.87000,177.31000,174.85001,177.28999,136713000
2013-11-11,177.12000,177.53000,176.91000,177.32001,62614000
2013-11-12,176.94000,177.36000,176.37000,176.96001,83990000
2013-11-13,176.089996,178.42999,176.089996,178.38000,103844000
2013-11-14,178.53999,179.42000,178.25,179.27000,103435000
2013-11-15,179.56000,180.12000,179.33000,180.050003,102818000
2013-11-18,180.35001,180.5,179.020004,179.42000,104796000
2013-11-19,179.33000,179.87000,178.72000,179.029999,93891000
2013-11-20,179.39000,179.92999,177.98000,178.47000,124909000
2013-11-21,178.97000,180.050003,178.86000,179.91000,92841000
2013-11-22,179.98000,180.83000,179.77000,180.81000,81296000
2013-11-25,181.13000,181.17000,180.37000,180.63000,79486000
2013-11-26,180.72000,181.22000,180.41000,180.67999,86994000
2013-11-27,180.87000,181.24001,180.64999,181.12000,58800000
2013-11-29,181.32001,181.75,180.80000,181,55870900
2013-12-02,181.089996,181.42999,180.25,180.53000,99726000
2013-12-03,179.94000,180.39000,179.17000,179.75,116563000
2013-12-04,179.10001,180.48000,178.35001,179.73000,123033000
2013-12-05,179.41000,179.74001,178.77000,178.94000,106934000
2013-12-06,180.67000,181.11000,180.14999,180.94000,127728000
2013-12-09,181.47000,181.67000,181.16000,181.39999,70124000
2013-12-10,180.98000,181.36000,180.64000,180.75,80976000
2013-12-11,180.82001,180.85001,178.5,178.72000,130591000
2013-12-12,178.64000,178.86000,177.75999,178.13000,115565000
2013-12-13,178.5,178.66000,177.77000,178.11000,107808000
2013-12-16,178.95000,179.81000,178.89999,179.22000,96195000
2013-12-17,179.38000,179.41000,178.25,178.64999,89886000
2013-12-18,178.92000,181.73000,177.32001,181.70000,234906000
2013-12-19,181.17999,181.70000,180.71001,181.49001,136531200
2013-12-20,180.69000,181.99001,180.57001,181.56000,197087000
2013-12-23,182.45000,182.64000,182.070007,182.53000,85598000
2013-12-24,182.53999,183.0099945,182.53000,182.92999,45368800
2013-12-26,183.34000,183.96001,183.32001,183.86000,63365000
2013-12-27,184.10001,184.17999,183.66000,183.85001,61814000
2013-12-30,183.87000,184.020004,183.58000,183.82001,56857000
2013-12-31,184.070007,184.69000,183.92999,184.69000,86119900
2014-01-02,183.98000,184.070007,182.48000,182.92000,119636900
2014-01-03,183.23000,183.60001,182.63000,182.89000,81390600
2014-01-06,183.49001,183.56000,182.080002,182.36000,108028200
2014-01-07,183.089996,183.78999,182.95000,183.48000,86144200
2014-01-08,183.45000,183.83000,182.89000,183.52000,96582300
2014-01-09,184.11000,184.13000,182.80000,183.64000,90683400
2014-01-10,183.95000,184.22000,183.0099945,184.14000,102026400
2014-01-13,183.67000,184.17999,181.34000,181.69000,149892000
2014-01-14,182.28999,183.77000,181.95000,183.67000,105016100
2014-01-15,184.10001,184.94000,183.71001,184.66000,98525800
2014-01-16,184.28000,184.66000,183.83000,184.42000,72290600
2014-01-17,184.10001,184.45000,183.32001,183.64000,107848700
2014-01-21,184.70000,184.77000,183.050003,184.17999,88621200
2014-01-22,184.49001,184.57001,183.91000,184.30000,61270900
2014-01-23,183.37000,183.39999,181.82001,182.78999,132496900
2014-01-24,181.60001,181.66000,178.83000,178.89000,208677100
2014-01-27,179.059998,179.52000,177.12000,178.0099945,180843100
2014-01-28,178.14000,179.30000,178.12000,179.070007,110463200
2014-01-29,177.58000,178.55000,176.88000,177.35001,216597300
2014-01-30,178.83000,179.81000,178.25999,179.23000,118938100
2014-01-31,177.0099945,179.28999,176.92000,178.17999,194677900
2014-02-03,177.97000,178.37000,173.83000,174.17000,254837100
2014-02-04,174.95000,175.84000,174.11000,175.39000,165012400
2014-02-05,174.78000,175.56000,173.71001,175.17000,164230500
2014-02-06,175.58000,177.48000,175.22000,177.48000,132877600
2014-02-07,178.31000,179.87000,177.73000,179.67999,170787200
2014-02-10,179.70000,180.070007,179.21001,180.0099945,92218800
2014-02-11,180.16000,182.44000,180.039993,181.98000,117814100
2014-02-12,182.25,182.83000,181.71001,182.070007,94717700
2014-02-13,180.84000,183.20000,180.83000,183.0099945,100542200
2014-02-14,182.84000,184.36000,182.67000,184.020004,96498400
2014-02-18,184.17999,184.49001,183.64999,184.24001,80460900
2014-02-19,183.75999,184.95000,182.87000,183.020004,126524300
2014-02-20,183.27000,184.52000,182.60001,184.10001,104998100
2014-02-21,184.45000,184.89000,183.80000,183.89000,118116400
2014-02-24,184.28000,186.14999,184.20000,184.91000,114063900
2014-02-25,185.059998,185.59000,184.23000,184.84000,117085000
2014-02-26,185.11000,185.60001,184.33000,184.85001,98677200
2014-02-27,184.58000,185.87000,184.37000,185.82001,93880800
2014-02-28,185.78999,187.14999,185.050003,186.28999,150842000
2014-03-03,184.64999,185.45000,183.75,184.98000,167748500
2014-03-04,186.78999,187.98000,186.75,187.58000,167545900
2014-03-05,187.74001,188.070007,187.45000,187.75,88376900
2014-03-06,188.21001,188.61000,187.78000,188.17999,82516500
2014-03-07,188.96001,188.96001,187.42999,188.25999,114513500
2014-03-10,187.97000,188.23000,187.080002,188.16000,74939200
2014-03-11,188.44000,188.71001,186.80000,187.23000,99009100
2014-03-12,186.32001,187.35001,185.89999,187.28000,104824400
2014-03-13,187.84000,187.99001,184.66000,185.17999,155014300
2014-03-14,184.85001,185.80000,184.44000,184.66000,153919600
2014-03-17,185.59000,186.77000,185.50999,186.33000,98359500
2014-03-18,186.71001,187.91000,186.50999,187.66000,101804600
2014-03-19,187.67999,187.94000,185.47000,186.66000,176267300
2014-03-20,186.25,187.89000,185.92000,187.75,117241000
2014-03-21,187.71001,189.020004,186.029999,186.20000,163128000
2014-03-24,186.84000,187.070007,184.62000,185.42999,121411000
2014-03-25,186.37000,186.94000,185.27000,186.31000,103852000
2014-03-26,187.039993,187.34000,184.92000,184.97000,119843000
2014-03-27,184.75,185.34000,183.89999,184.58000,142383000
2014-03-28,185.11000,186.42000,185,185.49001,101642000
2014-03-31,186.67000,187.30000,185.52000,187.0099945,99745000
2014-04-01,187.62000,188.36000,187,188.25,89193000
2014-04-02,188.49001,189.13000,188.14000,188.88000,78774000
2014-04-03,189.17000,189.22000,188.050003,188.63000,77435000
2014-04-04,189.66000,189.70000,186.10001,186.39999,169381000
2014-04-07,185.95000,186.25999,183.96001,184.34000,140803000
2014-04-08,184.25999,185.39999,183.59000,185.10001,112660000
2014-04-09,185.60001,187.14999,185.059998,187.089996,100254000
2014-04-10,187.080002,187.17000,182.92999,183.16000,172959000
2014-04-11,182.14000,183.42000,181.31000,181.50999,167251000
2014-04-14,182.92999,183.37000,181.44000,182.94000,132382000
2014-04-15,183.32001,184.33000,181.50999,184.20000,157093000
2014-04-16,185.47000,186.14000,184.64999,186.13000,105197000
2014-04-17,185.88000,186.91000,185.56000,186.39000,105255000
2014-04-21,186.44000,187.10001,186.21001,187.039993,68329000
2014-04-22,187.23000,188.39999,187.13000,187.89000,85790000
2014-04-23,187.82001,187.92000,187.30000,187.45000,73869000
2014-04-24,188.37000,188.39000,186.92999,187.83000,88170000
2014-04-25,187.22000,187.33000,185.87000,186.28999,100380000
2014-04-28,187.050003,187.69000,184.96001,186.88000,135121000
2014-04-29,187.48000,188.039993,187.080002,187.75,84098000
2014-04-30,187.44000,188.5,187.17999,188.31000,101508000
2014-05-01,188.22000,188.84000,187.73000,188.33000,93019000
2014-05-02,188.31000,189.14000,187.78000,188.059998,98122000
2014-05-05,187.14000,188.55000,186.62000,188.42000,75883000
2014-05-06,188,188.13000,186.74001,186.78000,85454000
2014-05-07,187.41000,187.97000,186.0099945,187.88000,106500000
2014-05-08,187.71001,189.050003,187.080002,187.67999,93618000
2014-05-09,187.71001,188.039993,186.83000,187.96001,83679000
2014-05-12,188.80000,189.88000,188,189.78999,86940000
2014-05-13,190.039993,190.42000,189.77000,189.96001,66454000
2014-05-14,189.78999,189.88000,188.78999,189.059998,72367000
2014-05-15,188.67999,188.72000,186.48000,187.39999,154956000
2014-05-16,187.50999,188.13000,186.72000,188.050003,97458000
2014-05-19,187.69000,188.89000,187.52000,188.74001,63839000
2014-05-20,188.64999,188.67000,187.070007,187.55000,111644000
2014-05-21,188.089996,189.22000,188.059998,189.13000,89093000
2014-05-22,189.17999,189.98000,188.86000,189.59000,61549000
2014-05-23,189.75999,190.48000,189.59000,190.35001,61092800
2014-05-27,191.059998,191.58000,190.95000,191.52000,72010000
2014-05-28,191.52000,191.82001,191.059998,191.38000,66723000
2014-05-29,191.82001,192.39999,191.33000,192.37000,64377000
2014-05-30,192.19000,192.80000,192.029999,192.67999,76316000
2014-06-02,192.95000,192.99001,191.97000,192.89999,64656000
2014-06-03,192.42999,192.89999,192.25,192.80000,65047000
2014-06-04,192.47000,193.30000,192.27000,193.19000,55529000
2014-06-05,193.41000,194.64999,192.70000,194.45000,92103000
2014-06-06,194.87000,195.42999,194.78000,195.38000,78696000
2014-06-09,195.35001,196.050003,195.17000,195.58000,65119000
2014-06-10,195.34000,195.64000,194.92000,195.60001,57129000
2014-06-11,194.89999,195.12000,194.48000,194.92000,68772000
2014-06-12,194.69000,194.80000,193.11000,193.53999,106350000
2014-06-13,193.92000,194.32001,193.30000,194.13000,82017000
2014-06-16,193.89000,194.70000,193.66000,194.28999,87424000
2014-06-17,194.020004,194.97000,193.81000,194.83000,84834000
2014-06-18,194.83000,196.37000,194.39999,196.25999,105267000
2014-06-19,196.42999,196.60001,195.80000,196.48000,85929000
2014-06-20,196.029999,196.10001,195.70000,195.94000,100587000
2014-06-23,195.99001,196.050003,195.52000,195.88000,70611000
2014-06-24,195.53000,196.5,194.48000,194.70000,96237000
2014-06-25,194.28999,195.78000,194.25,195.58000,82782000
2014-06-26,195.61000,195.63000,194.13000,195.44000,84312000
2014-06-27,194.98000,195.88000,194.89000,195.82001,71445100
2014-06-30,195.70000,196.17000,195.53000,195.72000,70201200
2014-07-01,196.20000,197.63000,196.13000,197.029999,90470000
2014-07-02,197.050003,197.48000,196.96001,197.23000,52475000
2014-07-03,197.78999,198.28999,197.64000,198.20000,52938800
2014-07-07,197.82001,197.98000,197.22000,197.50999,61696000
2014-07-08,197.14999,197.22000,195.75999,196.24001,108143000
2014-07-09,196.73000,197.30000,196.31000,197.12000,72992000
2014-07-10,195.22000,196.86000,195.059998,196.34000,99040000
2014-07-11,196.22000,196.75,195.78000,196.61000,64243000
2014-07-14,197.61000,197.86000,197.44000,197.60001,58658000
2014-07-15,197.72000,198.10001,196.36000,197.23000,111307000
2014-07-16,198.11000,198.25999,197.42000,197.96001,79986400
2014-07-17,197.35001,198.10001,195.42999,195.71001,145398000
2014-07-18,196.35001,197.91000,196.24001,197.71001,124330000
2014-07-21,197.089996,197.5,196.42999,197.34000,67592000
2014-07-22,198.0099945,198.56000,197.87000,198.20000,67678000
2014-07-23,198.5,198.85001,198.10001,198.64000,65612000
2014-07-24,198.83000,199.059998,198.45000,198.64999,56888000
2014-07-25,198.089996,198.25999,197.33000,197.72000,76837000
2014-07-28,197.75999,198.089996,196.62000,197.80000,69259000
2014-07-29,198.17000,198.45000,196.92000,196.95000,80466000
2014-07-30,197.64999,197.91000,196.16000,196.98000,104222000
2014-07-31,195.61000,195.78000,192.97000,193.089996,183479000
2014-08-01,192.56000,193.75999,191.57001,192.5,189261000
2014-08-04,192.87000,194.30000,192.050003,193.89000,91340000
2014-08-05,193.10001,193.60001,191.31000,192.0099945,152690000
2014-08-06,191.11000,192.89000,191.080002,192.070007,94818000
2014-08-07,192.94000,193.13000,190.55000,191.029999,135733000
2014-08-08,191.46001,193.37000,190.95000,193.24001,117014000
2014-08-11,193.97000,194.66000,193.71001,193.80000,74544000
2014-08-12,193.61000,194.14999,192.94000,193.53000,73632000
2014-08-13,194.28999,195.059998,193.96001,194.84000,69047000
2014-08-14,195.16000,195.75999,194.98000,195.75999,57371000
2014-08-15,196.47000,196.64999,194.31000,195.72000,139951000
2014-08-18,196.80000,197.45000,196.69000,197.36000,75424000
2014-08-19,197.84000,198.53999,197.44000,198.39000,59135000
2014-08-20,198.12000,199.16000,198.080002,198.92000,72763000
2014-08-21,199.089996,199.75999,198.92999,199.5,67791000
2014-08-22,199.34000,199.69000,198.74001,199.19000,76107000
2014-08-25,200.14000,200.59000,199.14999,200.20000,63855000
2014-08-26,200.33000,200.82001,200.28000,200.33000,47298000
2014-08-27,200.42999,200.57001,199.94000,200.25,47874000
2014-08-28,199.59000,200.27000,199.39000,200.14000,58330000
2014-08-29,200.45000,200.73000,199.82001,200.71001,65907000
2014-09-02,200.97000,201,199.86000,200.61000,72426000
2014-09-03,201.38000,201.41000,200.22000,200.5,57462000
2014-09-04,200.84000,201.58000,199.66000,200.21001,85236000
2014-09-05,200.17000,201.19000,199.41000,201.11000,102177000
2014-09-08,200.92000,201.21001,200,200.59000,64146000
2014-09-09,200.41000,200.55000,198.91000,199.32001,88591000
2014-09-10,199.42999,200.20000,198.77000,200.070007,67251000
2014-09-11,199.27000,200.33000,199.12000,200.30000,66774400
2014-09-12,200.10001,200.12000,198.56000,199.13000,117409300
2014-09-15,199.16000,199.32001,198.38000,198.98000,76401000
2014-09-16,198.61000,200.84000,198.5,200.48000,116201000
2014-09-17,200.77000,201.67999,199.75,200.75,151266000
2014-09-18,201.36000,201.85001,201.10001,201.82001,94990000
2014-09-19,201.52000,201.89999,200.28999,200.70000,121649000
2014-09-22,200.35001,200.38000,198.73000,199.14999,125553000
2014-09-23,198.42999,199.25999,197.95000,198.0099945,111393000
2014-09-24,198.039993,199.69000,197.52000,199.56000,107276000
2014-09-25,199.039993,199.050003,196.27000,196.34000,150300000
2014-09-26,196.70000,198.39000,196.42000,197.89999,103547000
2014-09-29,196.20000,197.89000,196.050003,197.53999,95112000
2014-09-30,197.69000,198.30000,196.61000,197.020004,131302000
2014-10-01,196.70000,196.77000,193.91000,194.35001,177798000
2014-10-02,194.17999,195.059998,192.35001,194.38000,157285000
2014-10-03,195.67999,196.94000,195.080002,196.52000,121569000
2014-10-06,197.34000,197.60001,195.58000,196.28999,104778000
2014-10-07,195.28000,195.72000,193.22000,193.25999,147913000
2014-10-08,193.37000,196.92000,192.36000,196.64000,186461000
2014-10-09,196.33000,196.60001,192.58000,192.74001,210705000
2014-10-10,192.69000,193.64999,190.49001,190.53999,221909000
2014-10-13,190.46001,191.14999,187.30000,187.41000,230939000
2014-10-14,188.42000,189.82001,187.039993,187.70000,215847000
2014-10-15,185.16000,187.69000,181.92000,186.42999,380715000
2014-10-16,183.059998,187.58000,182.89000,186.27000,270391000
2014-10-17,188.42000,189.75,187.62000,188.47000,214625000
2014-10-20,188.13000,190.45000,188.070007,190.30000,130011000
2014-10-21,191.67999,194.20000,191.48000,194.070007,154949000
2014-10-22,194.41000,194.91000,192.61000,192.69000,151822000
2014-10-23,194.62000,196.20000,194.25999,194.92999,154944000
2014-10-24,195.25,196.49001,194.49001,196.42999,117927000
2014-10-27,195.73000,196.45000,195.029999,196.16000,82954000
2014-10-28,196.82001,198.42000,196.73000,198.41000,106736000
2014-10-29,198.55000,199.12000,196.80000,198.11000,142557000
2014-10-30,197.58000,199.95000,197.39999,199.38000,113330000
2014-10-31,201.78000,201.82001,200.77000,201.66000,146903000
2014-11-03,201.92000,202.45000,201.31000,201.77000,93600000
2014-11-04,201.23000,201.60001,200.059998,201.070007,93343000
2014-11-05,202.53999,202.59000,201.45000,202.34000,91709000
2014-11-06,202.39000,203.25999,201.64000,203.14999,107089000
2014-11-07,203.17000,203.60001,202.61000,203.34000,89540000
2014-11-10,203.38000,204.039993,203.13000,203.98000,66319000
2014-11-11,204.059998,204.31000,203.64999,204.17999,54499400
2014-11-12,203.35001,204.24001,203.31000,203.96001,90120300
2014-11-13,204.16000,204.83000,203.21001,204.19000,85357900
2014-11-14,204.10001,204.49001,203.72000,204.24001,80417500
2014-11-17,203.85001,204.58000,203.64999,204.37000,80441000
2014-11-18,204.44000,205.92000,204.44000,205.55000,76068100
2014-11-19,205.31000,205.55000,204.30000,205.22000,82373000
2014-11-20,204.25999,205.71001,204.17999,205.58000,72840300
2014-11-21,207.64000,207.84000,205.98000,206.67999,142327300
2014-11-24,207.17000,207.39000,206.91000,207.25999,65880800
2014-11-25,207.53999,207.78999,206.80000,207.11000,79108300
2014-11-26,207.28999,207.75999,207.029999,207.64000,62167800
2014-11-28,207.49001,207.87000,206.91000,207.20000,57890100
2014-12-01,206.39999,206.53999,205.38000,205.75999,103968400
2014-12-02,205.81000,207.34000,205.78000,207.089996,74507200
2014-12-03,207.30000,208.14999,207.10001,207.89000,68952000
2014-12-04,207.53999,208.27000,206.70000,207.66000,91316600
2014-12-05,207.87000,208.47000,207.55000,208,91025500
2014-12-08,207.52000,208.12000,205.92999,206.61000,108588200
2014-12-09,204.37000,206.60001,203.91000,206.47000,125180100
2014-12-10,205.91000,205.98000,202.92999,203.16000,159856400
2014-12-11,203.88000,206.19000,203.71001,204.19000,159012800
2014-12-12,202.64000,203.82001,200.85001,200.89000,202330200
2014-12-15,201.98000,202.53000,198.78000,199.50999,189965800
2014-12-16,198.58000,202.39999,197.86000,197.91000,259543800
2014-12-17,198.44000,202.34000,198.28999,201.78999,253910100
2014-12-18,204.74001,212.97000,203.92000,206.78000,257633900
2014-12-19,206.42999,207.33000,205.61000,206.52000,245084600
2014-12-22,206.75,207.47000,206.46001,207.47000,148318900
2014-12-23,208.17000,208.23000,207.39999,207.75,122167900
2014-12-24,208.020004,208.34000,207.72000,207.77000,42963400
2014-12-26,208.31000,208.85001,208.25,208.44000,57326700
2014-12-29,208.22000,208.97000,208.14000,208.72000,79643900
2014-12-30,208.21001,208.37000,207.50999,207.60001,73540800
2014-12-31,207.99001,208.19000,205.39000,205.53999,130333800
2015-01-02,206.38000,206.88000,204.17999,205.42999,121465900
2015-01-05,204.17000,204.37000,201.35001,201.72000,169632600
2015-01-06,202.089996,202.72000,198.86000,199.82001,209151400
2015-01-07,201.42000,202.72000,200.88000,202.31000,125346700
2015-01-08,204.0099945,206.16000,203.99001,205.89999,147217800
2015-01-09,206.39999,206.42000,203.50999,204.25,158567300
2015-01-12,204.41000,204.60001,201.92000,202.64999,144396100
2015-01-13,204.12000,205.48000,200.50999,202.080002,214553300
2015-01-14,199.64999,201.10001,198.57001,200.86000,192991100
2015-01-15,201.63000,202.0099945,198.88000,199.020004,176613900
2015-01-16,198.77000,201.82001,198.55000,201.63000,211879600
2015-01-20,202.39999,202.72000,200.17000,202.059998,130991100
2015-01-21,201.5,203.66000,200.94000,203.080002,122942700
2015-01-22,203.99001,206.25999,202.33000,206.10001,174356000
2015-01-23,205.78999,206.10001,204.81000,204.97000,117516800
2015-01-26,204.71001,205.56000,203.85001,205.45000,92009700
2015-01-27,202.97000,204.12000,201.74001,202.74001,134044600
2015-01-28,204.17000,204.28999,199.91000,200.14000,168514300
2015-01-29,200.38000,202.30000,198.67999,201.99001,173585400
2015-01-30,200.57001,202.17000,199.13000,199.45000,197729700
2015-02-02,200.050003,202.029999,197.86000,201.92000,163107000
2015-02-03,203,204.85001,202.55000,204.84000,124212900
2015-02-04,203.92000,205.38000,203.50999,204.059998,134306700
2015-02-05,204.86000,206.30000,204.77000,206.12000,97953200
2015-02-06,206.56000,207.24001,204.92000,205.55000,125672000
2015-02-09,204.77000,205.64000,204.14000,204.63000,87219000
2015-02-10,205.88000,207.12000,204.67999,206.81000,96164200
2015-02-11,206.61000,207.45000,205.83000,206.92999,91087800
2015-02-12,207.89000,208.99001,206.97000,208.92000,97545900
2015-02-13,209.070007,209.84000,208.75999,209.78000,93670400
2015-02-17,209.39999,210.32001,209.10001,210.11000,76968200
2015-02-18,209.66000,210.22000,209.34000,210.13000,80652900
2015-02-19,209.41000,210.42000,209.24001,209.98000,91462500
2015-02-20,209.48000,211.33000,208.73000,211.24001,140896400
2015-02-23,210.94000,211.21001,210.48000,211.21001,74411100
2015-02-24,211.12000,212.050003,210.75999,211.81000,72472300
2015-02-25,211.66000,212.24001,211.22000,211.63000,73061700
2015-02-26,211.52000,211.71001,210.64999,211.38000,72697900
2015-02-27,211.25999,211.58000,210.60001,210.66000,108076000
2015-03-02,210.78000,212.059998,210.72000,211.99001,87491400
2015-03-03,211.47000,212.050003,210.080002,211.12000,110325800
2015-03-04,210.39999,210.49001,209.059998,210.23000,114497200
2015-03-05,210.62000,210.80000,209.85001,210.46001,76873000
2015-03-06,209.42000,209.94000,207.10001,207.5,188128000
2015-03-09,207.74001,208.78999,207.55000,208.36000,89818900
2015-03-10,206.71001,206.81000,204.92999,204.98000,157121300
2015-03-11,205.28999,205.5,204.39999,204.5,110145700
2015-03-12,205.25999,207.17999,205.20000,207.10001,93993500
2015-03-13,206.77000,207.92999,204.58000,205.83000,162410900
2015-03-16,206.71001,208.69000,205.86000,208.58000,136099200
2015-03-17,207.69000,208.42000,206.98000,207.96001,94510400
2015-03-18,207.39000,211.27000,206.62000,210.46001,228808500
2015-03-19,209.96001,210.47000,209.029999,209.5,117917300
2015-03-20,209.71001,211.020004,209.49001,210.41000,177715100
2015-03-23,210.42000,211.11000,210,210,71784500
2015-03-24,209.85001,210.39999,208.74001,208.82001,77805300
2015-03-25,209.070007,209.35001,205.71001,205.75999,159521700
2015-03-26,204.96001,206.37000,204.12000,205.27000,153067200
2015-03-27,205.13000,205.95000,204.89999,205.74001,118939000
2015-03-30,206.98000,208.61000,206.96001,208.25,96180400
2015-03-31,207.25999,208.10001,206.36000,206.42999,126768700
2015-04-01,206.39000,206.42000,204.50999,205.70000,137303600
2015-04-02,205.62000,206.98000,205.39999,206.44000,86900900
2015-04-06,205.37000,208.45000,205.21001,207.83000,114368200
2015-04-07,207.86000,208.75999,207.24001,207.28000,81236300
2015-04-08,207.55000,208.50999,207.080002,207.98000,89351900
2015-04-09,207.78000,209.17999,207.19000,208.89999,85548900
2015-04-10,209.20000,210.089996,208.96001,210.039993,72722900
2015-04-13,209.87000,210.63000,209.029999,209.089996,74436600
2015-04-14,208.85001,209.71001,208.10001,209.49001,75099900
2015-04-15,210.050003,211.039993,209.95000,210.42999,99529300
2015-04-16,210.029999,210.98000,209.78999,210.37000,68934900
2015-04-17,208.94000,209.23000,207.0099945,207.95000,191113200
2015-04-20,209.059998,210.25,208.96001,209.85001,92189500
2015-04-21,210.67000,210.86000,209.24001,209.60001,72559800
2015-04-22,210.0099945,210.85001,208.89999,210.63000,78264600
2015-04-23,210.14999,211.94000,210.0099945,211.16000,102585900
2015-04-24,211.66000,211.97000,211.11000,211.64999,61327400
2015-04-27,212.33000,212.48000,210.53999,210.77000,79358100
2015-04-28,210.74001,211.5,209.33000,211.44000,86863500
2015-04-29,210.37000,211.28999,209.60001,210.57001,125684900
2015-04-30,209.88000,210.35001,207.62000,208.46001,161304900
2015-05-01,209.39999,210.77000,209.28000,210.72000,103399700
2015-05-04,211.23000,212.020004,211.10001,211.32001,70927200
2015-05-05,211.029999,211.46001,208.73000,208.89999,113326200
2015-05-06,209.56000,209.92999,206.75999,208.039993,135060200
2015-05-07,207.92000,209.38000,207.52000,208.87000,88244900
2015-05-08,210.88000,211.86000,210.78000,211.62000,155877300
2015-05-11,211.57001,211.89000,210.52000,210.61000,75708100
2015-05-12,209.61000,210.63000,208.62000,209.98000,119727600
2015-05-13,210.47000,211.22000,209.74001,210.020004,94667900
2015-05-14,211.24001,212.32001,210.91000,212.21001,95934000
2015-05-15,212.44000,212.61000,211.86000,212.44000,76510100
2015-05-18,212.24001,213.39999,212.16000,213.10001,74549700
2015-05-19,213.24001,213.57001,212.69000,213.029999,72114600
2015-05-20,213.14999,213.78000,212.5,212.88000,76857500
2015-05-21,212.71001,213.75,212.50999,213.5,64764600
2015-05-22,213.039993,213.53999,212.91000,212.99001,57433500
2015-05-26,212.39999,212.91000,210.20000,210.70000,124308600
2015-05-27,211.25,212.98000,210.75999,212.70000,93214000
2015-05-28,212.33000,212.59000,211.63000,212.46001,74974600
2015-05-29,212.38000,212.42999,210.82001,211.14000,124919600
2015-06-01,211.94000,212.34000,210.62000,211.57001,93338800
2015-06-02,211.020004,212.19000,210.27000,211.36000,91531000
2015-06-03,212,212.67000,211.33000,211.92000,87820900
2015-06-04,211.070007,211.86000,209.75,210.13000,151882800
2015-06-05,209.95000,210.58000,208.98000,209.77000,121704700
2015-06-08,209.64000,209.82001,208.39000,208.48000,89063300
2015-06-09,208.45000,209.10001,207.69000,208.45000,105034700
2015-06-10,209.37000,211.41000,209.30000,210.95000,134551300
2015-06-11,211.48000,212.089996,211.20000,211.63000,73876400
2015-06-12,210.64000,211.48000,209.67999,210.0099945,135382400
2015-06-15,208.64000,209.45000,207.78999,209.11000,124384200
2015-06-16,208.92999,210.35001,208.72000,210.25,85308200
2015-06-17,210.59000,211.32001,209.36000,210.59000,126708600
2015-06-18,211.31000,213.34000,210.63000,212.78000,165867900
2015-06-19,211.46001,211.55000,210.36000,210.81000,130478700
2015-06-22,211.91000,212.59000,211.64000,211.89000,70696000
2015-06-23,212.14000,212.44000,211.57001,212.039993,68476800
2015-06-24,211.72000,212.17000,210.47000,210.5,92307300
2015-06-25,211.10001,211.25,209.77000,209.86000,97107400
2015-06-26,210.28999,210.58000,209.16000,209.82001,104174800
2015-06-29,208.050003,209.83000,205.33000,205.42000,202621300
2015-06-30,207.25999,207.32001,205.28000,205.85001,182925100
2015-07-01,207.73000,208.029999,206.56000,207.5,135979900
2015-07-02,208.070007,208.27000,206.81000,207.31000,104373700
2015-07-06,205.77000,207.64999,205.53000,206.72000,117975400
2015-07-07,206.96001,208.17000,204.11000,208.020004,173820200
2015-07-08,206.42000,206.75999,204.25,204.53000,164020100
2015-07-09,207.039993,207.35001,204.77000,204.89999,144113100
2015-07-10,207.28999,207.98000,204.95000,207.48000,129456900
2015-07-13,208.99001,209.89999,208.94000,209.77000,106069400
2015-07-14,209.72000,211.050003,209.64999,210.67999,81709600
2015-07-15,210.73000,211.28000,210.039993,210.61000,97914100
2015-07-16,211.87000,212.30000,211.58000,212.30000,106683300
2015-07-17,212.28999,212.55000,211.80000,212.48000,89030000
2015-07-20,212.75,213.17999,212.21001,212.59000,70446800
2015-07-21,212.42999,212.74001,211.39000,211.75,77965000
2015-07-22,210.92999,211.77000,210.89000,211.37000,88667900
2015-07-23,211.53000,211.64999,209.75,210.17999,90509100
2015-07-24,210.30000,210.37000,207.60001,208,117755000
2015-07-27,206.94000,207.55000,206.25999,206.78999,132361100
2015-07-28,207.78999,209.5,206.80000,209.33000,123544800
2015-07-29,209.48000,211.039993,209.31000,210.77000,105791300
2015-07-30,210.16000,211.020004,209.42000,210.82001,91304400
2015-07-31,211.42000,211.45000,210.16000,210.5,103266900
2015-08-03,210.46001,210.53000,208.64999,209.78999,113965700
2015-08-04,209.70000,210.25,208.80000,209.38000,81820800
2015-08-05,210.45000,211.31000,209.73000,210.070007,85786800
2015-08-06,210.28999,210.42000,207.64999,208.35001,116030800
2015-08-07,208.16000,208.34000,206.87000,207.95000,117858000
2015-08-10,209.28000,210.67000,209.28000,210.57001,80270700
2015-08-11,208.97000,209.47000,207.75999,208.67000,126081400
2015-08-12,207.11000,209.14000,205.36000,208.92000,172123700
2015-08-13,208.73000,209.55000,208.0099945,208.66000,89383300
2015-08-14,208.42999,209.50999,208.25999,209.42000,72786500
2015-08-17,208.71001,210.59000,208.16000,210.59000,79072600
2015-08-18,210.25999,210.67999,209.70000,209.98000,71692700
2015-08-19,209.089996,210.0099945,207.35001,208.32001,172946000
2015-08-20,206.50999,208.28999,203.89999,203.97000,194327900
2015-08-21,201.73000,203.94000,197.52000,197.83000,346588500
2015-08-24,187.49001,197.48000,182.39999,189.5,507244300
2015-08-25,195.42999,195.45000,186.92000,187.27000,369833100
2015-08-26,192.080002,194.78999,188.37000,194.46001,339257000
2015-08-27,197.020004,199.42000,195.21001,199.27000,274143900
2015-08-28,198.5,199.84000,197.92000,199.28000,160414400
2015-08-31,198.11000,199.13000,197.0099945,197.67000,163298800
2015-09-01,193.12000,194.77000,190.73000,191.77000,256000400
2015-09-02,194.62000,195.46001,192.42000,195.41000,160269300
2015-09-03,196.25999,198.050003,194.96001,195.55000,152087800
2015-09-04,192.85001,193.86000,191.61000,192.59000,207081000
2015-09-08,195.94000,197.61000,195.17000,197.42999,116025700
2015-09-09,199.32001,199.47000,194.35001,194.78999,149347700
2015-09-10,194.56000,197.22000,194.25,195.85001,158611100
2015-09-11,195.38000,196.82001,194.53000,196.74001,119691200
2015-09-14,196.95000,197.0099945,195.42999,196.0099945,79452000
2015-09-15,196.61000,198.99001,195.96001,198.46001,113806200
2015-09-16,198.82001,200.41000,198.41000,200.17999,99581600
2015-09-17,200.020004,202.89000,199.28000,199.73000,276046600
2015-09-18,195.71001,198.67999,194.96001,195.45000,223657500
2015-09-21,196.44000,197.67999,195.21001,196.46001,105726200
2015-09-22,193.88000,194.46001,192.56000,193.91000,153890900
2015-09-23,194.11000,194.67000,192.91000,193.60001,92790600
2015-09-24,192.14999,193.45000,190.56000,192.89999,159378800
2015-09-25,194.64000,195,191.81000,192.85001,155054800
2015-09-28,191.78000,191.91000,187.64000,188.0099945,178515900
2015-09-29,188.27000,189.74001,186.92999,188.12000,159045600
2015-09-30,190.37000,191.83000,189.44000,191.63000,163452000
2015-10-01,192.080002,192.49001,189.82001,192.13000,131079000
2015-10-02,189.77000,195.029999,189.12000,195,211003300
2015-10-05,196.46001,198.74001,196.33000,198.47000,126320800
2015-10-06,198.31000,198.98000,197,197.78999,110274500
2015-10-07,198.89999,199.83000,197.48000,199.41000,124307300
2015-10-08,198.95000,201.55000,198.59000,201.21001,153055200
2015-10-09,201.38000,201.89999,200.58000,201.33000,107069200
2015-10-12,201.42000,201.75999,200.91000,201.52000,56395600
2015-10-13,200.64999,202.16000,200.050003,200.25,88038700
2015-10-14,200.17999,200.87000,198.94000,199.28999,99106200
2015-10-15,200.080002,202.36000,199.64000,202.35001,134142200
2015-10-16,202.83000,203.28999,201.92000,203.27000,114580100
2015-10-19,202.5,203.37000,202.13000,203.37000,76523900
2015-10-20,202.85001,203.84000,202.55000,203.11000,78448500
2015-10-21,203.61000,203.78999,201.64999,201.85001,102038000
2015-10-22,202.98000,205.50999,201.85001,205.25999,174911700
2015-10-23,207.25,207.95000,206.30000,207.50999,144442300
2015-10-26,207.30000,207.37000,206.56000,207,69033000
2015-10-27,206.20000,207,205.78999,206.60001,77905800
2015-10-28,207,208.98000,206.21001,208.95000,135906700
2015-10-29,208.35001,209.27000,208.21001,208.83000,90525500
2015-10-30,209.059998,209.44000,207.74001,207.92999,131076900
2015-11-02,208.32001,210.62000,208.17000,210.39000,86270800
2015-11-03,209.97000,211.66000,209.70000,211,95246100
2015-11-04,211.35001,211.5,209.72000,210.36000,96224500
2015-11-05,210.42999,210.98000,209.089996,210.14999,78408700
2015-11-06,209.74001,210.32001,208.46001,210.039993,110471500
2015-11-09,209.31000,209.49001,206.95000,208.080002,131008700
2015-11-10,207.50999,208.60001,207.19000,208.56000,75874600
2015-11-11,208.88000,208.94000,207.66000,207.74001,67846000
2015-11-12,206.5,207.059998,204.82001,204.84000,121315200
2015-11-13,204.35001,204.67000,202.44000,202.53999,153577100
2015-11-16,202.32001,205.69000,202.17999,205.62000,117645200
2015-11-17,205.99001,207.039993,204.88000,205.47000,121123700
2015-11-18,206.039993,208.89999,205.99001,208.73000,121342500
2015-11-19,208.59000,209.050003,208.20000,208.55000,88220500
2015-11-20,209.45000,210.12000,208.86000,209.31000,94011500
2015-11-23,209.38000,209.98000,208.52000,209.070007,64931200
2015-11-24,207.87000,209.83000,207.41000,209.35001,98874400
2015-11-25,209.5,209.74001,209.0099945,209.32001,51980100
2015-11-27,209.42999,209.80000,208.86000,209.56000,37317800
2015-11-30,209.75,209.89000,208.56000,208.69000,112822700
2015-12-01,209.44000,210.82001,209.11000,210.67999,97858400
2015-12-02,210.62000,211,208.23000,208.53000,108441300
2015-12-03,208.83000,209.14999,204.75,205.61000,166224200
2015-12-04,205.61000,209.97000,205.61000,209.62000,192913900
2015-12-07,209.23000,209.73000,207.20000,208.35001,102027100
2015-12-08,206.49001,208.28999,205.78000,206.95000,103372400
2015-12-09,206.19000,208.67999,204.17999,205.34000,162401500
2015-12-10,205.42000,207.42999,205.14000,205.87000,116128900
2015-12-11,203.35001,204.14000,201.50999,201.88000,211173300
2015-12-14,202.070007,203.050003,199.95000,202.89999,182385200
2015-12-15,204.70000,206.11000,202.87000,205.029999,154069600
2015-12-16,206.37000,208.39000,204.80000,208.029999,197017000
2015-12-17,208.39999,208.48000,204.84000,204.86000,173092500
2015-12-18,202.77000,202.92999,199.83000,200.020004,251393500
2015-12-21,201.41000,201.88000,200.089996,201.67000,99094300
2015-12-22,202.72000,203.85001,201.55000,203.5,111026200
2015-12-23,204.69000,206.070007,204.58000,206.020004,110987200
2015-12-24,205.72000,206.33000,205.42000,205.67999,48539600
2015-12-28,204.86000,205.25999,203.94000,205.21001,65899900
2015-12-29,206.50999,207.78999,206.47000,207.39999,92640700
2015-12-30,207.11000,207.21001,205.75999,205.92999,63317700
2015-12-31,205.13000,205.89000,203.87000,203.87000,114877900
2016-01-04,200.49001,201.029999,198.59000,201.020004,222353500
2016-01-05,201.39999,201.89999,200.050003,201.36000,110845800
2016-01-06,198.34000,200.059998,197.60001,198.82001,152112600
2016-01-07,195.33000,197.44000,193.59000,194.050003,213436100
2016-01-08,195.19000,195.85001,191.58000,191.92000,209817200
2016-01-11,193.0099945,193.41000,189.82001,192.11000,187941300
2016-01-12,193.82001,194.55000,191.14000,193.66000,172330500
2016-01-13,194.45000,194.86000,188.38000,188.83000,221168900
2016-01-14,189.55000,193.25999,187.66000,191.92999,240795600
2016-01-15,186.77000,188.75999,185.52000,187.81000,324846400
2016-01-19,189.96001,190.11000,186.20000,188.059998,195244400
2016-01-20,185.029999,187.5,181.020004,185.64999,286547800
2016-01-21,186.21001,188.87000,184.64000,186.69000,195772900
2016-01-22,189.78000,190.75999,188.88000,190.52000,168319600
2016-01-25,189.92000,190.14999,187.41000,187.64000,130371700
2016-01-26,188.42000,190.53000,188.020004,190.20000,141036800
2016-01-27,189.58000,191.56000,187.059998,188.13000,185681700
2016-01-28,189.96001,190.20000,187.16000,189.11000,143798800
2016-01-29,190.020004,193.88000,189.88000,193.72000,210529300
2016-02-01,192.53000,194.58000,191.84000,193.64999,136061600
2016-02-02,191.96001,191.97000,189.53999,190.16000,182564900
2016-02-03,191.41000,191.78000,187.10001,191.30000,205054900
2016-02-04,190.71001,192.75,189.96001,191.60001,139531800
2016-02-05,190.99001,191.67000,187.20000,187.95000,180788300
2016-02-08,185.77000,186.12000,182.80000,185.42000,191526700
2016-02-09,183.36000,186.94000,183.20000,185.42999,184513100
2016-02-10,186.41000,188.34000,185.12000,185.27000,148214100
2016-02-11,182.34000,184.10001,181.089996,182.86000,219058900
2016-02-12,184.96001,186.64999,183.96001,186.63000,127632400
2016-02-16,188.77000,189.81000,187.63000,189.78000,120250700
2016-02-17,191.16000,193.32001,191.0099945,192.88000,136009500
2016-02-18,193.20000,193.27000,191.72000,192.089996,102343000
2016-02-19,191.17000,192.17999,190.45000,192,114793000
2016-02-22,193.87000,194.95000,193.78999,194.78000,103640300
2016-02-23,194,194.32001,192.17999,192.32001,111455300
2016-02-24,190.63000,193.53000,189.32001,193.20000,150812200
2016-02-25,193.73000,195.55000,192.83000,195.53999,110728300
2016-02-26,196.57001,196.67999,194.89999,195.089996,129833700
2016-02-29,195.11000,196.23000,193.33000,193.56000,125918100
2016-03-01,195.0099945,198.21001,194.45000,198.11000,141799700
2016-03-02,197.74001,199.059998,197.25,199,102415000
2016-03-03,198.78999,199.80000,198.11000,199.78000,95172200
2016-03-04,200.0099945,201.35001,199.029999,200.42999,129293600
2016-03-07,199.34000,201.070007,199.25,200.59000,100219000
2016-03-08,199.32001,199.92000,198.21001,198.39999,123974900
2016-03-09,199.36000,199.78999,198.42999,199.38000,94801200
2016-03-10,199.96001,201.070007,197.38000,199.53999,156838700
2016-03-11,201.25999,202.81000,199.52000,202.75999,137964500
2016-03-14,202.16000,203.039993,201.77000,202.5,73612000
2016-03-15,201.36000,202.53000,201.050003,202.17000,93169100
2016-03-16,201.60001,203.82001,201.55000,203.34000,129303200
2016-03-17,203.24001,205.23000,202.77000,204.63000,134278500
2016-03-18,204.17000,204.78000,203.80000,204.38000,138372400
2016-03-21,204.070007,204.94000,203.80000,204.67000,72926700
2016-03-22,203.75999,205.23000,203.57001,204.56000,97471900
2016-03-23,204.11000,204.33000,203.0099945,203.21001,81052500
2016-03-24,202,203.16000,201.74001,203.12000,84360900
2016-03-28,203.61000,203.86000,202.71001,203.24001,62408200
2016-03-29,202.75999,205.25,202.39999,205.12000,92922900
2016-03-30,206.30000,206.87000,205.59000,206.020004,86365300
2016-03-31,205.91000,206.41000,205.33000,205.52000,94584100
2016-04-01,204.35001,207.14000,203.98000,206.92000,114423500
2016-04-04,206.83000,207.070007,205.89000,206.25,63497000
2016-04-05,204.67000,206.25999,203.89000,204.19000,99662200
2016-04-06,204.19000,206.49001,203.98000,206.42000,91839800
2016-04-07,205.14000,205.56000,203.089996,203.95000,113859000
2016-04-08,205.34000,205.85001,203.87000,204.5,95040600
2016-04-11,205.25,206.070007,203.91000,204.020004,83757500
2016-04-12,204.22000,206.25,203.70000,205.92000,115350600
2016-04-13,207,208.10001,206.84000,208,96336400
2016-04-14,208.070007,208.60001,207.60001,208.0099945,65212900
2016-04-15,208.0099945,208.17000,207.39999,207.78000,75761600
2016-04-18,207.78000,209.28000,207,209.24001,82531000
2016-04-19,209.74001,210.20000,208.94000,209.89999,88316100
2016-04-20,209.95000,210.92000,209.39000,210.10001,81100300
2016-04-21,210.12000,210.25,208.64999,208.97000,85695000
2016-04-22,208.55000,209.28999,207.91000,208.97000,99251700
2016-04-25,208.25999,208.66000,207.53999,208.61000,66166500
2016-04-26,209.039993,209.52000,208.36000,208.92000,75864200
2016-04-27,208.47000,209.81000,208.050003,209.35001,77329400
2016-04-28,208.46001,209.75999,206.96001,207.45000,97216200
2016-04-29,206.72000,207.13000,205.029999,206.33000,142424100
2016-05-02,206.92000,208.17999,206.41000,207.97000,62188000
2016-05-03,206.52000,206.80000,205.28000,206.16000,106422100
2016-05-04,204.99001,205.85001,204.42000,205.0099945,92243800
2016-05-05,205.56000,205.98000,204.47000,204.97000,67619200
2016-05-06,204.059998,205.77000,203.88000,205.72000,89315000
2016-05-09,205.57001,206.39999,205.36000,205.89000,74374900
2016-05-10,206.72000,208.47000,206.64000,208.45000,77472200
2016-05-11,207.91000,208.53999,206.5,206.5,81727000
2016-05-12,207.28999,207.49001,205.37000,206.56000,89586300
2016-05-13,206.21001,206.86000,204.38000,204.75999,96474600
2016-05-16,204.96001,207.34000,204.89000,206.78000,77486800
2016-05-17,206.46001,206.80000,204.23000,204.85001,114924900
2016-05-18,204.44000,206.30000,203.63000,204.91000,120062100
2016-05-19,204.059998,204.53999,202.78000,204.20000,115430500
2016-05-20,204.92000,206.10001,204.86000,205.49001,104990400
2016-05-23,205.50999,205.84000,204.99001,205.21001,58682600
2016-05-24,206.17000,208.24001,206.14000,207.87000,93537800
2016-05-25,208.67000,209.77000,207.87000,209.28000,76621400
2016-05-26,209.44000,209.71001,208.97000,209.34000,55280700
2016-05-27,209.53000,210.25,209.47000,210.24001,64211200
2016-05-31,210.56000,210.69000,209.17999,209.84000,109879400
2016-06-01,209.12000,210.48000,208.89000,210.27000,69936200
2016-06-02,209.80000,210.92999,209.24001,210.91000,63044700
2016-06-03,210.25,210.69000,208.86000,210.28000,101757100
2016-06-06,210.70000,211.77000,210.50999,211.35001,64887000
2016-06-07,211.53000,212.34000,211.5,211.67999,60974800
2016-06-08,211.84000,212.52000,211.69000,212.37000,66170900
2016-06-09,211.50999,212.22000,211.19000,212.080002,73786900
2016-06-10,210.46001,210.86000,209.42999,210.070007,113829200
2016-06-13,209.36000,210.37000,208.35001,208.45000,117751200
2016-06-14,208,208.74001,206.92000,208.039993,125059300
2016-06-15,208.039993,209.36000,207.53000,207.75,109124500
2016-06-16,207.75,208.57001,205.59000,208.37000,149533100
2016-06-17,207.17000,207.20000,205.75,206.52000,117055700
2016-06-20,208.82001,209.61000,207.75,207.85001,82789600
2016-06-21,208.30000,208.92000,207.78000,208.44000,72461700
2016-06-22,208.64999,209.5,207.92999,208.10001,95560500
2016-06-23,209.81000,210.87000,209.27000,210.81000,102731400
2016-06-24,203.63000,210.85001,202.72000,203.24001,333444400
2016-06-27,201.59000,201.60001,198.64999,199.60001,230775800
2016-06-28,201.48000,203.23000,201.12000,203.20000,159382400
2016-06-29,204.84000,206.92999,204.72000,206.66000,137328600
2016-06-30,207.21001,209.53999,206.56000,209.48000,165021900
2016-07-01,209.48000,210.49001,209.28999,209.92000,106055300
2016-07-05,208.95000,209.080002,207.71001,208.41000,109803700
2016-07-06,207.83000,209.80000,207.059998,209.66000,96021500
2016-07-07,209.87000,210.64999,208.63000,209.53000,85593800
2016-07-08,211.050003,212.94000,210.78000,212.64999,133971000
2016-07-11,213.19000,214.070007,212.95000,213.39999,73633900
2016-07-12,214.53000,215.30000,213.42999,214.95000,101275600
2016-07-13,215.44000,215.45000,214.35001,214.92000,87324100
2016-07-14,216.39999,216.67000,215.66000,216.12000,91230900
2016-07-15,216.78000,217.0099945,215.31000,215.83000,107155400
2016-07-18,215.97000,216.60001,215.67000,216.41000,58725900
2016-07-19,215.92000,216.23000,215.63000,216.19000,54345700
2016-07-20,216.19000,217.37000,216.19000,217.089996,58159500
2016-07-21,216.96001,217.22000,215.75,216.27000,67777300
2016-07-22,216.41000,217.30000,216.10001,217.24001,62787500
2016-07-25,217,217.059998,215.97000,216.64999,55873100
2016-07-26,216.53000,217.17000,215.75999,216.75,70080500
2016-07-27,217.19000,217.27000,215.62000,216.52000,84083900
2016-07-28,216.28999,217.11000,215.75,216.77000,65035700
2016-07-29,216.46001,217.53999,216.13000,217.12000,79519400
2016-08-01,217.19000,217.64999,216.41000,216.94000,73311400
2016-08-02,216.64999,216.83000,214.57001,215.55000,92295500
2016-08-03,215.48000,216.25,215.13000,216.17999,53993600
2016-08-04,216.31000,216.78000,214.25,216.41000,46585500
2016-08-05,216.41000,218.23000,216.41000,218.17999,71892200
2016-08-08,218.39999,218.52000,217.74001,218.050003,39906500
2016-08-09,218.13000,218.75999,217.80000,218.17999,51251700
2016-08-10,218.31000,218.39999,217.23000,217.64000,57941100
2016-08-11,218.25999,218.94000,217.95000,218.64999,72504300
2016-08-12,218.28999,218.71001,217.99001,218.46001,61313500
2016-08-15,218.89000,219.5,218.88000,219.089996,49813500
2016-08-16,218.60001,218.67999,217.96001,217.96001,53213600
2016-08-17,218,218.53000,217.020004,218.37000,75134300
2016-08-18,218.34000,218.89999,218.21001,218.86000,52989300
2016-08-19,218.31000,218.75,217.74001,218.53999,75443000
2016-08-22,218.25999,218.80000,217.83000,218.53000,61368800
2016-08-23,219.25,219.60001,218.89999,218.97000,53399200
2016-08-24,218.80000,218.91000,217.36000,217.85001,71728900
2016-08-25,217.39999,218.19000,217.22000,217.70000,69224800
2016-08-26,217.92000,219.12000,216.25,217.28999,122506300
2016-08-29,217.44000,218.67000,217.39999,218.36000,70502200
2016-08-30,218.25999,218.59000,217.35001,218,58114500
2016-08-31,217.61000,217.75,216.47000,217.38000,85269500
2016-09-01,217.37000,217.73000,216.029999,217.39000,97844200
2016-09-02,218.39000,218.87000,217.70000,218.37000,79293900
2016-09-06,218.70000,219.12000,217.86000,219.029999,56702100
2016-09-07,218.84000,219.22000,218.30000,219.0099945,76554900
2016-09-08,218.62000,218.94000,218.14999,218.50999,74102900
2016-09-09,216.97000,217.029999,213.25,213.28000,221589100
2016-09-12,212.39000,216.81000,212.31000,216.34000,168110900
2016-09-13,214.84000,215.14999,212.5,213.23000,182828800
2016-09-14,213.28999,214.70000,212.5,213.14999,134185500
2016-09-15,212.96001,215.73000,212.75,215.28000,134427900
2016-09-16,213.48000,213.69000,212.57001,213.37000,155236400
2016-09-19,214.13000,214.88000,213.029999,213.41000,80250500
2016-09-20,214.41000,214.59000,213.38000,213.42000,69665300
2016-09-21,214.24001,216.029999,213.44000,215.82001,110284400
2016-09-22,217,217.53000,216.71001,217.17999,76678700
2016-09-23,216.72000,216.88000,215.88000,215.99001,73630900
2016-09-26,215.020004,215.23000,214.0099945,214.24001,89827300
2016-09-27,214.050003,215.67999,213.62000,215.57001,78494800
2016-09-28,215.83000,216.82001,214.71001,216.64000,87411000
2016-09-29,216.39999,216.87000,214.039993,214.67999,128070600
2016-09-30,215.64999,217.12000,215.36000,216.30000,117202900
2016-10-03,215.82001,216.039993,215.039993,215.78000,83512100
2016-10-04,215.91000,216.17000,213.99001,214.67999,119948100
2016-10-05,215.41000,216.13000,215.33000,215.63000,72816000
2016-10-06,215.37000,216.039993,214.74001,215.78000,62927400
2016-10-07,216.10001,216.30000,214.19000,215.039993,89788300
2016-10-10,216.16000,216.70000,215.99001,216.16000,51855000
2016-10-11,215.66000,215.74001,212.58000,213.42999,130367400
2016-10-12,213.59000,214.32001,213.0099945,213.71001,73866100
2016-10-13,212.16000,213.59000,211.21001,213.0099945,101357000
2016-10-14,214.14999,214.69000,213.029999,213.12000,93346200
2016-10-17,213.089996,213.39000,212.17000,212.38000,58275700
2016-10-18,214.24001,214.31000,213.27000,213.71001,76869700
2016-10-19,214.020004,214.64000,213.60001,214.28000,66519200
2016-10-20,213.87000,214.53000,213.11000,213.88000,73639800
2016-10-21,213.88000,214.080002,212.75999,213.98000,89089100
2016-10-24,215,215.32001,214.48000,214.89000,60146600
2016-10-25,214.67999,214.98000,213.98000,214.17000,66542300
2016-10-26,213.21001,214.42000,212.92999,213.74001,75705500
2016-10-27,214.58000,214.62000,213.080002,213.17000,77220200
2016-10-28,213.14000,213.92999,211.71001,212.53999,140623200
2016-10-31,212.92999,213.19000,212.36000,212.55000,61272500
2016-11-01,212.92999,212.99001,209.60001,211.0099945,122781800
2016-11-02,210.64999,211.10001,209.23000,209.74001,103330800
2016-11-03,209.99001,210.24001,208.46001,208.78000,88939300
2016-11-04,208.91000,209.89000,208.38000,208.55000,109122100
2016-11-07,208.55000,213.19000,208.55000,213.14999,109794900
2016-11-08,212.69000,214.77000,212.38000,214.11000,106772100
2016-11-09,212.37000,217.10001,212.34000,216.38000,258429000
2016-11-10,217.30000,218.31000,215.22000,216.92000,172113300
2016-11-11,216.080002,216.70000,215.32001,216.42000,100552700
2016-11-14,217.029999,217.27000,215.72000,216.59000,94580000
2016-11-15,217.039993,218.28000,216.80000,218.28000,91652600
2016-11-16,217.56000,218.14000,217.42000,217.87000,65617700
2016-11-17,218.050003,219.059998,217.92000,218.99001,69797200
2016-11-18,219.070007,219.27000,218.28999,218.5,86265800
2016-11-21,219.17000,220.17999,219,220.14999,72402600
2016-11-22,220.50999,220.78999,219.73000,220.58000,67429000
2016-11-23,219.98000,220.75999,219.75,220.70000,56620200
2016-11-25,221.10001,221.56000,221.0099945,221.52000,37872300
2016-11-28,221.16000,221.48000,220.36000,220.48000,76572500
2016-11-29,220.52000,221.44000,220.17000,220.91000,69886700
2016-11-30,221.63000,221.82001,220.31000,220.38000,113291800
2016-12-01,220.73000,220.73000,219.14999,219.57001,79040500
2016-12-02,219.67000,220.25,219.25999,219.67999,74840300
2016-12-05,220.64999,221.39999,220.42000,221,67837800
2016-12-06,221.22000,221.74001,220.66000,221.70000,59877400
2016-12-07,221.52000,224.67000,221.38000,224.60001,110738100
2016-12-08,224.57001,225.70000,224.25999,225.14999,99714400
2016-12-09,225.41000,226.53000,225.37000,226.50999,88005800
2016-12-12,226.39999,226.96001,225.75999,226.25,102016100
2016-12-13,227.020004,228.34000,227,227.75999,110477500
2016-12-14,227.41000,228.23000,225.37000,225.88000,142501800
2016-12-15,226.16000,227.81000,225.89000,226.81000,124972600
2016-12-16,226.0099945,226.080002,224.67000,225.039993,156420200
2016-12-19,225.25,226.020004,225.080002,225.53000,90341100
2016-12-20,226.14999,226.57001,225.88000,226.39999,89838800
2016-12-21,226.25,226.45000,225.77000,225.77000,67909000
2016-12-22,225.60001,225.74001,224.92000,225.38000,56219100
2016-12-23,225.42999,225.72000,225.21001,225.71001,36697800
2016-12-27,226.020004,226.73000,226,226.27000,42672500
2016-12-28,226.57001,226.59000,224.27000,224.39999,64095000
2016-12-29,224.48000,224.89000,223.84000,224.35001,48696100
2016-12-30,224.73000,224.83000,222.73000,223.53000,108998300
2017-01-03,225.039993,225.83000,223.88000,225.24001,91366500
2017-01-04,225.62000,226.75,225.61000,226.58000,78744400
2017-01-05,226.27000,226.58000,225.48000,226.39999,78379000
2017-01-06,226.53000,227.75,225.89999,227.21001,71559900
2017-01-09,226.91000,227.070007,226.42000,226.46001,46939700
2017-01-10,226.48000,227.45000,226.0099945,226.46001,63771900
2017-01-11,226.36000,227.10001,225.59000,227.10001,74650000
2017-01-12,226.5,226.75,224.96001,226.53000,72113200
2017-01-13,226.73000,227.39999,226.69000,227.050003,62717900
2017-01-17,226.31000,226.78000,225.80000,226.25,61240800
2017-01-18,226.53999,226.80000,225.89999,226.75,54793300
2017-01-19,226.84000,227,225.41000,225.91000,66608800
2017-01-20,226.70000,227.31000,225.97000,226.74001,129168600
2017-01-23,226.74001,226.81000,225.27000,226.14999,75061600
2017-01-24,226.39999,228.080002,226.27000,227.60001,95555300
2017-01-25,228.70000,229.57001,228.50999,229.57001,84437700
2017-01-26,229.39999,229.71001,229.0099945,229.33000,59970700
2017-01-27,229.42000,229.59000,228.75999,228.97000,59711100
2017-01-30,228.17000,228.20000,226.41000,227.55000,79737300
2017-01-31,226.98000,227.60001,226.32001,227.53000,75880800
2017-02-01,227.53000,228.59000,226.94000,227.62000,79117700
2017-02-02,227.62000,228.10001,226.82001,227.77000,69657600
2017-02-03,228.82001,229.55000,228.46001,229.34000,80563200
2017-02-06,228.87000,229.33000,228.53999,228.92999,57790100
2017-02-07,229.38000,229.66000,228.72000,228.94000,57931200
2017-02-08,228.94000,229.39000,228.31000,229.24001,51566200
2017-02-09,229.24001,230.95000,229.24001,230.60001,65955200
2017-02-10,231,231.77000,230.62000,231.50999,66015900
2017-02-13,232.080002,233.070007,232.050003,232.77000,55182100
2017-02-14,232.56000,233.71001,232.16000,233.70000,71109000
2017-02-15,233.45000,235.14000,233.39000,234.92000,86785800
2017-02-16,234.95000,235.16000,233.85001,234.72000,84722400
2017-02-17,233.95000,235.089996,233.92999,235.089996,77204100
2017-02-21,235.52000,236.69000,235.50999,236.49001,88946100
2017-02-22,236.020004,236.53999,235.83000,236.28000,62115200
2017-02-23,236.88000,236.89999,235.56000,236.44000,74615900
2017-02-24,235.46001,236.78999,235.41000,236.74001,82381600
2017-02-27,236.64000,237.31000,236.35001,237.11000,56515400
2017-02-28,236.67000,236.95000,236.020004,236.47000,96961900
2017-03-01,238.39000,240.32001,238.37000,239.78000,149158200
2017-03-02,239.56000,239.57001,238.21001,238.27000,70246000
2017-03-03,238.17000,238.61000,237.73000,238.42000,81974300
2017-03-06,237.5,238.12000,237.0099945,237.71001,55391500
2017-03-07,237.36000,237.77000,236.75999,237,65103700
2017-03-08,237.34000,237.64000,236.39999,236.56000,78168800
2017-03-09,236.70000,237.24001,235.74001,236.86000,90683900
2017-03-10,237.97000,238.020004,236.59000,237.69000,81991700
2017-03-13,237.62000,237.86000,237.24001,237.81000,57256800
2017-03-14,237.17999,237.24001,236.19000,236.89999,59880800
2017-03-15,237.56000,239.44000,237.28999,238.95000,96081800
2017-03-16,239.11000,239.20000,238.10001,238.48000,78344000
2017-03-17,237.75,237.97000,237.029999,237.029999,89002100
2017-03-20,237.029999,237.36000,236.32001,236.77000,52537000
2017-03-21,237.47000,237.61000,233.58000,233.73000,131809300
2017-03-22,233.77000,234.61000,233.050003,234.28000,97569200
2017-03-23,234.28000,235.34000,233.60001,234.029999,100410300
2017-03-24,234.38000,235.039993,232.96001,233.86000,112504900
2017-03-27,231.92999,233.92000,231.61000,233.62000,87454500
2017-03-28,233.27000,235.81000,233.14000,235.32001,93483900
2017-03-29,234.99001,235.81000,234.73000,235.53999,61950400
2017-03-30,235.47000,236.52000,235.27000,236.28999,56737900
2017-03-31,235.89999,236.50999,235.67999,235.74001,73733100
2017-04-03,235.80000,236.029999,233.91000,235.33000,85546500
2017-04-04,235,235.58000,234.56000,235.48000,56466200
2017-04-05,236.25999,237.39000,234.53999,234.78000,108800600
2017-04-06,234.94000,236.039993,234.42999,235.44000,69135800
2017-04-07,235.14999,236,234.64000,235.20000,74412300
2017-04-10,235.36000,236.25999,234.73000,235.34000,67615300
2017-04-11,234.89999,235.17999,233.34000,235.059998,88045300
2017-04-12,234.74001,234.96001,233.77000,234.029999,81864400
2017-04-13,233.64000,234.49001,232.50999,232.50999,92880400
2017-04-17,233.11000,234.57001,232.88000,234.57001,68405400
2017-04-18,233.72000,234.49001,233.080002,233.87000,83225800
2017-04-19,234.52000,234.95000,233.17999,233.44000,68699900
2017-04-20,234.14999,235.85001,233.78000,235.34000,92572200
2017-04-21,235.25,235.31000,234.13000,234.59000,110389800
2017-04-24,237.17999,237.41000,234.56000,237.17000,119209900
2017-04-25,237.91000,238.95000,237.81000,238.55000,76698300
2017-04-26,238.50999,239.53000,238.35001,238.39999,84702500
2017-04-27,238.77000,238.95000,237.98000,238.60001,57410300
2017-04-28,238.89999,238.92999,237.92999,238.080002,63532800
2017-05-01,238.67999,239.17000,238.20000,238.67999,66882500
2017-05-02,238.84000,238.98000,238.30000,238.77000,57375700
2017-05-03,238.77000,238.88000,237.70000,238.48000,73137700
2017-05-04,238.83000,238.92000,237.78000,238.75999,61462700
2017-05-05,239.19000,239.72000,238.67999,239.70000,62001300
2017-05-08,239.75,239.92000,239.17000,239.66000,48385700
2017-05-09,239.96001,240.19000,239.039993,239.44000,51363200
2017-05-10,239.39000,239.87000,239.14999,239.87000,54293800
2017-05-11,239.35001,239.57001,238.13000,239.38000,62358300
2017-05-12,239.089996,239.42999,238.67000,238.98000,53912700
2017-05-15,239.47000,240.44000,239.45000,240.30000,61918900
2017-05-16,240.64000,240.67000,239.63000,240.080002,51241800
2017-05-17,240.080002,240.080002,235.75,235.82001,172174100
2017-05-18,235.73000,237.75,235.42999,236.77000,107047700
2017-05-19,237.33000,239.080002,237.27000,238.31000,115011400
2017-05-22,238.89999,239.71001,238.82001,239.52000,61010600
2017-05-23,239.95000,240.24001,239.50999,240.050003,48341700
2017-05-24,240.32001,240.73000,239.92999,240.61000,46927700
2017-05-25,241.20000,242.080002,240.96001,241.75999,64071700
2017-05-26,241.53999,241.89999,241.45000,241.71001,46629900
2017-05-30,241.34000,241.78999,241.16000,241.5,35201900
2017-05-31,241.84000,241.88000,240.64000,241.44000,91796000
2017-06-01,241.97000,243.38000,241.64000,243.36000,68962000
2017-06-02,243.42000,244.35001,243.080002,244.17000,88666100
2017-06-05,243.97000,244.30000,243.75999,243.99001,44698800
2017-06-06,243.34000,243.98000,243.12000,243.21001,50375400
2017-06-07,243.60001,243.92000,242.83000,243.66000,54144300
2017-06-08,243.77000,244.33000,243.17000,243.78000,65950700
2017-06-09,244.089996,245.0099945,241.95000,243.41000,132256400
2017-06-12,243.13000,243.42000,242.38000,243.36000,86108100
2017-06-13,243.98000,244.61000,243.58000,244.55000,60067000
2017-06-14,244.86000,244.87000,243.28999,244.24001,78602300
2017-06-15,242.67999,243.91000,242.36000,243.77000,66464900
2017-06-16,242.77000,242.83000,241.63000,242.64000,84553100
2017-06-19,243.59000,244.73000,243.48000,244.66000,65123800
2017-06-20,244.25,244.25999,242.99001,243.0099945,56906400
2017-06-21,243.46001,243.59000,242.41000,242.95000,55977600
2017-06-22,242.96001,243.53000,242.64000,242.84000,44148100
2017-06-23,242.91000,243.50999,242.47000,243.13000,66986800
2017-06-26,243.89999,244.38000,243.050003,243.28999,56700500
2017-06-27,243.039993,243.38000,241.31000,241.33000,82247700
2017-06-28,242.5,243.72000,242.23000,243.49001,70042600
2017-06-29,243.66000,243.72000,239.96001,241.35001,106949700
2017-06-30,242.28000,242.71001,241.58000,241.80000,86820700
2017-07-03,242.88000,243.38000,242.21001,242.21001,39153800
2017-07-05,242.63000,243.0099945,241.70000,242.77000,54427600
2017-07-06,241.89000,242.029999,240.34000,240.55000,65400800
2017-07-07,241.21001,242.28000,240.56000,242.11000,57972300
2017-07-10,242.11000,242.80000,241.75999,242.37000,36663300
2017-07-11,242.37000,242.55000,240.85001,242.19000,50354600
2017-07-12,243.30000,244.20000,243.30000,244.0099945,59610400
2017-07-13,244.020004,244.55000,243.75999,244.42000,39471600
2017-07-14,244.42000,245.97000,244.31000,245.56000,60262700
2017-07-17,245.47000,245.91000,245.33000,245.53000,33531900
2017-07-18,245.059998,245.72000,244.67000,245.66000,42742500
2017-07-19,246.020004,247,246.0099945,246.99001,51034300
2017-07-20,247.28000,247.42000,246.47000,247.10001,47135200
2017-07-21,246.44000,246.91000,246.17999,246.88000,82340800
2017-07-24,246.78999,246.98000,246.28000,246.82001,46622300
2017-07-25,247.67999,247.80000,247.16000,247.42000,54915600
2017-07-26,247.75,247.78999,247.13000,247.42999,47575400
2017-07-27,247.96001,248,245.67999,247.20000,70766600
2017-07-28,246.64999,247.059998,246.13000,246.91000,50088400
2017-07-31,247.37000,247.48000,246.53000,246.77000,65838700
2017-08-01,247.46001,247.5,246.72000,247.32001,55050400
2017-08-02,247.47000,247.60001,246.37000,247.44000,47211200
2017-08-03,247.31000,247.34000,246.64000,246.96001,40856000
2017-08-04,247.52000,247.78999,246.97000,247.41000,60191800
2017-08-07,247.49001,247.87000,247.37000,247.87000,31995000
2017-08-08,247.50999,248.91000,246.83000,247.25999,61719400
2017-08-09,246.47000,247.31000,246.059998,247.25,62632600
2017-08-10,246.28999,246.44000,243.70000,243.75999,120479500
2017-08-11,244.020004,244.80000,243.75,244.12000,74869900
2017-08-14,245.59000,246.78999,245.55000,246.53999,73291900
2017-08-15,246.98000,247,246.16000,246.50999,55242700
2017-08-16,247.11000,247.57001,246.45000,246.94000,56715500
2017-08-17,246.24001,246.60001,243.089996,243.089996,128490400
2017-08-18,242.89999,244.19000,242.20000,242.71001,136748000
2017-08-21,242.64000,243.20000,241.83000,242.89999,65469700
2017-08-22,243.57001,245.62000,243.55000,245.44000,63140100
2017-08-23,244.33000,245.050003,244.16000,244.56000,50203800
2017-08-24,245,245.17999,243.75,243.99001,50741700
2017-08-25,244.89999,245.61000,244.39000,244.56000,64445900
2017-08-28,245.17000,245.20000,244.089996,244.57001,40565600
2017-08-29,243.059998,245.14999,242.92999,244.85001,51135700
2017-08-30,244.83000,246.32001,244.62000,246.0099945,62030800
2017-08-31,246.72000,247.77000,246.050003,247.49001,103803900
2017-09-01,247.92000,248.33000,247.67000,247.84000,62007000
2017-09-05,247.25999,247.52000,244.95000,246.059998,91398800
2017-09-06,246.84000,247.28000,246.23000,246.89999,57916900
2017-09-07,247.25,247.27000,246.39999,246.87000,58034700
2017-09-08,246.53999,247.11000,246.30000,246.58000,63832800
2017-09-11,248.039993,249.30000,248.020004,249.21001,71364800
2017-09-12,249.63000,250.089996,249.42000,250.050003,56896000
2017-09-13,249.72000,250.21001,249.59000,250.17000,59228000
2017-09-14,249.80000,250.32001,249.60001,250.089996,95446300
2017-09-15,248.69000,249.28999,248.57001,249.19000,95432400
2017-09-18,249.61000,250.12000,249.28000,249.72000,46235200
2017-09-19,250,250.070007,249.60001,249.97000,47108100
2017-09-20,250.070007,250.19000,248.92000,250.059998,59574100
2017-09-21,249.88000,249.98000,249.19000,249.39000,48211400
2017-09-22,249.050003,249.63000,249.020004,249.44000,51214000
2017-09-25,249.14999,249.55000,248.080002,248.92999,57064400
2017-09-26,249.42000,249.70000,248.81000,249.080002,54082000
2017-09-27,249.88000,250.49001,248.87000,250.050003,81001400
2017-09-28,249.73000,250.44000,249.63000,250.35001,44778800
2017-09-29,250.34000,251.32001,250.13000,251.23000,85578000
2017-10-02,251.49001,252.32001,251.28999,252.32001,59023000
2017-10-03,252.32001,252.89000,252.23000,252.86000,66810200
2017-10-04,252.69000,253.44000,252.56000,253.16000,55953600
2017-10-05,253.53999,254.67999,253.20000,254.66000,63522800
2017-10-06,254.14999,254.70000,253.85001,254.37000,80646000
2017-10-09,254.63000,254.70000,253.64999,253.95000,35803100
2017-10-10,254.60001,255.050003,253.98000,254.62000,43057400
2017-10-11,254.50999,255.020004,254.32001,255.020004,47674300
2017-10-12,254.66000,255.059998,254.37000,254.64000,47065100
2017-10-13,255.14000,255.27000,254.64000,254.95000,54800400
2017-10-16,255.21001,255.50999,254.82001,255.28999,38221700
2017-10-17,255.23000,255.52000,254.98000,255.47000,31561000
2017-10-18,255.89999,255.95000,255.5,255.72000,40888300
2017-10-19,254.83000,255.83000,254.35001,255.78999,61903800
2017-10-20,256.70001,257.14001,255.77000,257.10999,89176400
2017-10-23,257.48001,257.51001,256.019989,256.10999,63915300
2017-10-24,256.60001,256.82999,256.14999,256.56000,66935900
2017-10-25,256.17999,256.31000,254,255.28999,103715300
2017-10-26,255.99001,256.29999,255.48000,255.62000,69798000
2017-10-27,256.47000,257.89001,255.63000,257.70999,85562500
2017-10-30,256.47000,257.60001,256.41000,256.75,54285700
2017-10-31,257.17999,257.44000,256.81000,257.14999,60304800
2017-11-01,258.040009,258.42999,257.070007,257.48999,54202700
2017-11-02,257.41000,257.75,256.19000,257.59000,56449500
2017-11-03,257.76999,258.5,257.29999,258.45001,59589700
2017-11-06,258.29999,259,258.22000,258.85001,49652600
2017-11-07,258.97000,259.35001,258.089996,258.67001,57502200
2017-11-08,258.47000,259.22000,258.14999,259.10999,50469600
2017-11-09,257.73001,258.39001,256.35999,258.17001,95085500
2017-11-10,257.73001,258.29001,257.37000,258.089996,59984700
2017-11-13,257.31000,258.59000,257.26999,258.32999,50228600
2017-11-14,257.41000,257.85001,256.51999,257.73001,61315200
2017-11-15,256.62000,257.22000,255.63000,256.44000,80811500
2017-11-16,257.51999,259.040009,257.47000,258.62000,67777000
2017-11-17,258.22000,258.59000,257.76999,257.85999,75756800
2017-11-20,258.14001,258.51999,257.85999,258.29999,48075500
2017-11-21,259.17999,260.20001,258.26001,259.98999,69176800
2017-11-22,260,260.14999,259.57001,259.76001,45033400
2017-11-24,260.32001,260.48001,260.16000,260.35999,27856500
2017-11-27,260.41000,260.75,260,260.23001,52274900
2017-11-28,260.76001,262.89999,260.64999,262.87000,98971700
2017-11-29,263.019989,263.63000,262.20001,262.70999,77512100
2017-11-30,263.76001,266.049988,263.67001,265.010010,127894400
2017-12-01,264.76001,265.31000,260.76001,264.45999,164390900
2017-12-04,266.31000,266.79999,264.079987,264.14001,94040600
2017-12-05,263.19000,265.14999,263.040009,263.19000,77994500
2017-12-06,263.29999,263.73001,262.70999,263.23999,75898600
2017-12-07,264.070007,264.42999,262.94000,264.070007,77218600
2017-12-08,265.16000,265.51999,264.029999,265.51001,76563900
2017-12-11,266.31000,266.38000,265.48001,266.31000,83077500
2017-12-12,267.20999,267.32001,266.35001,266.78000,85195800
2017-12-13,267.059998,267.56000,266.64999,266.75,102905400
2017-12-14,267.089996,267.22000,265.60001,265.66000,100666700
2017-12-15,265.45001,267.040009,265.39001,266.51001,144610300
2017-12-18,268.10001,268.60001,267.98001,268.20001,83653600
2017-12-19,268.48001,268.53000,267.089996,267.17001,82382900
2017-12-20,268.26999,268.32999,266.69000,267.029999,76751500
2017-12-21,267.73999,268.39001,267.29999,267.57999,67032300
2017-12-22,267.60001,267.64001,266.89999,267.51001,78720900
2017-12-26,267.049988,267.44000,266.89001,267.19000,45244400
2017-12-27,267.38000,267.73001,267.010010,267.32001,57751000
2017-12-28,267.89001,267.92001,267.45001,267.87000,45116100
2017-12-29,268.53000,268.54999,266.64001,266.85999,96007400
2018-01-02,267.84000,268.81000,267.39999,268.76999,86655700
2018-01-03,268.95999,270.64001,268.95999,270.47000,90070400
2018-01-04,271.20001,272.16000,270.54001,271.60999,80636400
2018-01-05,272.51001,273.56000,271.95001,273.42001,83524000
2018-01-08,273.31000,274.10001,272.98001,273.92001,57319200
2018-01-09,274.39999,275.25,274.079987,274.54001,57254000
2018-01-10,273.67999,274.42001,272.92001,274.12000,69574300
2018-01-11,274.75,276.12000,274.56000,276.12000,62361500
2018-01-12,276.42001,278.10999,276.079987,277.92001,90816100
2018-01-16,279.35001,280.089996,276.17999,276.97000,106555100
2018-01-17,278.029999,280.049988,276.97000,279.60999,113258800
2018-01-18,279.48001,279.95999,278.57999,279.14001,100728000
2018-01-19,279.79999,280.41000,279.14001,280.41000,140920100
2018-01-22,280.17001,282.69000,280.10999,282.69000,91322400
2018-01-23,282.73999,283.62000,282.37000,283.29001,97084700
2018-01-24,284.019989,284.70001,281.84000,283.17999,134816100
2018-01-25,284.16000,284.26999,282.39999,283.29999,84587300
2018-01-26,284.25,286.63000,283.95999,286.57999,107743100
2018-01-29,285.92999,286.42999,284.5,284.67999,90118300
2018-01-30,282.60001,284.73999,281.22000,281.76001,131796400
2018-01-31,282.73001,283.29999,280.67999,281.89999,108364800
2018-02-01,281.070007,283.059998,280.67999,281.57999,90102500
2018-02-02,280.079987,280.23001,275.41000,275.45001,173174800
2018-02-05,273.45001,275.85001,263.31000,263.92999,294681800
2018-02-06,259.94000,269.70001,258.70001,269.13000,355026800
2018-02-07,268.5,272.35999,267.57999,267.67001,167376100
2018-02-08,268.010010,268.17001,257.59000,257.63000,246449500
2018-02-09,260.79999,263.60999,252.92000,261.5,283565300
2018-02-12,263.82999,267.010010,261.66000,265.34000,143736000
2018-02-13,263.97000,266.62000,263.31000,266,81223600
2018-02-14,264.31000,270,264.29999,269.59000,120735700
2018-02-15,271.57001,273.040009,268.76999,273.029999,111200300
2018-02-16,272.32001,275.32001,272.26999,273.10999,160420100
2018-02-20,272.029999,273.67001,270.5,271.39999,86369700
2018-02-21,271.89999,274.72000,269.94000,270.049988,98883700
2018-02-22,271.10001,273.049988,269.64001,270.39999,110511300
2018-02-23,271.79001,274.70999,271.25,274.70999,92766400
2018-02-26,275.92999,278.010010,275.26001,277.89999,86491400
2018-02-27,278.10999,278.92001,274.35999,274.42999,99099200
2018-02-28,275.67999,276.19000,271.29001,271.64999,121907800
2018-03-01,271.41000,273.17001,266,267.70001,176855100
2018-03-02,265.79999,269.72000,264.82001,269.079987,139083200
2018-03-05,267.73001,272.89001,267.60999,272.19000,97307400
2018-03-06,273.29999,273.39001,271.17999,272.88000,79213200
2018-03-07,270.42001,273.17999,270.20001,272.78000,87063500
2018-03-08,273.54999,274.23999,272.42001,274.10001,66901200
2018-03-09,275.70001,278.87000,275.34000,278.87000,113625300
2018-03-12,279.20001,279.91000,278.079987,278.51999,71924800
2018-03-13,279.84000,280.41000,276.029999,276.72000,91968900
2018-03-14,277.81000,278.019989,274.67001,275.29999,105895100
2018-03-15,275.88000,276.60999,274.42999,275,83433000
2018-03-16,274.5,275.39001,274.14001,274.20001,100343700
2018-03-19,273.35001,274.39999,268.62000,270.48999,109208400
2018-03-20,270.94000,271.67001,270.17999,270.95001,59757300
2018-03-21,270.89999,273.26999,270.19000,270.42999,78709600
2018-03-22,267.91000,268.87000,263.35999,263.67001,148785900
2018-03-23,264.17001,264.54001,257.82999,258.049988,183534800
2018-03-26,262.13000,265.42999,259.41000,265.10999,141956100
2018-03-27,266.17001,266.76999,258.84000,260.60001,129941400
2018-03-28,260.75,262.64001,258.57999,259.82999,146452300
2018-03-29,261.12000,265.26001,259.84000,263.14999,111601600
2018-04-02,262.54999,263.13000,254.67000,257.47000,186286300
2018-04-03,258.87000,261.31000,256.84000,260.76999,119956900
2018-04-04,256.75,264.35999,256.60001,263.56000,123715300
2018-04-05,265.54999,266.64001,264.32001,265.64001,82652600
2018-04-06,263.42001,265.10999,258,259.72000,179521200
2018-04-09,261.37000,264.84000,259.94000,261,105442900
2018-04-10,264.26999,266.040009,262.98001,265.14999,103529000
2018-04-11,263.47000,265.64001,263.39001,263.76001,91140200
2018-04-12,265.26001,267,265.059998,265.92999,68890500
2018-04-13,267.41000,267.54001,264.010010,265.14999,85079200
2018-04-16,267,268.20001,266.070007,267.32999,63405300
2018-04-17,269.32999,270.87000,268.75,270.19000,64682000
2018-04-18,270.69000,271.29999,269.87000,270.39001,57303900
2018-04-19,269.64999,269.88000,267.72000,268.89001,77655900
2018-04-20,268.81000,269.059998,265.60999,266.60999,99953100
2018-04-23,267.26001,267.89001,265.35001,266.57001,65558000
2018-04-24,267.73001,267.98001,261.28000,262.98001,112885500
2018-04-25,262.91000,264.13000,260.85001,263.63000,103840900
2018-04-26,264.79001,267.25,264.29001,266.31000,67731900
2018-04-27,267,267.34000,265.5,266.56000,57053600
2018-04-30,267.26001,267.89001,264.42999,264.51001,82182300
2018-05-01,263.87000,265.10001,262.10999,264.98001,74203400
2018-05-02,264.76001,265.67999,262.76001,263.20001,86368900
2018-05-03,262.26001,263.35999,259.049988,262.62000,136311500
2018-05-04,261.51999,266.79001,261.14999,266.019989,91222100
2018-05-07,266.89001,268.019989,266.10999,266.92001,55304900
2018-05-08,266.5,267.32999,265.14999,266.92001,67499200
2018-05-09,267.67999,269.87000,267.089996,269.5,59666100
2018-05-10,270.34000,272.39001,270.22000,272.019989,72063900
2018-05-11,272.16000,273.14999,271.57999,272.85001,59871500
2018-05-14,273.34000,274.079987,272.35999,272.98001,54790600
2018-05-15,271.59000,271.60999,270.029999,271.10001,87036100
2018-05-16,271.14001,272.76001,271.10999,272.23999,53942600
2018-05-17,271.94000,273.23001,271.13000,272.010010,56536400
2018-05-18,271.62000,272.029999,270.92999,271.32999,64368000
2018-05-21,273.010010,273.98001,272.57001,273.37000,58025900
2018-05-22,273.95999,274.25,272.23999,272.60999,52966400
2018-05-23,271.17001,273.39001,270.98999,273.35999,64694200
2018-05-24,272.91000,273.22000,270.78000,272.79999,76043800
2018-05-25,272.14999,272.85999,271.57999,272.14999,56374800
2018-05-29,270.31000,271.17001,267.76001,269.019989,115908600
2018-05-30,270.5,273.10999,270.42001,272.60999,69678400
2018-05-31,272.14999,272.48999,270.26001,270.94000,93519900
2018-06-01,272.41000,273.94000,272.32999,273.60001,71258400
2018-06-04,274.53000,275.19000,274.26001,274.89999,45385200
2018-06-05,275.049988,275.53000,274.17999,275.10001,51135000
2018-06-06,275.79001,277.51999,275.089996,277.39999,62732200
2018-06-07,277.95001,278.28000,276.34000,277.37000,72969400
2018-06-08,276.85001,278.25,276.66000,278.19000,72139700
2018-06-11,278.44000,279.37000,278.31000,278.56000,58892500
2018-06-12,279.029999,279.32999,278.19000,278.92001,72329000
2018-06-13,279.19000,279.48001,277.79999,278.029999,79070600
2018-06-14,279.010010,279.32999,278.059998,278.73001,77097600
2018-06-15,276.60001,277.51001,275.35001,277.13000,120041600
2018-06-18,275.48999,276.70001,274.95001,276.56000,52917600
2018-06-19,274,275.75,273.53000,275.5,97531500
2018-06-20,276.26999,276.72000,275.59000,275.97000,53785500
2018-06-21,275.95999,275.98001,273.67999,274.23999,71061400
2018-06-22,275.66000,275.79001,274.48999,274.73999,54898500
2018-06-25,273.44000,273.62000,269.10001,271,137854200
2018-06-26,271.64001,272.56000,270.79001,271.60001,68547400
2018-06-27,272.26001,273.87000,269.17999,269.35001,105110700
2018-06-28,269.29001,271.75,268.48999,270.89001,76650500
2018-06-29,272.12000,273.66000,271.14999,271.28000,97592500
2018-07-02,269.51001,272.040009,269.23999,271.85999,63554800
2018-07-03,272.87000,272.98001,270.42001,270.89999,42187100
2018-07-05,272.17001,273.17999,270.95999,273.10999,56925900
2018-07-06,273.14001,275.84000,272.70999,275.42001,66493700
2018-07-09,276.54999,277.95999,276.5,277.89999,50550400
2018-07-10,278.41000,279.010010,278.079987,278.89999,51966800
2018-07-11,277.14999,278.040009,276.51999,276.85999,77054700
2018-07-12,278.28000,279.42999,277.60001,279.37000,60124700
2018-07-13,279.17001,279.92999,278.66000,279.59000,48216000
2018-07-16,279.64001,279.79999,278.84000,279.34000,48201000
2018-07-17,278.47000,280.91000,278.41000,280.47000,52315500
2018-07-18,280.56000,281.17999,280.059998,281.059998,44593500
2018-07-19,280.31000,280.73999,279.45999,280,61412100
2018-07-20,279.76999,280.48001,279.5,279.67999,82337700
2018-07-23,279.45001,280.42999,279.059998,280.20001,47047600
2018-07-24,281.79001,282.56000,280.63000,281.60999,68026900
2018-07-25,281.32999,284.37000,281.28000,284.010010,78882900
2018-07-26,283.20001,284.10999,283.089996,283.34000,57919500
2018-07-27,283.70999,283.82001,280.38000,281.42001,76768700
2018-07-30,281.51001,281.69000,279.35999,279.95001,63742500
2018-07-31,280.81000,282.019989,280.38000,281.32999,68570500
2018-08-01,281.56000,282.13000,280.13000,280.85999,53853300
2018-08-02,279.39001,282.57999,279.16000,282.39001,63426400
2018-08-03,282.53000,283.66000,282.32999,283.60001,53935400
2018-08-06,283.64001,284.98999,283.20001,284.64001,39400900
2018-08-07,285.39001,286.010010,285.23999,285.57999,43196600
2018-08-08,285.39001,285.91000,284.94000,285.45999,42114600
2018-08-09,285.53000,285.97000,284.92001,285.070007,35717000
2018-08-10,283.45001,284.059998,282.35999,283.16000,77076000
2018-08-13,283.47000,284.16000,281.76999,282.10001,65732900
2018-08-14,282.92001,284.17001,282.48001,283.89999,43842000
2018-08-15,282.38000,282.54001,280.16000,281.78000,102925400
2018-08-16,283.39999,285.040009,283.35999,284.059998,69967900
2018-08-17,283.82999,285.56000,283.37000,285.059998,65618500
2018-08-20,285.57001,285.97000,285.059998,285.67001,39807500
2018-08-21,286.25,287.31000,285.70999,286.34000,67272000
2018-08-22,285.88000,286.76001,285.57999,286.17001,44993300
2018-08-23,285.97000,286.94000,285.42999,285.79001,49204900
2018-08-24,286.44000,287.67001,286.38000,287.51001,57487400
2018-08-27,288.85999,289.89999,288.67999,289.78000,57072400
2018-08-28,290.29999,290.42001,289.39999,289.92001,46943500
2018-08-29,290.16000,291.73999,289.89001,291.48001,61485500
2018-08-30,290.94000,291.35999,289.63000,290.29999,61229500
2018-08-31,289.84000,290.81000,289.29001,290.31000,66140800
2018-09-04,289.84000,290.20999,288.67999,289.81000,57594400
2018-09-05,289.41000,289.64001,287.89001,289.029999,72452400
2018-09-06,289.14999,289.48999,287,288.16000,65909900
2018-09-07,286.98001,288.70001,286.70999,287.60001,73524800
2018-09-10,288.73999,289.040009,287.88000,288.10001,50210900
2018-09-11,287.37000,289.54999,286.98001,289.049988,50530500
2018-09-12,289.059998,289.79999,288.23001,289.12000,59810800
2018-09-13,290.32001,291.040009,290,290.82999,51034200
2018-09-14,291.059998,291.26999,290,290.88000,55079900
2018-09-17,290.82001,290.85999,289.029999,289.34000,68244000
2018-09-18,289.57999,291.57999,289.54999,290.91000,61930400
2018-09-19,290.97000,291.69000,290.82999,291.22000,49080600
2018-09-20,292.64001,293.94000,291.23999,293.57999,100360600
2018-09-21,293.089996,293.22000,291.81000,291.98999,105479700
2018-09-24,291.34000,291.5,290.37000,291.019989,53409600
2018-09-25,291.53000,291.64999,290.48001,290.75,44370000
2018-09-26,290.91000,292.23999,289.41000,289.88000,79739700
2018-09-27,290.41000,291.91000,290.10001,290.69000,59249500
2018-09-28,289.98999,291.28000,289.95001,290.72000,70091400
2018-10-01,292.10999,292.92999,290.98001,291.73001,62078900
2018-10-02,291.56000,292.35999,291.14001,291.56000,47258200
2018-10-03,292.73999,293.20999,291.32001,291.72000,64694600
2018-10-04,291.17999,291.23999,287.66000,289.44000,111545900
2018-10-05,289.69000,290.26999,286.22000,287.82001,105951700
2018-10-08,287.049988,288.22000,285.5,287.82001,87742200
2018-10-09,287.39001,288.85999,286.76999,287.39999,74339000
2018-10-10,286.82999,286.91000,277.88000,278.29999,214731000
2018-10-11,277.079987,278.89999,270.35999,272.17001,274840500
2018-10-12,276.76999,277.089996,272.37000,275.95001,183186500
2018-10-15,275.54999,277.040009,274.29999,274.39999,102263700
2018-10-16,276.60001,280.82001,276.070007,280.39999,118255800
2018-10-17,280.44000,281.14999,277.56000,280.45001,110626000
2018-10-18,279.39999,280.070007,274.97000,276.39999,134557500
2018-10-19,277.13000,279.29999,275.47000,276.25,139901600
2018-10-22,277,277.35999,274.41000,275.010010,82415800
2018-10-23,270.95001,274.87000,268.60999,273.60999,146352700
2018-10-24,273.32999,273.76001,264.70001,265.32001,177806700
2018-10-25,267.38000,271.81000,266.23001,270.079987,138061500
2018-10-26,265.92001,271,262.29001,265.32999,201574600
2018-10-29,268.79999,270.25,259.85001,263.85999,160749100
2018-10-30,263.67001,268.12000,263.12000,267.76999,157116000
2018-10-31,270.64999,273.23001,270.12000,270.63000,128296300
2018-11-01,271.60001,273.73001,270.38000,273.51001,99495000
2018-11-02,274.75,275.23001,269.59000,271.89001,122634100
2018-11-05,272.44000,274.010010,271.35001,273.39001,65622500
2018-11-06,273.32001,275.29999,273.25,275.12000,60085900
2018-11-07,277.56000,281.10001,277.079987,281.010010,102752100
2018-11-08,280.10999,281.22000,279.22000,280.5,65584900
2018-11-09,279.029999,279.23999,276.17999,277.76001,98812600
2018-11-12,277.19000,277.45999,271.98999,272.57001,99673600
2018-11-13,273.089996,275.32999,271.25,272.059998,98176600
2018-11-14,274.16000,274.60999,268.45001,270.20001,125335900
2018-11-15,268.78000,273.54001,267.010010,273.019989,135101400
2018-11-16,271.79001,274.75,271.20999,273.73001,126668000
2018-11-19,273.049988,273.38000,268.070007,269.10001,103061700
2018-11-20,265.35999,267,263.14999,264.12000,136021300
2018-11-21,265.85999,267.14999,265.010010,265.019989,75563700
2018-11-23,263.17999,264.82001,263.070007,263.25,42807900
2018-11-26,265.78000,267.75,265.34000,267.5,79981400
2018-11-27,266.34000,268.39999,265.66000,268.39999,75502400
2018-11-28,269.60001,274.57999,268.32999,274.57999,127629600
2018-11-29,273.70999,275.54999,272.42999,273.98001,82346400
2018-11-30,273.81000,276.28000,273.45001,275.64999,98204200
2018-12-03,280.28000,280.39999,277.51001,279.29999,103176300
2018-12-04,278.37000,278.85001,269.89999,270.25,177986000
2018-12-06,265.92001,269.97000,262.44000,269.84000,204185400
2018-12-07,269.45999,271.22000,262.63000,263.57001,161018900
2018-12-10,263.37000,265.16000,258.62000,264.070007,151445900
2018-12-11,267.66000,267.87000,262.48001,264.13000,121504400
2018-12-12,267.47000,269,265.37000,265.45999,97976700
2018-12-13,266.51999,267.48999,264.12000,265.37000,96662700
2018-12-14,262.95999,264.029999,259.85001,260.47000,116961100
2018-12-17,259.39999,260.64999,253.53000,255.36000,165492300
2018-12-18,257.20001,257.95001,253.28000,255.080002,134515100
2018-12-19,255.17000,259.39999,249.35001,251.25999,214992800
2018-12-20,249.86000,251.62000,244.64999,247.17000,252053400
2018-12-21,246.74001,249.71001,239.98000,240.70000,255345600
2018-12-24,239.039993,240.84000,234.27000,234.34000,147311600
2018-12-26,235.97000,246.17999,233.75999,246.17999,218485400
2018-12-27,242.57001,248.28999,238.96001,248.070007,186267300
2018-12-28,249.58000,251.39999,246.45000,247.75,153100200
2018-12-31,249.56000,250.19000,247.47000,249.92000,144299400
2019-01-02,245.98000,251.21001,245.95000,250.17999,126925200
2019-01-03,248.23000,248.57001,243.67000,244.21001,144140700
2019-01-04,247.59000,253.11000,247.17000,252.39000,142628800
2019-01-07,252.69000,255.95000,251.69000,254.38000,103139100
2019-01-08,256.82001,257.31000,254,256.76999,102512600
2019-01-09,257.56000,258.91000,256.19000,257.97000,95006600
2019-01-10,256.26001,259.16000,255.5,258.88000,96823900
2019-01-11,257.67999,259.010010,257.029999,258.98001,73858100
2019-01-14,256.85999,258.29999,256.41000,257.39999,70908200
2019-01-15,257.82001,260.70001,257.81000,260.35001,85208300
2019-01-16,260.82999,261.97000,260.60001,260.98001,77636700
2019-01-17,260.010010,263.92001,259.95999,262.95999,96118400
2019-01-18,264.98001,266.98001,263,266.45999,127900300
2019-01-22,264.82001,265.059998,261.059998,262.85999,115531200
2019-01-23,264.010010,264.79001,260.66000,263.41000,86030300
2019-01-24,263.20999,264.20001,262.079987,263.54999,59204100
2019-01-25,265.60999,266.70001,263.66000,265.78000,96883400
2019-01-28,263.39001,263.82999,261.79001,263.76001,85613700
2019-01-29,263.92001,264.54999,262.48001,263.41000,66136300
2019-01-30,265.10001,268.51999,264.25,267.57999,92473700
2019-01-31,267.51001,270.47000,267.26999,269.92999,104012100
2019-02-01,270.14999,271.20001,269.17999,270.059998,85782500
2019-02-04,270.10999,272.029999,269.35999,271.95999,60744800
2019-02-05,272.44000,273.44000,271.88000,273.10001,79552800
2019-02-06,272.79001,273.34000,271.92001,272.73999,58347800
2019-02-07,270.94000,271.54999,268.29001,270.14001,95482000
2019-02-08,268.75,270.57999,267.82999,270.47000,75788900
2019-02-11,271.20001,271.48999,270.029999,270.62000,68021400
2019-02-12,272.42001,274.51999,272.34000,274.10001,72270200
2019-02-13,275.029999,275.92999,274.56000,274.98999,65277200
2019-02-14,273.78000,275.64001,272.87000,274.38000,83234400
2019-02-15,276.35999,277.41000,276.13000,277.37000,97088700
2019-02-19,276.48001,278.57999,276.47000,277.85001,59120800
2019-02-20,277.81000,278.92001,277.25,278.41000,76610800
2019-02-21,277.70001,278.10001,276.35001,277.42001,64214700
2019-02-22,278.10999,279.35999,277.39999,279.14001,78114600
2019-02-25,280.73001,281.31000,279.42999,279.51999,69030700
2019-02-26,279.13000,280.29999,278.89999,279.32001,56844100
2019-02-27,278.51999,279.59000,277.48001,279.20001,56921600
2019-02-28,278.95999,279.45001,278.32001,278.67999,69268300
2019-03-01,280.44000,280.88000,278.82001,280.42001,78880500
2019-03-04,281.60001,281.87000,276.84000,279.39999,106494600
2019-03-05,279.54001,279.76001,278.41000,279.019989,59114600
2019-03-06,279.14999,279.16000,276.97000,277.32999,75039800
2019-03-07,276.82999,276.98999,274.070007,275.010010,94885100
2019-03-08,272.94000,274.64999,272.42001,274.45999,85795800
2019-03-11,275.26001,278.62000,275.23001,278.44000,65098900
2019-03-12,279.059998,280.070007,278.85001,279.48999,79667500
2019-03-13,280.48001,282.38000,280.29999,281.34000,80639200
2019-03-14,281.37000,281.84000,280.67001,281.16000,67518400
2019-03-15,280.54001,282.20999,280.32999,281.31000,81309000
2019-03-18,281.54999,282.66000,281.29999,282.32999,62199800
2019-03-19,283.51001,284.35999,281.41000,282.39999,90268100
2019-03-20,282.16000,283.5,280.32001,281.54999,84609200
2019-03-21,280.64001,285.17999,280.59000,284.73001,79550400
2019-03-22,283.22000,283.79999,279.17999,279.25,122659300
2019-03-25,278.87000,280.19000,277.64001,279.040009,85575200
2019-03-26,280.98999,282.17999,279.56000,281.12000,68125900
2019-03-27,281.10999,281.76001,277.92999,279.64999,72224700
2019-03-28,280.35001,281.20999,279.070007,280.70999,56238500
2019-03-29,282.39001,282.84000,281.14001,282.48001,82186800
2019-04-01,284.70001,286.16000,284.39999,285.82999,77617900
2019-04-02,286.040009,286.23001,285.089996,285.97000,40070400
2019-04-03,287.32001,287.76001,285.75,286.42001,68243200
2019-04-04,286.78000,287.45999,286.010010,287.17999,48997500
2019-04-05,287.92001,288.63000,287.60001,288.57001,58621700
2019-04-08,288.10001,288.91000,287.37000,288.79001,53566300
2019-04-09,287.72000,288.079987,286.70001,287.31000,66142300
2019-04-10,287.76999,288.39001,287.31000,288.29001,52601500
2019-04-11,288.82999,288.84000,287.57999,288.20999,55093100
2019-04-12,290,290.47000,288.26001,290.16000,69727800
2019-04-15,290.23999,290.35001,289.079987,289.97000,49596700
2019-04-16,290.95001,291.010010,289.5,290.16000,52153200
2019-04-17,291.39999,291.42999,288.98999,289.45001,58268300
2019-04-18,290.10001,290.32001,288.66000,290.019989,68708500
2019-04-22,289.17001,290.44000,289.070007,290.26999,40160100
2019-04-23,290.67999,293.14001,290.42001,292.88000,52246600
2019-04-24,292.79001,293.16000,292.070007,292.23001,50392900
2019-04-25,292.12000,292.78000,290.73001,292.049988,57770900
2019-04-26,292.10001,293.48999,291.23999,293.41000,50916400
2019-04-29,293.51001,294.45001,293.41000,293.87000,57197700
2019-04-30,293.48999,294.34000,291.92001,294.019989,81111700
2019-05-01,294.72000,294.95001,291.79999,291.81000,71671900
2019-05-02,291.67999,292.70001,289.51999,291.17999,65030200
2019-05-03,292.82001,294.34000,291.29999,294.029999,56543700
2019-05-06,289.25,293.31000,288.89999,292.82001,107198100
2019-05-07,290.14999,290.81000,285.81000,287.92999,144729900
2019-05-08,287.53000,289.42999,286.87000,287.53000,91568300
2019-05-09,285.23001,287.32999,283.29999,286.66000,103471100
2019-05-10,285.62000,288.94000,282.29999,288.10001,112429300
2019-05-13,282.42001,283.48999,279.92999,280.85999,127290500
2019-05-14,281.98999,285.10001,281.85001,283.39999,77003200
2019-05-15,281.59000,285.76999,281.35999,285.059998,73956400
2019-05-16,285.84000,289.20999,285.76001,287.70001,76749600
2019-05-17,285.14001,288.60001,285.12000,285.84000,100353000
2019-05-20,284.059998,285.95999,283.12000,283.95001,62877600
2019-05-21,285.82999,286.92999,285.54999,286.51001,46847100
2019-05-22,285.45001,286.69000,285.10001,285.63000,49482500
2019-05-23,283.16000,283.20999,280.57001,282.14001,98733800
2019-05-24,283.73999,284.20001,282.089996,282.78000,55268100
2019-05-28,283.089996,284.14999,280.13000,280.14999,70029400
2019-05-29,278.91000,279.35999,276.70999,278.26999,104972900
2019-05-30,279.10999,280.040009,277.81000,279.029999,62523800
2019-05-31,276.20001,277.12000,275.23999,275.26999,86862800
2019-06-03,275.31000,276.54999,273.089996,274.57001,96428000
2019-06-04,277.12000,280.67999,276.62000,280.53000,77231900
2019-06-05,282.32999,282.98999,280.32001,282.95999,71169700
2019-06-06,283.29001,285.54999,282.57001,284.79999,69430400
2019-06-07,285.92999,288.85001,285.73999,287.64999,74272200
2019-06-10,289.37000,290.82001,288.87000,288.97000,60799100
2019-06-11,290.98999,291.39999,288.17999,288.89999,58641300
2019-06-12,288.64001,289.26001,287.82001,288.39001,47096300
2019-06-13,289.39999,289.98001,288.62000,289.57999,48945200
2019-06-14,289.26001,289.92999,288.41000,289.26001,52324700
2019-06-17,289.51999,290.22000,289.17999,289.37000,39205700
2019-06-18,291.39001,293.57001,290.98999,292.39999,85434800
2019-06-19,292.54999,293.64999,291.47000,293.059998,78674400
2019-06-20,296.040009,296.31000,293.13000,295.85999,116570000
2019-06-21,294.13000,295.51999,293.76001,294,83309500
2019-06-24,294.23001,294.57999,293.47000,293.64001,47582700
2019-06-25,293.70001,293.73001,290.64001,290.76001,82028700
2019-06-26,291.75,292.31000,290.35001,290.47000,51584900
2019-06-27,291.31000,292.059998,290.89001,291.5,40355200
2019-06-28,292.57999,293.54999,292.010010,293,59350900
2019-07-01,296.67999,296.92001,294.32999,295.66000,78705600
2019-07-02,295.60999,296.48999,294.67999,296.42999,61504500
2019-07-03,297.17999,298.82001,297.019989,298.79999,40898900
2019-07-05,297.44000,298.64001,296.010010,298.45999,51677300
2019-07-08,297.010010,298.26001,296.22000,296.82001,45841800
2019-07-09,295.54001,297.51999,295.48001,297.19000,41101300
2019-07-10,298.37000,299.66000,297.78000,298.60999,58448500
2019-07-11,299.32001,299.57999,298.20001,299.31000,50826100
2019-07-12,299.85001,300.73001,299.51001,300.64999,40326000
2019-07-15,301.13000,301.13000,300.19000,300.75,33900000
2019-07-16,300.64999,300.88000,299.44000,299.78000,36650100
2019-07-17,299.75,299.92999,297.73999,297.73999,36036300
2019-07-18,297.19000,299.25,296.70001,298.82999,51392600
2019-07-19,300.040009,300.070007,296.98001,297.17001,58678600
2019-07-22,297.60999,298.5,297.040009,297.89999,43638100
2019-07-23,299.14001,300.029999,298.22000,300.029999,44564500
2019-07-24,299.19000,301.44000,299.089996,301.44000,47213200
2019-07-25,300.94000,301,299.10999,300,55394100
2019-07-26,300.76001,302.23001,300.62000,302.010010,45084100
2019-07-29,301.88000,302.010010,300.85001,301.45999,38126500
2019-07-30,299.91000,301.17001,299.48999,300.72000,45849000
2019-07-31,300.98999,301.20001,295.20001,297.42999,104245200
2019-08-01,297.60001,300.87000,293.95999,294.84000,142646600
2019-08-02,293.85001,294.12000,290.89999,292.62000,116749700
2019-08-05,288.089996,288.20999,281.72000,283.82001,178745400
2019-08-06,285.91000,288.040009,284.28000,287.79999,120711700
2019-08-07,284.39999,288.82001,282.040009,287.97000,140572300
2019-08-08,289.62000,293.62000,289.010010,293.62000,87713900
2019-08-09,292.57999,293.23999,289.64999,291.62000,93730000
2019-08-12,289.95999,291.60999,287.019989,288.070007,65527600
2019-08-13,287.73999,294.14999,287.35999,292.54999,94299800
2019-08-14,288.070007,288.73999,283.76001,283.89999,135622100
2019-08-15,284.88000,285.64001,282.39001,284.64999,99556600
2019-08-16,286.48001,289.32999,284.70999,288.85001,83018300
2019-08-19,292.19000,293.079987,291.44000,292.32999,53571800
2019-08-20,291.76999,292.35999,289.95001,290.089996,51596400
2019-08-21,292.48001,292.85999,291.72000,292.45001,49524700
2019-08-22,293.23001,293.92999,290.39999,292.35999,51666400
2019-08-23,290.92001,292.76001,283.47000,284.85001,149161500
2019-08-26,287.26999,288,285.57999,288,72423800
2019-08-27,289.54001,289.95001,286.029999,286.87000,66668900
2019-08-28,286.14001,289.070007,285.25,288.89001,59696700
2019-08-29,291.72000,293.16000,290.60999,292.57999,57899400
2019-08-30,294.22000,294.23999,291.42001,292.45001,62901200
2019-09-03,290.57001,291.57999,289.26999,290.73999,69101400
2019-09-04,293.14001,294.059998,292.31000,294.040009,46887300
2019-09-05,296.79001,298.82999,294,297.82001,83258100
2019-09-06,298.17001,298.76001,297.42001,298.049988,49584300
2019-09-09,299.14001,299.23999,297.16000,298.20001,51260300
2019-09-10,297.35999,298.20001,295.97000,298.13000,57947100
2019-09-11,298.47000,300.34000,297.75,300.25,68821100
2019-09-12,301.25,302.45999,300.41000,301.29001,72908700
2019-09-13,301.78000,302.17001,300.67999,301.089996,62104800
2019-09-16,299.84000,301.14001,299.45001,300.16000,58191200
2019-09-17,299.94000,301.019989,299.75,300.92001,41475500
2019-09-18,300.48999,301.22000,298.23999,301.10001,73375800
2019-09-19,301.53000,302.63000,300.70999,301.079987,76560500
2019-09-20,300.35999,300.67001,297.41000,298.28000,89565000
2019-09-23,297.54999,299,297.26999,298.20999,43476800
2019-09-24,299.41000,299.84000,294.81000,295.87000,94869400
2019-09-25,295.95999,298.10999,294.32999,297.62000,71854000
2019-09-26,297.63000,297.85999,295.45001,297,56179700
2019-09-27,297.82999,297.95001,293.69000,295.39999,84746600
2019-09-30,295.97000,297.54999,295.92001,296.76999,51662400
2019-10-01,297.73999,298.45999,293,293.23999,88242400
2019-10-02,291.5,291.51001,286.64001,288.059998,122539500
2019-10-03,287.81000,290.45001,284.82001,290.42001,85278800
2019-10-04,291.14001,294.63000,291.079987,294.35001,65091200
2019-10-07,293.47000,295.26001,292.76999,293.079987,59610500
2019-10-08,291.040009,291.85001,288.48999,288.53000,95708100
2019-10-09,290.75,292.29999,290.059998,291.26999,62359400
2019-10-10,291.17999,294.20999,291,293.23999,55296300
2019-10-11,296.26999,298.73999,296.14001,296.28000,98720400
2019-10-14,295.92999,296.67001,295.57001,295.95001,40394800
2019-10-15,297.10001,299.70001,296.97000,298.88000,46754500
2019-10-16,298.37000,299.16000,297.92001,298.39999,48928200
2019-10-17,299.67999,300.23999,298.51999,299.28000,45736600
2019-10-18,298.69000,299.39999,297.029999,297.97000,64304000
2019-10-21,299.42001,300.20999,298.94000,299.98999,39048600
2019-10-22,300.57999,300.89999,298.91000,299.010010,48594700
2019-10-23,298.73001,299.94000,298.5,299.88000,34352200
2019-10-24,300.91000,301.070007,299.45999,300.37000,35453100
2019-10-25,299.73999,302.20001,299.67999,301.60001,45205400
2019-10-28,302.94000,303.85001,302.91000,303.29999,42147000
2019-10-29,303,304.23001,302.85999,303.20999,44284900
2019-10-30,303.42999,304.54999,301.98999,304.14001,49643900
2019-10-31,304.13000,304.13000,301.73001,303.32999,69053800
2019-11-01,304.92001,306.19000,304.73999,306.14001,71141500
2019-11-04,307.85001,308,306.95999,307.37000,60606900
2019-11-05,307.59000,307.92001,306.70999,307.029999,42933200
2019-11-06,307.029999,307.39999,306.059998,307.10001,46487100
2019-11-07,308.57001,309.64999,307.66000,308.17999,54272300
2019-11-08,307.79999,309,307.029999,308.94000,49032100
2019-11-11,307.42001,308.54001,307.26999,308.35001,35797300
2019-11-12,308.75,309.98999,308.14999,309,46484600
2019-11-13,307.91000,309.54001,307.66000,309.10001,53917700
2019-11-14,308.79001,309.64001,308.089996,309.54999,51219900
2019-11-15,311.019989,311.84000,310.26001,311.79001,62023600
2019-11-18,311.53000,312.28000,311.029999,312.019989,49228000
2019-11-19,312.67999,312.69000,311.22000,311.92999,67804700
2019-11-20,311.28000,311.85001,309.059998,310.76999,79406200
2019-11-21,310.89001,311.010010,309.39001,310.26999,54664700
2019-11-22,311.089996,311.23999,309.85001,310.95999,44850200
2019-11-25,311.98001,313.37000,311.98001,313.37000,48647200
2019-11-26,313.41000,314.28000,313.059998,314.079987,37569000
2019-11-27,314.60999,315.48001,314.37000,315.48001,44444600
2019-11-29,314.85999,315.13000,314.059998,314.31000,36592700
2019-12-02,314.59000,314.66000,311.17001,311.64001,75767800
2019-12-03,308.64999,309.64001,307.13000,309.54999,73941700
2019-12-04,310.70001,312.12000,310.32001,311.45999,49080000
2019-12-05,312.23001,312.25,310.57999,312.019989,40709000
2019-12-06,314.12000,315.31000,314.10999,314.87000,48927000
2019-12-09,314.44000,315.17999,313.79999,313.88000,34838500
2019-12-10,313.82001,314.54999,312.81000,313.53000,52649800
2019-12-11,314.029999,314.70001,313.44000,314.42001,53429100
2019-12-12,314.42999,317.98999,314.17001,317.13000,96389600
2019-12-13,316.87000,318.67001,316.019989,317.32001,81503900
2019-12-16,319.22000,320.14999,317.25,319.5,82749700
2019-12-17,319.92001,320.25,319.48001,319.57001,61097700
2019-12-18,320,320.25,319.53000,319.59000,48133000
2019-12-19,319.79999,320.98001,319.51999,320.89999,85310500
2019-12-20,320.45999,321.97000,319.39001,320.73001,147142100
2019-12-23,321.59000,321.64999,321.059998,321.22000,52990000
2019-12-24,321.47000,321.51999,320.89999,321.23001,20270000
2019-12-26,321.64999,322.95001,321.64001,322.94000,30911200
2019-12-27,323.73999,323.79999,322.28000,322.85999,42528800
2019-12-30,322.95001,323.10001,320.54999,321.079987,49729100
2019-12-31,320.53000,322.13000,320.14999,321.85999,57077300
2020-01-02,323.54001,324.89001,322.53000,324.87000,59151200
2020-01-03,321.16000,323.64001,321.10001,322.41000,77709700
2020-01-06,320.48999,323.73001,320.35999,323.64001,55653900
2020-01-07,323.019989,323.54001,322.23999,322.73001,40496400
2020-01-08,322.94000,325.78000,322.67001,324.45001,68296000
2020-01-09,326.16000,326.73001,325.51999,326.64999,48473300
2020-01-10,327.29001,327.45999,325.20001,325.70999,53029300
2020-01-13,326.39001,327.95999,325.92001,327.95001,47086800
2020-01-14,327.47000,328.62000,326.84000,327.45001,62832800
2020-01-15,327.35001,329.019989,327.26001,328.19000,72056600
2020-01-16,329.70001,330.92001,329.45001,330.92001,54050300
2020-01-17,331.70001,332.17999,330.85001,331.95001,95846000
2020-01-21,330.89999,332.17999,330.82001,331.29999,77742400
2020-01-22,332.23999,332.95001,331.17001,331.34000,48914900
2020-01-23,330.63000,332.17001,329.41000,331.72000,51963000
2020-01-24,332.44000,332.53000,327.35999,328.76999,87578400
2020-01-27,323.029999,325.12000,322.66000,323.5,84062500
2020-01-28,325.059998,327.85001,323.60001,326.89001,63834000
2020-01-29,328.38000,328.63000,326.39999,326.62000,53888900
2020-01-30,324.35999,327.91000,323.54001,327.67999,75491800
2020-01-31,327,327.17001,320.73001,321.73001,113845600
2020-02-03,323.35001,326.16000,323.22000,324.12000,69083000
2020-02-04,328.070007,330.010010,327.72000,329.059998,62573200
2020-02-05,332.26999,333.089996,330.67001,332.85999,65951100
2020-02-06,333.91000,334.19000,332.79999,333.98001,50359700
2020-02-07,332.82001,333.98999,331.60001,332.20001,64139400
2020-02-10,331.23001,334.75,331.19000,334.67999,42070000
2020-02-11,336.16000,337.019989,334.67999,335.26001,54864500
2020-02-12,336.82999,337.64999,336.42999,337.42001,43992700
2020-02-13,335.85999,338.12000,335.56000,337.059998,54501900
2020-02-14,337.51001,337.73001,336.20001,337.60001,64582200
2020-02-18,336.51001,337.67001,335.20999,336.73001,57226200
2020-02-19,337.79001,339.079987,337.48001,338.34000,48814700
2020-02-20,337.73999,338.64001,333.67999,336.95001,74163400
2020-02-21,335.47000,335.81000,332.57999,333.48001,113788200
2020-02-24,323.14001,333.56000,321.23999,322.42001,161088400
2020-02-25,323.94000,324.60999,311.69000,312.64999,218913200
2020-02-26,314.17999,318.10999,310.70001,311.5,194773800
2020-02-27,305.45999,311.56000,297.51001,297.51001,284353500
2020-02-28,288.70001,297.89001,285.54001,296.26001,384975800
2020-03-02,298.20999,309.16000,294.45999,309.089996,238703600
2020-03-03,309.5,313.84000,297.57001,300.23999,300139100
2020-03-04,306.12000,313.10001,303.32999,312.85999,176613400
2020-03-05,304.98001,308.47000,300.010010,302.45999,186366800
2020-03-06,293.14999,298.78000,290.23001,297.45999,228667200
2020-03-09,275.29999,284.19000,273.45001,274.23001,309417300
2020-03-10,284.64001,288.51999,273.5,288.42001,276444100
2020-03-11,280.70001,281.94000,270.88000,274.35999,255316300
2020-03-12,256,266.66000,247.67999,248.11000,392220700
2020-03-13,263.089996,271.48001,248.52000,269.32001,329566100
2020-03-16,241.17999,256.89999,237.36000,239.85001,297240000
2020-03-17,245.039993,256.17001,237.070007,252.80000,262070500
2020-03-18,236.25,248.37000,228.020004,240,327597100
2020-03-19,239.25,247.38000,232.22000,240.50999,289322000
2020-03-20,242.53000,244.47000,228.5,228.80000,347158800
2020-03-23,228.19000,229.67999,218.25999,222.95000,326025200
2020-03-24,234.42000,244.10001,233.80000,243.14999,235494500
2020-03-25,244.87000,256.35001,239.75,246.78999,299430300
2020-03-26,249.52000,262.79999,249.050003,261.20001,257632800
2020-03-27,253.27000,260.81000,251.050003,253.42000,224341200
2020-03-30,255.70000,262.42999,253.53000,261.64999,171369500
2020-03-31,260.56000,263.32999,256.22000,257.75,194881100
2020-04-01,247.98000,257.66000,243.89999,246.14999,189554600
2020-04-02,245.19000,252.67999,244.59000,251.83000,177660400
2020-04-03,250.75999,253.32001,245.22000,248.19000,135561200
2020-04-06,257.84000,267,248.17000,264.85999,188061200
2020-04-07,274.20999,275.029999,264.89001,265.13000,201427200
2020-04-08,267.95999,276,265.25,274.029999,153774500
2020-04-09,277.57999,281.20001,275.47000,278.20001,189999200
2020-04-13,277.14001,277.51001,271.41000,275.66000,114839100
2020-04-14,280.98001,284.89999,275.51001,283.79001,134143400
2020-04-15,277.57001,283.94000,275.45999,277.76001,121775000
2020-04-16,279.14999,280.029999,275.76001,279.10001,131798300
2020-04-17,285.38000,287.29999,282.39999,286.64001,146684800
2020-04-20,282.60999,286.79001,281.35001,281.59000,100109300
2020-04-21,276.73001,278.040009,272.019989,273.040009,126385700
2020-04-22,278.35001,281,276.91000,279.10001,92951600
2020-04-23,280.48999,283.94000,278.75,279.079987,104709700
2020-04-24,280.73001,283.70001,278.5,282.97000,85063200
2020-04-27,285.12000,288.26999,284.62000,287.049988,77896600
2020-04-28,291.019989,291.39999,285.39999,285.73001,105270000
2020-04-29,291.53000,294.88000,290.41000,293.20999,118745600
2020-04-30,291.70999,293.32001,288.59000,290.48001,122901700
2020-05-01,285.31000,290.66000,281.51999,282.79001,125180000
2020-05-04,280.73999,283.89999,279.13000,283.57001,80873200
2020-05-05,286.64001,289.25,283.70999,286.19000,79569900
2020-05-06,288.040009,288.45999,283.78000,284.25,73632600
2020-05-07,287.75,289.78000,287.13000,287.67999,75250400
2020-05-08,291.089996,292.95001,289.85999,292.44000,76452400
2020-05-11,290.34000,294,289.88000,292.5,79514200
2020-05-12,293.79001,294.23999,286.51999,286.67001,95870800
2020-05-13,286.059998,287.19000,278.95999,281.60001,144721100
2020-05-14,278.95001,285.10999,272.98999,284.97000,121977900
2020-05-15,282.37000,286.32999,281.34000,286.28000,111146300
2020-05-18,293.049988,296.75,292.70001,295,119703800
2020-05-19,294.35001,296.20999,291.95001,291.97000,95189300
2020-05-20,295.82001,297.87000,295.57001,296.92999,85861700
2020-05-21,296.79001,297.67001,293.69000,294.88000,78293900
2020-05-22,294.57001,295.63000,293.22000,295.44000,63958200
2020-05-26,301.92999,302.19000,295.45999,299.079987,88951400
2020-05-27,302.12000,303.57001,296.87000,303.53000,104817400
2020-05-28,304.64999,306.84000,302.23999,302.97000,90405200
2020-05-29,302.45999,304.95999,299.47000,304.32001,119090800
2020-06-01,303.62000,306.20999,303.059998,305.54999,55758300
2020-06-02,306.54999,308.13000,305.10001,308.079987,74267200
2020-06-03,310.23999,313.22000,309.94000,312.17999,92567600
2020-06-04,311.10999,313,309.079987,311.35999,75794400
2020-06-05,317.23001,321.26999,317.16000,319.34000,150524700
2020-06-08,320.22000,323.41000,319.63000,323.20001,73641200
2020-06-09,320.29999,323.28000,319.35999,320.79001,77479200
2020-06-10,321.42001,322.39001,318.22000,319,95000800
2020-06-11,311.45999,312.14999,300.010010,300.60999,209243600
2020-06-12,308.23999,309.079987,298.60001,304.20999,194678900
2020-06-15,298.019989,308.28000,296.73999,307.049988,135782700
2020-06-16,315.48001,315.64001,307.67001,312.95999,137627500
2020-06-17,314.070007,314.39001,310.85999,311.66000,83398900
2020-06-18,310.010010,312.29999,309.51001,311.78000,80828700
2020-06-19,314.17001,314.38000,306.53000,308.64001,135549600
2020-06-22,307.98999,311.049988,306.75,310.62000,74649400
2020-06-23,313.48999,314.5,311.60999,312.049988,68471200
2020-06-24,309.84000,310.51001,302.10001,304.089996,132813500
2020-06-25,303.47000,307.64001,301.28000,307.35001,89468000
2020-06-26,306.16000,306.39001,299.42001,300.049988,127961000
2020-06-29,301.41000,304.60999,298.92999,304.45999,79773300
2020-06-30,303.98999,310.20001,303.82001,308.35999,113394800
2020-07-01,309.57001,311.89001,309.070007,310.51999,72396500
2020-07-02,314.23999,315.70001,311.51001,312.23001,69344200
2020-07-06,316.37000,317.67999,315.56000,317.049988,61713800
2020-07-07,315.38000,317.51999,313.37000,313.78000,82910000
2020-07-08,314.60999,316.29999,312.70001,316.17999,54638600
2020-07-09,316.84000,317.10001,310.67999,314.38000,83354200
2020-07-10,314.31000,317.88000,312.76001,317.59000,57550400
2020-07-13,320.13000,322.70999,314.13000,314.84000,102997500
2020-07-14,313.29999,319.76001,312,318.92001,93657000
2020-07-15,322.41000,323.040009,319.26999,321.85001,87196500
2020-07-16,319.79001,321.28000,319.089996,320.79001,54622500
2020-07-17,321.88000,322.57001,319.73999,321.72000,62774900
2020-07-20,321.42999,325.13000,320.62000,324.32001,56308800
2020-07-21,326.45001,326.92999,323.94000,325.010010,57292200
2020-07-22,324.62000,327.20001,324.5,326.85999,57792900
2020-07-23,326.47000,327.23001,321.48001,322.95999,75738000
2020-07-24,320.95001,321.98999,319.25,320.88000,73766600
2020-07-27,321.63000,323.41000,320.76999,323.22000,48293000
2020-07-28,322.42999,323.64001,320.85001,321.17001,57495000
2020-07-29,322.12000,325.73001,322.079987,325.12000,48454200
2020-07-30,321.89999,324.41000,319.64001,323.95999,61861700
2020-07-31,325.89999,326.63000,321.32999,326.51999,84986800
2020-08-03,328.32001,329.62000,327.73001,328.79001,53077900
2020-08-04,327.85999,330.059998,327.85999,330.059998,41917900
2020-08-05,331.47000,332.39001,331.17999,332.10999,42697700
2020-08-06,331.48001,334.45999,331.13000,334.32999,43679400
2020-08-07,333.28000,334.88000,332.29999,334.57001,57308300
2020-08-10,335.059998,335.76999,332.95999,335.57001,44282100
2020-08-11,336.85001,337.54001,332.010010,332.79999,69601100
2020-08-12,335.44000,338.28000,335.41000,337.44000,53774400
2020-08-13,336.60999,338.25,335.82999,336.82999,41816100
2020-08-14,336.41000,337.42001,335.62000,336.84000,47260400
2020-08-17,337.94000,338.34000,336.85001,337.91000,35481000
2020-08-18,338.34000,339.10001,336.60999,338.64001,38733900
2020-08-19,339.049988,339.60999,336.62000,337.23001,68054200
2020-08-20,335.35999,338.79999,335.22000,338.28000,42207800
2020-08-21,337.92001,339.72000,337.54999,339.48001,55106600
2020-08-24,342.12000,343,339.45001,342.92001,48588700
2020-08-25,343.53000,344.20999,342.26999,344.12000,38463400
2020-08-26,344.76001,347.85999,344.17001,347.57001,50790200
2020-08-27,348.51001,349.89999,346.53000,348.32999,58034100
2020-08-28,349.44000,350.72000,348.14999,350.57999,48588900
2020-08-31,350.35001,351.29999,349.059998,349.31000,66099200
2020-09-01,350.20999,352.70999,349.23999,352.60001,54908700
2020-09-02,354.67001,358.75,353.42999,357.70001,69540000
2020-09-03,355.87000,356.38000,342.59000,345.39001,148011100
2020-09-04,346.13000,347.82999,334.87000,342.57001,139156300
2020-09-08,336.70999,342.64001,332.88000,333.20999,114465300
2020-09-09,337.54999,342.45999,336.60999,339.79001,91462300
2020-09-10,341.82001,342.53000,332.85001,333.89001,90569500
2020-09-11,335.82001,336.97000,331,334.059998,84680200
2020-09-14,337.48999,340.38000,334.22000,338.45999,65605700
2020-09-15,341.12000,342.019989,338.47000,340.17001,52920900
2020-09-16,341.51001,343.059998,338.51999,338.82001,82096000
2020-09-17,333.56000,337.70001,332.98999,335.84000,91523300
2020-09-18,335.37000,335.48999,327.97000,330.64999,105877900
2020-09-21,325.70001,327.13000,321.73001,326.97000,99450800
2020-09-22,328.57001,330.89999,325.85999,330.29999,63612100
2020-09-23,330.89999,331.20001,322.10001,322.64001,93112200
2020-09-24,321.22000,326.79999,319.79999,323.5,76681300
2020-09-25,322.57999,329.57999,321.64001,328.73001,71069400
2020-09-28,333.22000,334.95999,332.14999,334.19000,64584600
2020-09-29,333.97000,334.76999,331.62000,332.37000,51304000
2020-09-30,333.089996,338.29001,332.88000,334.89001,104081100
2020-10-01,337.69000,338.73999,335.010010,337.040009,88698700
2020-10-02,331.70001,337.010010,331.19000,333.84000,89431100
2020-10-05,336.059998,339.95999,336.010010,339.76001,45713100
2020-10-06,339.91000,342.17001,334.38000,334.92999,90128900
2020-10-07,338.12000,341.63000,338.089996,340.76001,56999600
2020-10-08,342.85001,343.85001,341.85999,343.78000,45242500
2020-10-09,345.56000,347.35001,344.89001,346.85001,59528600
2020-10-12,349.59000,354.019989,349.059998,352.42999,80388500
2020-10-13,352.28000,352.47000,349.089996,350.13000,73255500
2020-10-14,350.75,351.92999,347.14001,347.92999,57727900
2020-10-15,343.70999,348.019989,343.13000,347.5,60357700
2020-10-16,348.95999,350.75,347.10001,347.29001,89501900
2020-10-19,348.64999,349.32999,341.040009,342.010010,68425600
2020-10-20,343.45999,346.88000,342.64001,343.38000,60051900
2020-10-21,343.32999,345.67001,342.39999,342.73001,63575000
2020-10-22,342.95999,345.23999,340.64999,344.60999,55399300
2020-10-23,345.92999,345.98999,343.13000,345.78000,49143900
2020-10-26,342.13000,342.98001,335.62000,339.39001,91473000
2020-10-27,339.76001,340.12000,337.98999,338.22000,65994100
2020-10-28,332.10001,338.25,326.13000,326.66000,127094300
2020-10-29,326.91000,333.39999,325.089996,329.98001,90597700
2020-10-30,328.28000,329.69000,322.60001,326.54001,120287300
2020-11-02,330.20001,332.35999,327.23999,330.20001,86068300
2020-11-03,333.69000,338.25,330.29001,336.029999,93294200
2020-11-04,340.85999,347.94000,339.59000,343.54001,126959700
2020-11-05,349.23999,352.19000,348.85999,350.23999,82039700
2020-11-06,349.92999,351.51001,347.64999,350.16000,74973000
2020-11-09,363.97000,364.38000,354.059998,354.56000,172304200
2020-11-10,353.48999,355.17999,350.51001,354.040009,85552000
2020-11-11,356.39999,357.56000,355.059998,356.67001,58649000
2020-11-12,355.57999,356.72000,351.26001,353.20999,67546200
2020-11-13,355.26999,358.89999,354.70999,358.10001,62892200
2020-11-16,360.98001,362.78000,359.59000,362.57001,74541100
2020-11-17,359.97000,361.92001,358.34000,360.62000,66111000
2020-11-18,360.91000,361.5,356.23999,356.28000,70591300
2020-11-19,355.60001,358.17999,354.14999,357.78000,59940900
2020-11-20,357.5,357.72000,355.25,355.32999,70417300
2020-11-23,357.28000,358.82001,354.87000,357.45999,63230600
2020-11-24,360.20999,363.81000,359.29001,363.22000,62415900
2020-11-25,363.13000,363.16000,361.48001,362.66000,45330900
2020-11-27,363.84000,364.17999,362.57999,363.67001,28514100
2020-11-30,362.82999,363.12000,359.17001,362.059998,83872700
2020-12-01,365.57001,367.67999,364.92999,366.019989,74231400
2020-12-02,364.82001,366.95999,364.20001,366.79001,45927000
2020-12-03,366.67999,368.19000,365.5,366.69000,62882000
2020-12-04,367.32001,369.85001,367.22000,369.85001,50749900
2020-12-07,369.019989,369.62000,367.72000,369.089996,48944300
2020-12-08,367.72000,370.78000,367.67001,370.17001,42458900
2020-12-09,370.88000,371.049988,365.95001,366.85001,74098300
2020-12-10,365.37000,367.85999,364.42999,366.73001,57735400
2020-12-11,364.89999,366.73999,363.26001,366.29999,57698600
2020-12-14,368.64001,369.79999,364.47000,364.66000,69216200
2020-12-15,367.39999,369.59000,365.92001,369.59000,63865300
2020-12-16,369.82001,371.16000,368.87000,370.17001,58420500
2020-12-17,371.94000,372.45999,371.049988,372.23999,64119500
2020-12-18,370.97000,371.14999,367.019989,369.17999,136542300
2020-12-21,364.97000,378.45999,362.029999,367.85999,96386700
2020-12-22,368.20999,368.32999,366.029999,367.23999,47949000
2020-12-23,368.28000,369.62000,367.22000,367.57001,46201400
2020-12-24,368.079987,369.029999,367.45001,369,26457900
2020-12-28,371.73999,372.59000,371.070007,372.17001,39000400
2020-12-29,373.81000,374,370.82999,371.45999,53680500
2020-12-30,372.34000,373.10001,371.57001,371.98999,49455300
2020-12-31,371.78000,374.66000,371.23001,373.88000,78520700
2021-01-04,375.31000,375.45001,364.82001,368.79001,110210800
2021-01-05,368.10001,372.5,368.049988,371.32999,66426200
2021-01-06,369.70999,376.98001,369.12000,373.54999,107997700
2021-01-07,376.10001,379.89999,375.91000,379.10001,68766800
2021-01-08,380.59000,381.48999,377.10001,381.26001,71677200
2021-01-11,377.85001,380.57999,377.72000,378.69000,51034700
2021-01-12,378.89001,379.85999,376.35999,378.76999,52547700
2021-01-13,378.69000,380.85999,377.85001,379.79001,45303600
2021-01-14,380.59000,381.13000,378.10001,378.45999,49989100
2021-01-15,376.72000,377.57999,373.70001,375.70001,107160000
2021-01-19,378.34000,379.23001,376.75,378.64999,51233300
2021-01-20,381.10999,384.79001,380.69000,383.89001,61836100
2021-01-21,384.48999,384.95001,383.25,384.23999,47840100
2021-01-22,382.25,384.13000,381.84000,382.88000,52860500
2021-01-25,383.67001,384.76999,378.45999,384.39001,70402000
2021-01-26,385.41000,385.85001,383.54001,383.79001,42665300
2021-01-27,380.22000,380.32001,372.010010,374.41000,123351100
2021-01-28,376.35999,381.92999,375.89001,377.63000,94198100
2021-01-29,375.63000,376.67001,368.26999,370.070007,126765100
2021-02-01,373.72000,377.34000,370.38000,376.23001,75817600
2021-02-02,379.64999,383.22000,376.32001,381.54999,64450700
2021-02-03,382.44000,383.70001,380.48001,381.85001,52427100
2021-02-04,382.95999,386.23999,381.97000,386.19000,47142600
2021-02-05,388.20001,388.47000,386.14001,387.70999,48669800
2021-02-08,389.26999,390.56000,388.35001,390.51001,38365200
2021-02-09,389.60999,390.89001,389.17001,390.25,35551100
2021-02-10,392.12000,392.28000,387.5,390.079987,59154400
2021-02-11,391.23999,391.69000,388.10001,390.70999,42913300
2021-02-12,389.85001,392.89999,389.76999,392.64001,50593300
2021-02-16,393.95999,394.17001,391.53000,392.29999,50972400
2021-02-17,390.42001,392.66000,389.32999,392.39001,52290600
2021-02-18,389.59000,391.51999,387.73999,390.72000,59712800
2021-02-19,392.070007,392.38000,389.54999,390.029999,83241000
2021-02-22,387.059998,389.62000,386.73999,387.029999,67414200
2021-02-23,384.66000,388.95001,380.20001,387.5,107284100
2021-02-24,386.32999,392.23001,385.26999,391.76999,72433900
2021-02-25,390.41000,391.88000,380.78000,382.32999,146670500
2021-02-26,384.35001,385.57999,378.23001,380.35999,152701600
2021-03-01,385.59000,390.92001,380.57001,389.57999,105348800
2021-03-02,389.82001,390.070007,386,386.54001,79595300
2021-03-03,385.79001,386.82999,381.31000,381.42001,119940200
2021-03-04,381.22000,384,371.88000,376.70001,183433000
2021-03-05,380.45999,384.76001,372.64001,383.63000,152039600
2021-03-08,384.66000,387.67999,381.42001,381.72000,123149200
2021-03-09,385.85001,389.91000,385.31000,387.17001,113633600
2021-03-10,389.69000,391.39999,388.17001,389.57999,109899400
2021-03-11,392.23001,395.64999,391.73999,393.53000,86245000
2021-03-12,392.070007,394.20999,391.20001,394.059998,64653600
2021-03-15,394.32999,396.69000,392.029999,396.41000,73427200
2021-03-16,397.070007,397.82999,395.079987,395.91000,73722500
2021-03-17,394.53000,398.12000,393.29999,397.26001,97959300
2021-03-18,394.48001,396.72000,390.75,391.48001,115349100
2021-03-19,389.88000,391.57001,387.14999,389.48001,113624500
2021-03-22,390.029999,394.070007,389.97000,392.59000,73778600
2021-03-23,391.91000,393.45999,388.66000,389.5,90686600
2021-03-24,391,392.75,387.47000,387.51999,97588600
2021-03-25,385.98001,390.54999,383.89999,389.70001,116128600
2021-03-26,390.92999,396.41000,390.29001,395.98001,114409100
2021-03-29,394.39999,396.75,392.81000,395.78000,108107600
2021-03-30,394.42001,395.45001,393.019989,394.73001,76262200
2021-03-31,395.34000,398,395.31000,396.32999,112734200
2021-04-01,398.39999,400.67001,398.17999,400.60999,99682900
2021-04-05,403.45999,406.94000,403.38000,406.35999,91684800
2021-04-06,405.76001,407.23999,405.39999,406.12000,62021000
2021-04-07,405.94000,406.95999,405.45001,406.59000,55836300
2021-04-08,407.92999,408.57999,406.92999,408.51999,57863100
2021-04-09,408.39001,411.67001,408.26001,411.48999,61104600
2021-04-12,410.85001,411.92999,410.20001,411.64001,56704900
2021-04-13,411.53000,413.53000,411.12000,412.85999,56551000
2021-04-14,412.82999,413.95999,410.87000,411.45001,61659900
2021-04-15,413.73999,416.16000,413.69000,415.87000,60229800
2021-04-16,417.25,417.91000,415.73001,417.26001,82037300
2021-04-19,416.26001,416.73999,413.79001,415.20999,78498500
2021-04-20,413.91000,415.089996,410.59000,412.17001,81851800
2021-04-21,411.51001,416.29001,411.35999,416.070007,66793000
2021-04-22,415.89001,416.78000,411.13000,412.26999,97582800
2021-04-23,412.87000,418.25,412.79001,416.73999,73209200
2021-04-26,417.44000,418.22000,416.81000,417.60999,52182400
2021-04-27,417.92999,418.14001,416.29999,417.51999,51303100
2021-04-28,417.81000,419.010010,416.89999,417.39999,51238900
2021-04-29,420.32001,420.72000,416.44000,420.059998,78544300
2021-04-30,417.63000,418.54001,416.34000,417.29999,85527000
2021-05-03,419.42999,419.84000,417.67001,418.20001,68128300
2021-05-04,416.070007,416.60001,411.67001,415.62000,101591200
2021-05-05,417.38000,417.63000,415.14999,415.75,60162200
2021-05-06,415.82999,419.20999,413.67999,419.070007,74321400
2021-05-07,419.89001,422.82001,419.16000,422.12000,67733800
2021-05-10,422.5,422.73999,417.81000,417.94000,81852400
2021-05-11,413.10001,415.26999,410.059998,414.20999,116888000
2021-05-12,411.23001,412.59000,404,405.41000,134811000
2021-05-13,407.070007,412.35001,407.019989,410.28000,106394000
2021-05-14,413.20999,417.48999,413.17999,416.57999,82201600
2021-05-17,415.39001,416.39001,413.35999,415.51999,65129200
2021-05-18,415.79999,416.059998,411.76999,411.94000,59810200
2021-05-19,406.92001,411.049988,405.32999,410.85999,106467100
2021-05-20,411.79999,416.63000,411.67001,415.28000,78022200
2021-05-21,416.87000,418.20001,414.45001,414.94000,76578700
2021-05-24,417.34000,420.32001,417.079987,419.17001,51376700
2021-05-25,420.32999,420.70999,417.62000,418.23999,57451400
2021-05-26,418.87000,419.60999,417.76001,419.070007,43088600
2021-05-27,420.17001,420.72000,418.98999,419.29001,56707700
2021-05-28,420.97000,421.25,419.79001,420.040009,58520200
2021-06-01,422.57001,422.72000,419.20001,419.67001,54216600
2021-06-02,420.37000,421.23001,419.29001,420.32999,49097100
2021-06-03,417.85001,419.98999,416.28000,418.76999,58138800
2021-06-04,420.75,422.92001,418.84000,422.60001,55938800
2021-06-07,422.59000,422.78000,421.19000,422.19000,51555000
2021-06-08,423.10999,423.20999,420.32001,422.28000,47134300
2021-06-09,423.17999,423.26001,421.41000,421.64999,48436300
2021-06-10,422.95999,424.63000,421.54999,423.60999,51020100
2021-06-11,424.20001,424.42999,422.82001,424.31000,45570800
2021-06-14,424.42999,425.37000,423.10001,425.26001,42358500
2021-06-15,425.42001,425.45999,423.54001,424.48001,51508500
2021-06-16,424.63000,424.87000,419.92001,422.10999,80386100
2021-06-17,421.67001,423.019989,419.32001,421.97000,90949700
2021-06-18,417.089996,417.82999,414.70001,414.92001,118676300
2021-06-21,416.79999,421.059998,415.92999,420.85999,72822000
2021-06-22,420.85001,424,420.079987,423.10999,57700300
2021-06-23,423.19000,424.049988,422.51001,422.60001,49445400
2021-06-24,424.89001,425.54999,424.62000,425.10001,45110300
2021-06-25,425.89999,427.089996,425.54999,426.60999,58129500
2021-06-28,427.17001,427.64999,425.89001,427.47000,53159600
2021-06-29,427.88000,428.56000,427.13000,427.70001,35970500
2021-06-30,427.20999,428.78000,427.17999,428.059998,64827900
2021-07-01,428.87000,430.60001,428.79999,430.42999,53441000
2021-07-02,431.67001,434.10001,430.51999,433.72000,57697700
2021-07-06,433.78000,434.010010,430.010010,432.92999,68710400
2021-07-07,433.66000,434.76001,431.51001,434.45999,63549500
2021-07-08,428.78000,431.73001,427.51999,430.92001,97595200
2021-07-09,432.53000,435.84000,430.70999,435.51999,76238600
2021-07-12,435.42999,437.35001,434.97000,437.079987,52889600
2021-07-13,436.23999,437.84000,435.31000,435.59000,52911300
2021-07-14,437.39999,437.92001,434.91000,436.23999,64130400
2021-07-15,434.81000,435.53000,432.72000,434.75,55126400
2021-07-16,436.010010,436.059998,430.92001,431.34000,75874700
2021-07-19,426.19000,431.41000,421.97000,424.97000,147987000
2021-07-20,425.67999,432.42001,424.82999,431.059998,99608200
2021-07-21,432.34000,434.70001,431.010010,434.54999,64724400
2021-07-22,434.73999,435.72000,433.69000,435.45999,47878500
2021-07-23,437.51999,440.29999,436.79001,439.94000,63766600
2021-07-26,439.31000,441.029999,439.26001,441.019989,43719200
2021-07-27,439.91000,439.94000,435.98999,439.010010,67397100
2021-07-28,439.67999,440.29999,437.31000,438.82999,52472400
2021-07-29,439.82001,441.79999,439.81000,440.64999,47435300
2021-07-30,437.91000,440.059998,437.76999,438.51001,68951200
2021-08-02,440.34000,440.92999,437.20999,437.59000,58783300
2021-08-03,438.44000,441.28000,436.10001,441.14999,58053900
2021-08-04,439.78000,441.12000,438.73001,438.98001,46732200
2021-08-05,440.22000,441.85001,439.88000,441.76001,38969700
2021-08-06,442.10001,442.94000,441.79999,442.48999,46930000
2021-08-09,442.45999,442.79999,441.31000,442.13000,41222600
2021-08-10,442.60999,443.44000,441.88000,442.67999,43339300
2021-08-11,443.82001,443.88000,442.62000,443.78000,44034300
2021-08-12,443.62000,445.26001,442.66000,445.10999,38909400
2021-08-13,445.59000,445.94000,445.070007,445.92001,39470300
2021-08-16,444.53000,447.10999,442.87000,446.97000,73740000
2021-08-17,444.23999,444.95999,440.85001,444.040009,92673900
2021-08-18,442.95999,444.63000,438.92001,439.17999,89351900
2021-08-19,436.26999,441.14001,436.12000,439.85999,92812200
2021-08-20,440.23001,443.70999,439.70999,443.35999,72008700
2021-08-23,445.16000,448.23001,443.44000,447.26001,54973000
2021-08-24,447.97000,448.54001,447.42001,447.97000,38744700
2021-08-25,448.17001,449.45999,447.76999,448.91000,40529700
2021-08-26,448.60999,448.85999,446.16000,446.26001,57829600
2021-08-27,447.12000,450.64999,447.059998,450.25,77235100
2021-08-30,450.97000,453.070007,450.70999,452.23001,48357400
2021-08-31,452.13000,452.48999,450.92001,451.56000,59300200
2021-09-01,452.56000,453.10999,451.54999,451.79999,48721400
2021-09-02,453.32001,454.049988,451.91000,453.19000,42501000
2021-09-03,451.98001,453.63000,451.54999,453.079987,47170500
2021-09-07,452.70999,452.81000,450.73999,451.45999,51671500
2021-09-08,450.89001,451.67001,448.85999,450.91000,56181900
2021-09-09,450.70001,452.57001,448.72000,448.98001,57970400
2021-09-10,451.040009,451.48999,445.31000,445.44000,89948200
2021-09-13,448.64001,448.92001,444.10999,446.57999,83738600
2021-09-14,448.12000,448.34000,443.22000,444.17001,78197100
2021-09-15,444.62000,448.41000,443.44000,447.88000,78792200
2021-09-16,447.32001,448.35999,444.019989,447.17001,77786700
2021-09-17,444.92001,445.37000,441.019989,441.39999,118425000
2021-09-20,434.88000,436.56000,428.85999,434.040009,166445500
2021-09-21,436.53000,437.91000,433.070007,433.63000,92526100
2021-09-22,436.049988,440.029999,433.75,437.85999,102350100
2021-09-23,439.85001,444.89001,439.60001,443.17999,76396000
2021-09-24,441.44000,444.67001,441.20999,443.91000,62094800
2021-09-27,442.81000,444.049988,441.89999,442.64001,61371100
2021-09-28,439.69000,440.040009,432.94000,433.72000,130436300
2021-09-29,435.19000,437.040009,433.85001,434.45001,82329200
2021-09-30,436.019989,436.76999,428.78000,429.14001,140506000
2021-10-01,430.98001,436.029999,427.23001,434.23999,129240100
2021-10-04,433,433.95999,426.35999,428.64001,128570000
2021-10-05,430.23999,435.48999,429.39001,433.10001,90682500
2021-10-06,429.26999,435.12000,427.54001,434.89999,113032200
2021-10-07,438.39001,441.67999,438.20001,438.66000,72437500
2021-10-08,439.48001,439.89001,437.19000,437.85999,74557400
2021-10-11,437.16000,440.26001,434.62000,434.69000,65233300
2021-10-12,435.67001,436.10001,432.78000,433.62000,71181200
2021-10-13,434.70999,436.049988,431.54001,435.17999,72974000
2021-10-14,439.079987,442.66000,438.57999,442.5,70236800
2021-10-15,444.75,446.26001,444.089996,445.87000,66260200
2021-10-18,443.97000,447.54999,443.26999,447.19000,62213200
2021-10-19,448.92001,450.70999,448.26999,450.64001,46996800
2021-10-20,451.13000,452.73001,451.010010,452.41000,49571600
2021-10-21,451.76999,453.82999,451.31000,453.59000,41305400
2021-10-22,453.13000,454.67001,451.049988,453.12000,58845100
2021-10-25,454.28000,455.89999,452.39001,455.54999,45214500
2021-10-26,457.20001,458.48999,455.56000,455.95999,56075100
2021-10-27,456.45001,457.16000,453.85999,453.94000,72438000
2021-10-28,455.45999,458.39999,455.45001,458.32001,51437900
2021-10-29,455.87000,459.56000,455.56000,459.25,70162400
2021-11-01,460.29999,460.70001,458.20001,460.040009,48433600
2021-11-02,460.22000,462.23001,460.079987,461.89999,48908400
2021-11-03,461.29999,465.14999,460.82999,464.72000,52509800
2021-11-04,465.35999,467,464.98999,466.91000,52847100
2021-11-05,469.28000,470.64999,466.92001,468.53000,66390600
2021-11-08,469.70001,470.23001,468.20001,468.92999,50405200
2021-11-09,469.32001,469.57001,465.88000,467.38000,51149100
2021-11-10,465.57999,467.38000,462.040009,463.62000,69429700
2021-11-11,465.20999,465.29001,463.75,463.76999,34848500
2021-11-12,465.12000,467.85999,464.10999,467.26999,53466700
2021-11-15,468.64001,468.81000,466.23001,467.42999,46980500
2021-11-16,467.14999,470.48999,467.070007,469.28000,48857500
2021-11-17,469,469.19000,467.48001,468.14001,47858300
2021-11-18,469.23999,470.010010,466.34000,469.73001,50625600
2021-11-19,469.60999,470.94000,468.5,468.89001,57315600
2021-11-22,470.89001,473.54001,467.35001,467.57001,72762000
2021-11-23,467.22000,469.10001,464.45001,468.19000,73206500
2021-11-24,466.059998,469.57001,465.19000,469.44000,61858800
2021-11-26,462.34000,463.89999,457.76999,458.97000,112669600
2021-11-29,464.070007,466.56000,461.73001,464.60001,86268800
2021-11-30,462,464.029999,455.29999,455.56000,148559600
2021-12-01,461.64001,464.67001,450.29001,450.5,131939200
2021-12-02,450.73001,459.070007,450.31000,457.39999,127637800
2021-12-03,459.17001,460.29999,448.92001,453.42001,137331600
2021-12-06,456.13000,460.79001,453.56000,458.79001,98977500
2021-12-07,464.41000,468.88000,458.64999,468.28000,95484700
2021-12-08,468.70001,470,466.82999,469.51999,72238800
2021-12-09,468.14999,469.63000,466.14001,466.35001,61272600
2021-12-10,469.23001,470.89999,466.51001,470.73999,77159800
2021-12-13,470.19000,470.56000,466.26999,466.57001,87724700
2021-12-14,463.089996,465.73999,460.25,463.35999,97264100
2021-12-15,463.42001,470.85999,460.73999,470.60001,116899300
2021-12-16,472.57001,472.87000,464.79999,466.45001,116568600
2021-12-17,461.54999,464.73999,458.059998,459.87000,135511600
2021-12-20,454.48001,455.39999,451.14001,454.98001,107134800
2021-12-21,458.60999,463.20999,456.31000,463.059998,69806300
2021-12-22,462.79001,467.81000,462.57999,467.69000,58890200
2021-12-23,468.75,472.19000,468.64001,470.60001,56439700
2021-12-27,472.059998,477.31000,472.010010,477.26001,56808600
2021-12-28,477.72000,478.81000,476.059998,476.87000,47274600
2021-12-29,476.98001,478.56000,475.92001,477.48001,54503000
2021-12-30,477.92999,479,475.67001,476.16000,55329000
2021-12-31,475.64001,476.85999,474.67001,474.95999,65237400
2022-01-03,476.29999,477.85001,473.85001,477.70999,72668200
2022-01-04,479.22000,479.98001,475.57999,477.54999,71178700
2022-01-05,477.16000,477.98001,468.28000,468.38000,104538900
2022-01-06,467.89001,470.82001,465.42999,467.94000,86858900
2022-01-07,467.95001,469.20001,464.64999,466.089996,85111600
2022-01-10,462.70001,465.73999,456.60001,465.51001,119362000
2022-01-11,465.23001,469.85001,462.049988,469.75,74303100
2022-01-12,471.59000,473.20001,468.94000,471.019989,67605400
2022-01-13,472.19000,472.88000,463.44000,464.53000,91173100
2022-01-14,461.19000,465.089996,459.89999,464.72000,95890900
2022-01-18,459.73999,459.95999,455.31000,456.48999,109709100
2022-01-19,458.13000,459.60999,451.45999,451.75,109357600
2022-01-20,453.75,458.73999,444.5,446.75,122379700
2022-01-21,445.56000,448.059998,437.95001,437.98001,202271200
2022-01-24,432.029999,440.38000,420.76001,439.84000,251783900
2022-01-25,433.059998,439.72000,427.14999,434.47000,167997300
2022-01-26,440.72000,444.040009,428.85999,433.38000,186391100
2022-01-27,438.26001,441.59000,429.45001,431.23999,149878300
2022-01-28,432.67999,442,427.82001,441.95001,164457400
2022-01-31,441.23999,450.28000,439.81000,449.91000,152251400
2022-02-01,450.67999,453.63000,446.94000,452.95001,123155400
2022-02-02,455.5,458.12000,453.049988,457.35001,117361000
2022-02-03,450.95001,452.97000,445.70999,446.60001,118024400
2022-02-04,446.35001,452.78000,443.82999,448.70001,118454400
2022-02-07,449.51001,450.98999,445.85001,447.26001,84472900
2022-02-08,446.73001,451.92001,445.22000,450.94000,81012000
2022-02-09,455.22000,457.88000,455.010010,457.54001,92589900
2022-02-10,451.34000,457.70999,447.20001,449.32001,140103700
2022-02-11,449.41000,451.60999,438.94000,440.45999,153214600
2022-02-14,439.92001,441.60001,435.34000,439.019989,123006300
2022-02-15,443.73001,446.28000,443.17999,446.10001,88482700
2022-02-16,443.92999,448.059998,441.94000,446.60001,84863600
2022-02-17,443.22000,446.57001,436.42001,437.059998,102259100
2022-02-18,437.32999,438.66000,431.82001,434.23001,132642900
2022-02-22,431.89001,435.5,425.85999,429.57001,124391800
2022-02-23,432.66000,433.26001,421.35001,421.95001,132578000
2022-02-24,411.019989,428.76001,410.64001,428.29999,213942900
2022-02-25,429.60999,437.84000,427.85999,437.75,121804500
2022-02-28,432.029999,438.20001,430.70001,436.63000,145615000
2022-03-01,435.040009,437.17001,427.10999,429.98001,137785900
2022-03-02,432.37000,439.72000,431.57001,437.89001,117726500
2022-03-03,440.47000,441.10999,433.79999,435.70999,105501700
2022-03-04,431.75,433.37000,427.88000,432.17001,113978200
2022-03-07,431.54999,432.29999,419.35999,419.42999,137896600
2022-03-08,419.62000,427.20999,415.12000,416.25,164772700
2022-03-09,425.14001,429.51001,422.82001,427.41000,116990800
2022-03-10,422.51999,426.42999,420.44000,425.48001,93972700
2022-03-11,428.12000,428.76999,419.53000,420.070007,95636300
2022-03-14,420.89001,424.54999,415.79001,417,95729200
2022-03-15,419.76999,426.84000,418.42001,426.17001,106219100
2022-03-16,429.89001,435.67999,424.79999,435.62000,144954800
2022-03-17,433.59000,441.070007,433.19000,441.070007,102676900
2022-03-18,438,444.85999,437.22000,444.51999,106345500
2022-03-21,444.34000,446.45999,440.67999,444.39001,88349800
2022-03-22,445.85999,450.57999,445.85999,449.59000,74650400
2022-03-23,446.91000,448.48999,443.70999,443.79999,79426100
2022-03-24,445.94000,450.5,444.76001,450.48999,64736900
2022-03-25,451.16000,452.98001,448.42999,452.69000,77101300
2022-03-28,452.059998,455.91000,450.059998,455.91000,68529800
2022-03-29,460.019989,462.070007,457.17999,461.54999,86581500
2022-03-30,460.34000,461.20001,456.47000,458.70001,79666900
2022-03-31,457.89001,458.76001,451.16000,451.64001,121699900
2022-04-01,453.31000,453.45999,449.14001,452.92001,89048800
2022-04-04,453.13000,456.91000,452.26001,456.79999,59601000
2022-04-05,455.22000,457.82999,449.82001,451.029999,74214500
2022-04-06,446.89001,448.92999,443.47000,446.51999,106898000
2022-04-07,445.59000,450.69000,443.53000,448.76999,78097200
2022-04-08,447.97000,450.63000,445.94000,447.57001,79272700
2022-04-11,444.10999,445,439.39001,439.92001,89770500
2022-04-12,443.079987,445.75,436.64999,438.29001,84363600
2022-04-13,438.029999,444.10999,437.84000,443.31000,74070400
2022-04-14,443.54999,444.73001,437.67999,437.79001,97869500
2022-04-18,436.81000,439.75,435.60999,437.97000,66002500
2022-04-19,437.85999,445.79999,437.67999,445.040009,77821000
2022-04-20,446.92001,447.57001,443.48001,444.70999,65224400
2022-04-21,448.54001,450.010010,437.10001,438.059998,85417300
2022-04-22,436.91000,438.079987,425.44000,426.040009,132471800
2022-04-25,423.67001,428.69000,418.84000,428.51001,119647700
2022-04-26,425.82999,426.040009,416.070007,416.10001,103996300
2022-04-27,417.23999,422.92001,415.010010,417.26999,122030000
2022-04-28,422.29001,429.64001,417.60001,427.81000,105449100
2022-04-29,423.59000,425.87000,411.20999,412,145491100
2022-05-02,412.070007,415.92001,405.019989,414.48001,158312500
2022-05-03,415.010010,418.92999,413.35999,416.38000,100028200
2022-05-04,417.079987,429.66000,413.70999,429.059998,144247900
2022-05-05,424.54999,425,409.44000,413.81000,172929100
2022-05-06,411.10001,414.79999,405.73001,411.34000,151770800
2022-05-09,405.10001,406.41000,396.5,398.17001,155586100
2022-05-10,404.48999,406.079987,394.82001,399.089996,132497200
2022-05-11,398.070007,404.040009,391.95999,392.75,142361000
2022-05-12,389.37000,395.79999,385.14999,392.34000,125090800
2022-05-13,396.70999,403.17999,395.60999,401.72000,104174400
2022-05-16,399.98001,403.97000,397.60001,400.089996,78622400
2022-05-17,406.53000,408.57001,402.57999,408.32001,83029700
2022-05-18,403.5,403.79999,390.54999,391.85999,117674500
2022-05-19,388.62000,394.14001,387.10999,389.45999,98510700
2022-05-20,393.25,397.029999,380.54001,389.63000,131432200
2022-05-23,392.82999,397.73001,390.38000,396.92001,76414900
2022-05-24,392.56000,395.14999,386.95999,393.89001,91448800
2022-05-25,392.31000,399.45001,391.89001,397.37000,91472900
2022-05-26,398.67001,407.040009,398.45001,405.31000,82168300
2022-05-27,407.91000,415.38000,407.70001,415.26001,84768700
2022-05-31,413.54999,416.45999,410.029999,412.92999,95937000
2022-06-01,415.17001,416.23999,406.92999,409.59000,86585800
2022-06-02,409.42001,417.44000,407.040009,417.39001,79609600
2022-06-03,412.39999,414.040009,409.51001,410.54001,71874300
2022-06-06,414.78000,416.60999,410.54999,411.79001,57508900
2022-06-07,408.10001,416.22000,407.60999,415.73999,59272400
2022-06-08,413.92999,415.82001,410.38000,411.22000,64350000
2022-06-09,409.34000,411.73999,401.44000,401.44000,86289800
2022-06-10,394.88000,395.78000,389.75,389.79999,132893900
2022-06-13,379.85001,381.81000,373.29999,375,170004900
2022-06-14,376.85001,377.94000,370.59000,373.87000,104011800
2022-06-15,377.35999,383.89999,372.12000,379.20001,125666800
2022-06-16,370.51001,370.94000,364.079987,366.64999,134473300
2022-06-17,365.51001,369.38000,362.17001,365.85999,111113900
2022-06-21,371.89001,376.53000,371.81000,375.070007,76811900
2022-06-22,370.62000,378.72000,370.17999,374.39001,90059400
2022-06-23,376.64001,378.82999,372.89001,378.059998,79292100
2022-06-24,381.39999,390.089996,381.37000,390.079987,98050300
2022-06-27,391.049988,391.35999,387.44000,388.59000,66009600
2022-06-28,390.23001,393.16000,380.53000,380.64999,86548900
2022-06-29,381.23001,382.26999,378.42001,380.34000,65676000
2022-06-30,376.23999,380.66000,372.56000,377.25,112508300
2022-07-01,376.56000,381.70001,373.79999,381.23999,74839700
2022-07-05,375.88000,381.98001,372.89999,381.95999,81438000
2022-07-06,382.10999,385.87000,379.60001,383.25,70426200
2022-07-07,385.12000,389.82999,383.26999,388.98999,64525900
2022-07-08,387.26999,390.64001,385.66000,388.67001,72397800
2022-07-11,385.85001,386.87000,383.5,384.23001,58366900
2022-07-12,383.64999,386.16000,378.98999,380.82999,62219200
2022-07-13,375.10001,381.92001,374.66000,378.82999,84224600
2022-07-14,373.60999,379.049988,371.040009,377.91000,89704800
2022-07-15,382.54999,385.25,380.54001,385.13000,79060400
2022-07-18,388.38000,389.089996,380.66000,381.95001,63203600
2022-07-19,386.079987,392.87000,385.39001,392.26999,78506000
2022-07-20,392.47000,396.26001,391.029999,394.76999,71843800
2022-07-21,394.16000,398.84000,391.63000,398.79001,64903900
2022-07-22,398.92001,400.17999,392.75,395.089996,72197300
2022-07-25,395.75,396.47000,393.20999,395.57001,53631500
2022-07-26,393.84000,394.059998,389.95001,390.89001,52946400
2022-07-27,394.35999,402.88000,394.049988,401.040009,82342100
2022-07-28,401.89001,406.79999,398.14999,406.070007,73966600
2022-07-29,407.57999,413.029999,406.76999,411.98999,87003700
2022-08-01,409.14999,413.41000,408.39999,410.76999,69997500
2022-08-02,409.12000,413,406.82001,408.059998,63435400
2022-08-03,410.29999,415.67999,410,414.45001,67820600
2022-08-04,414.37000,415.089996,412.44000,414.17001,45656600
2022-08-05,409.66000,414.14999,409.60001,413.47000,56814900
2022-08-08,415.25,417.62000,411.82999,412.98999,53886100
2022-08-09,412.22000,412.75,410.22000,411.35001,44931800
2022-08-10,418.78000,420.14001,416.72000,419.98999,68665700
2022-08-11,422.98999,424.95001,419.20999,419.98999,59489700
2022-08-12,422.029999,427.20999,421.029999,427.10001,61694500
2022-08-15,424.76999,429.41000,424.70999,428.85999,54048300
2022-08-16,427.73001,431.73001,426.88000,429.70001,59289000
2022-08-17,425.91000,429.5,424.54001,426.64999,63563400
2022-08-18,426.85999,428.60999,425.5,427.89001,49023200
2022-08-19,424.98001,425.26001,421.22000,422.14001,68016900
2022-08-22,417.049988,417.23001,412.39999,413.35001,77695600
2022-08-23,412.89999,415.42001,411.76999,412.35001,49105200
2022-08-24,412.10999,415.10999,411.39001,413.67001,49177800
2022-08-25,415.23999,419.56000,414.089996,419.51001,50942300
2022-08-26,419.39001,419.95999,405.25,405.31000,103087000
2022-08-29,402.20001,405.84000,401.20001,402.63000,65370800
2022-08-30,403.85001,404.10001,396,398.20999,85652400
2022-08-31,399.92999,401.23999,395.040009,395.17999,76029700
2022-09-01,392.89001,396.78000,390.040009,396.42001,78740100
2022-09-02,400.28000,401.56000,390.32999,392.23999,99632100
2022-09-06,393.13000,394.12000,388.42001,390.76001,76637400
2022-09-07,390.42999,398.59000,390.20001,397.78000,70964200
2022-09-08,395.39001,400.85999,394.12000,400.38000,80821700
2022-09-09,402.73999,407.51001,402.45999,406.60001,76706900
2022-09-12,408.78000,411.73001,408.45999,410.97000,69256300
2022-09-13,401.82999,403.10001,391.92001,393.10001,122947100
2022-09-14,394.47000,396.20001,391.12000,394.60001,85023700
2022-09-15,392.95999,395.95999,388.78000,390.12000,87633800
2022-09-16,384.14001,386.25,382.10999,385.56000,103084800
2022-09-19,382.26001,388.54999,382.17999,388.54999,73278500
2022-09-20,385.059998,386.12000,381.20001,384.089996,77274900
2022-09-21,386.10999,389.31000,377.38000,377.39001,106746600
2022-09-22,376.57999,378.29999,373.44000,374.22000,89472600
2022-09-23,370.57999,370.62000,363.29001,367.95001,122346900
2022-09-26,366.41000,370.20999,363.029999,364.31000,92581200
2022-09-27,368.019989,370.39999,360.87000,363.38000,108294100
2022-09-28,364.38000,372.29999,362.60001,370.53000,110802200
2022-09-29,366.81000,367.10999,359.70001,362.79001,112952300
2022-09-30,361.79999,365.91000,357.040009,357.17999,153711200
2022-10-03,361.079987,368.54999,359.20999,366.60999,89756500
2022-10-04,372.39999,378,366.57001,377.97000,103602800
2022-10-05,373.39001,379.45999,370.95001,377.089996,88065700
2022-10-06,375.62000,378.72000,372.67999,373.20001,82333500
2022-10-07,368.97000,373.29001,360.94000,362.79001,107789500
2022-10-10,363.95999,364.20999,357.67001,360.019989,76042800
2022-10-11,358.23999,363.029999,355.70999,357.73999,92482800
2022-10-12,358.17001,359.82001,356.29999,356.56000,76991800
2022-10-13,349.20999,367.51001,348.10999,365.97000,147254500
2022-10-14,368.54999,370.26001,356.95999,357.63000,123737000
2022-10-17,364.010010,367.98001,357.28000,366.82001,93168200
2022-10-18,375.13000,375.45001,367.51999,371.13000,97162900
2022-10-19,368.98999,371.85001,365.54999,368.5,79746900
2022-10-20,368.029999,372.67001,364.60999,365.41000,88283100
2022-10-21,365.12000,374.79999,363.54001,374.29001,131038400
2022-10-24,375.89001,380.059998,373.10999,378.87000,85436900
2022-10-25,378.79001,385.25,378.67001,384.92001,78846300
2022-10-26,381.62000,387.57999,381.35001,382.019989,104087300
2022-10-27,383.070007,385,379.32999,379.98001,81971800
2022-10-28,379.87000,389.51999,379.67999,389.019989,100302000
2022-10-31,386.44000,388.39999,385.26001,386.20999,96631300
2022-11-01,390.14001,390.39001,383.29001,384.51999,85407600
2022-11-02,383.89999,388.63000,374.76001,374.87000,126990400
2022-11-03,371.47000,374.20001,368.79001,371.010010,87100100
2022-11-04,377,378.87000,370,376.35001,103505200
2022-11-07,377.70999,380.57001,375.53000,379.95001,68286900
2022-11-08,381.10999,385.12000,377.72000,382,84641100
2022-11-09,379.92999,381.14001,373.60999,374.13000,78495500
2022-11-10,388.049988,395.040009,385.64001,394.69000,141455800
2022-11-11,395.59000,399.35001,393.60999,398.51001,93839900
2022-11-14,396.66000,400.17999,394.82999,395.12000,71903500
2022-11-15,401.14999,402.31000,394.48999,398.48999,93194500
2022-11-16,396.78000,397.78000,394.79001,395.45001,68508500
2022-11-17,390.45999,394.95001,390.14001,394.23999,74496300
2022-11-18,397.73999,397.81000,393.040009,396.029999,92922500
2022-11-21,394.64001,395.82001,392.66000,394.59000,51243200
2022-11-22,396.63000,400.070007,395.14999,399.89999,60429000
2022-11-23,399.54999,402.92999,399.31000,402.42001,68261600
2022-11-25,401.82999,402.91000,401.54001,402.32999,30545400
2022-11-28,399.089996,400.81000,395.10999,395.91000,67881600
2022-11-29,396.049988,397.29999,393.29999,395.23001,52310000
2022-11-30,395.48999,407.67999,393.48001,407.67999,144566700
2022-12-01,408.76999,410,404.75,407.38000,76398200
2022-12-02,402.25,407.85999,402.14001,406.91000,85342700
2022-12-05,403.95001,404.92999,398.17001,399.59000,77289800
2022-12-06,399.42001,399.98999,391.64001,393.82999,77972200
2022-12-07,392.94000,395.64001,391.97000,393.16000,65927900
2022-12-08,395.14001,397.35999,393.26999,396.23999,60737900
2022-12-09,394.94000,397.62000,393.14999,393.28000,81447700
2022-12-12,394.10999,398.95001,393.41000,398.95001,75405800
2022-12-13,410.22000,410.48999,399.070007,401.97000,123782500
2022-12-14,401.60999,405.5,396.31000,399.39999,108111300
2022-12-15,394.29999,395.25,387.89001,389.63000,117705900
2022-12-16,385.17999,386.57999,381.040009,383.26999,119858000
2022-12-19,383.47000,383.82001,378.28000,380.019989,79878100
2022-12-20,379.23001,382.23001,377.85001,380.54001,74427200
2022-12-21,383.25,387.41000,382.69000,386.23001,78167400
2022-12-22,383.049988,386.20999,374.76999,380.72000,100120900
2022-12-23,379.64999,383.059998,378.029999,382.91000,59857300
2022-12-27,382.79001,383.14999,379.64999,381.39999,51638200
2022-12-28,381.32999,383.39001,376.42001,376.66000,70911500
2022-12-29,379.63000,384.35001,379.079987,383.44000,66970900
2022-12-30,380.64001,382.57999,378.42999,382.42999,84022200
2023-01-03,384.37000,386.42999,377.82999,380.82001,74850700
2023-01-04,383.17999,385.88000,380,383.76001,85934100
2023-01-05,381.72000,381.84000,378.76001,379.38000,76970500
2023-01-06,382.60999,389.25,379.41000,388.079987,104189600
2023-01-09,390.37000,393.70001,387.67001,387.85999,73978100
2023-01-10,387.25,390.64999,386.26999,390.57999,65358100
2023-01-11,392.23001,395.60001,391.38000,395.51999,68881100
2023-01-12,396.67001,398.48999,392.42001,396.95999,90157700
2023-01-13,393.62000,399.10001,393.34000,398.5,63903900
2023-01-17,398.48001,400.23001,397.059998,397.76999,62677300
2023-01-18,399.010010,400.12000,391.28000,391.48999,99632300
2023-01-19,389.35999,391.079987,387.26001,388.64001,86958900
2023-01-20,390.10001,396.040009,388.38000,395.88000,91806400
2023-01-23,396.72000,402.64999,395.72000,400.63000,84178800
2023-01-24,398.88000,401.14999,397.64001,400.20001,59524900
2023-01-25,395.95001,400.70001,393.56000,400.35001,84800300
2023-01-26,403.13000,404.92001,400.029999,404.75,72287400
2023-01-27,403.66000,408.16000,403.44000,405.67999,68346200
2023-01-30,402.79999,405.13000,400.28000,400.59000,74202000
2023-01-31,401.13000,406.53000,400.76999,406.48001,86811800
2023-02-01,405.20999,413.67001,402.35001,410.79999,101459200
2023-02-02,414.85999,418.31000,412.88000,416.78000,101654500
2023-02-03,411.59000,416.97000,411.089996,412.35001,94736800
2023-02-06,409.79001,411.29001,408.10001,409.82999,60295300
2023-02-07,408.87000,416.48999,407.57001,415.19000,90990700
2023-02-08,413.13000,414.53000,409.92999,410.64999,76227500
2023-02-09,414.41000,414.57001,405.81000,407.089996,78694900
2023-02-10,405.85999,408.44000,405.010010,408.040009,70769700
2023-02-13,408.72000,412.97000,408.23999,412.82999,64913500
2023-02-14,411.23999,415.049988,408.51001,412.64001,88389300
2023-02-15,410.35001,414.059998,409.47000,413.98001,61555700
2023-02-16,408.79001,412.91000,408.14001,408.28000,76431500
2023-02-17,406.059998,407.51001,404.049988,407.26001,89257800
2023-02-21,403.059998,404.16000,398.82001,399.089996,82655900
2023-02-22,399.51999,401.13000,397.019989,398.54001,83742300
2023-02-23,401.56000,402.20001,396.25,400.66000,96242400
2023-02-24,395.42001,397.25,393.64001,396.38000,108194400
2023-02-27,399.87000,401.29001,396.75,397.73001,80444700
2023-02-28,397.23001,399.28000,396.14999,396.26001,96438600
2023-03-01,395.41000,396.69000,393.38000,394.73999,99706800
2023-03-02,392.67999,398.69000,392.32999,397.81000,85127800
2023-03-03,399.70999,404.45001,399.029999,404.19000,90120000
2023-03-06,405.049988,407.45001,404.010010,404.47000,72795900
2023-03-07,404.42001,404.67001,397.63000,398.26999,108310600
2023-03-08,398.39001,399.70999,396.59000,398.92001,74746600
2023-03-09,399.73999,401.48001,390.53000,391.56000,111945300
2023-03-10,390.98999,393.16000,384.32001,385.91000,189253000
2023-03-13,381.81000,390.39001,380.64999,385.35999,157790000
2023-03-14,390.5,393.45001,387.049988,391.73001,149752400
2023-03-15,385.89001,389.48999,383.70999,389.28000,172996900
2023-03-16,386.82001,396.47000,386.29001,396.10999,143254200
2023-03-17,393.22000,394.39999,388.54999,389.98999,140553400
2023-03-20,390.79999,394.17001,390.070007,393.73999,93055800
2023-03-21,397.23999,399.41000,395.57999,398.91000,91524200
2023-03-22,398.73001,402.48999,392.070007,392.10999,111746600
2023-03-23,395.089996,399.29001,390.35001,393.17001,119351300
2023-03-24,391.84000,395.84000,389.39999,395.75,107682400
2023-03-27,398.12000,398.92001,395.56000,396.48999,74010400
2023-03-28,395.76999,396.48999,393.69000,395.60001,62871700
2023-03-29,399.92999,401.60001,398.67999,401.35001,77497900
2023-03-30,404.089996,404.35001,401.76001,403.70001,69840000
2023-03-31,404.66000,409.70001,404.54999,409.39001,112062600
2023-04-03,408.85001,411.37000,408.44000,410.95001,67391100
2023-04-04,411.62000,411.92001,407.23999,408.67001,66601500
2023-04-05,407.91000,408.70001,405.88000,407.60001,65200200
2023-04-06,406.76999,409.48001,405.67999,409.19000,63743300
2023-04-10,406.60999,409.69000,405.97000,409.60999,63681000
2023-04-11,410.26001,411.17999,408.92001,409.72000,59297900
2023-04-12,411.87000,412.17001,407.44000,408.049988,86420400
2023-04-13,409.17999,413.84000,407.98999,413.47000,85814800
2023-04-14,412.81000,415.089996,410.059998,412.45999,78161500
2023-04-17,412.37000,413.95999,411.089996,413.94000,66436400
2023-04-18,415.57999,415.72000,412.78000,414.20999,63560000
2023-04-19,412.22000,415.079987,412.16000,414.14001,55227300
2023-04-20,411.20999,413.70001,410.26999,411.88000,75840400
2023-04-21,412.19000,412.67999,410.17001,412.20001,73457400
2023-04-24,411.98999,413.070007,410.60001,412.63000,64332100
2023-04-25,410.57999,411.16000,406.019989,406.079987,97766700
2023-04-26,406.72000,407.84000,403.78000,404.35999,80447000
2023-04-27,407,412.69000,406.73999,412.41000,92968400
2023-04-28,411.48999,415.94000,411.42999,415.92999,89433100
2023-05-01,415.47000,417.62000,415.26999,415.51001,62122300
2023-05-02,414.76999,414.82001,407.82001,410.84000,103998500
2023-05-03,411.35999,413.87000,407.76999,408.019989,91531800
2023-05-04,406.92999,407.26999,403.73999,405.13000,94901900
2023-05-05,408.91000,413.72000,408.64001,412.63000,87891800
2023-05-08,412.97000,413.23999,411.28000,412.73999,50046800
2023-05-09,411.13000,412.089996,410.69000,410.92999,49220100
2023-05-10,413.88000,414.54001,408.87000,412.85001,96142900
2023-05-11,411.95001,412.42999,409.97000,412.13000,70157100
2023-05-12,413.42001,413.64001,409.070007,411.59000,70481500
2023-05-15,412.22000,413.42999,410.23001,413.010010,54289400
2023-05-16,411.85999,412.82001,410.23999,410.25,57705500
2023-05-17,412.35001,415.85999,410.64001,415.23001,87287000
2023-05-18,414.89999,419.67001,414.67001,419.23001,97177200
2023-05-19,420.17001,420.72000,417.35001,418.62000,103793300
2023-05-22,418.64001,420.39001,417.35001,418.79001,60745400
2023-05-23,417.079987,418.72000,413.67999,414.089996,86383500
2023-05-24,412.42001,412.82001,409.88000,411.089996,89213700
2023-05-25,414.73999,416.16000,412.41000,414.64999,90961600
2023-05-26,415.32999,420.76999,415.25,420.019989,93830000
2023-05-30,422.029999,422.57999,418.73999,420.17999,72216000
2023-05-31,418.28000,419.22000,416.22000,417.85001,110811800
2023-06-01,418.089996,422.92001,416.79001,421.82001,88865000
2023-06-02,424.5,428.73999,423.95001,427.92001,91426200
2023-06-05,428.28000,429.62000,426.37000,427.10001,65460200
2023-06-06,426.67001,428.57999,425.98999,428.029999,64022200
2023-06-07,428.44000,429.62000,426.10999,426.54999,85373300
2023-06-08,426.62000,429.60001,425.82001,429.13000,61952800
2023-06-09,429.95999,431.98999,428.87000,429.89999,85742800
2023-06-12,430.92001,433.88000,430.17001,433.79999,76104300
2023-06-13,435.32001,437.32999,434.63000,436.66000,95899700
2023-06-14,437.010010,439.059998,433.59000,437.17999,100612100
2023-06-15,436.32999,443.89999,436.23001,442.60001,110303100
2023-06-16,443.019989,443.60999,438.97000,439.45999,114165800
2023-06-20,437.45001,438.37000,435.029999,437.17999,76160400
2023-06-21,436.16000,436.98999,434.32999,434.94000,76982300
2023-06-22,433.95001,436.62000,433.60001,436.51001,70637200
2023-06-23,432.92999,435.059998,432.47000,433.20999,92074500
2023-06-26,432.62000,434.60999,431.19000,431.44000,72823600
2023-06-27,432.35001,436.81000,431.88000,436.17001,72813700
2023-06-28,435.049988,437.44000,434.41000,436.39001,75636000
2023-06-29,435.95999,438.28000,435.54001,438.10999,67882300
2023-06-30,441.44000,444.29999,441.10999,443.28000,104964000
2023-07-03,442.92001,444.079987,442.63000,443.79001,32793400
2023-07-05,441.91000,443.89001,441.89999,443.13000,58418400
2023-07-06,439.42001,440.10001,437.059998,439.66000,80658300
2023-07-07,438.63000,442.64001,438.29999,438.54999,86134200
2023-07-10,438.17999,439.84000,437.59000,439.66000,62443500
2023-07-11,440.45001,442.97000,439.44000,442.45999,64463800
2023-07-12,446.39001,447.48001,444.91000,446.019989,91924500
2023-07-13,447.89999,450.38000,447.45001,449.56000,72425200
2023-07-14,450.48001,451.35999,448.48999,449.28000,69815800
2023-07-17,449.13000,451.92999,449.079987,450.84000,52680200
2023-07-18,450.5,454.85999,450.049988,454.19000,80668200
2023-07-19,455.010010,456.42999,454.10999,455.20001,65891700
2023-07-20,454.17001,455.10001,451.44000,452.17999,70591600
2023-07-21,453.95999,454.17001,452.17001,452.17999,71275600
2023-07-24,453.37000,455.040009,452.29999,454.20001,54023400
2023-07-25,453.92001,456.73999,453.87000,455.44000,55191200
2023-07-26,454.47000,456.98999,453.38000,455.51001,71052900
2023-07-27,459.019989,459.44000,451.54999,452.48999,92194400
2023-07-28,455.88000,457.78000,452.48999,456.92001,80011800
2023-07-31,457.41000,458.16000,456.049988,457.79001,62040400
2023-08-01,456.26999,457.25,455.48999,456.48001,55291500
2023-08-02,453.25,453.51999,449.35001,450.13000,93933400
2023-08-03,448.040009,450.79001,447.37000,448.84000,64276100
2023-08-04,450.72000,452.89999,446.26999,446.81000,100128900
2023-08-07,448.70999,450.87000,447.98999,450.70999,58357500
2023-08-08,448.079987,450.70001,445.26999,448.75,71361300
2023-08-09,449.029999,449.20001,444.95999,445.75,78789600
2023-08-10,448.19000,451.70001,444.70001,445.91000,93005500
2023-08-11,443.97000,446.70001,443.35001,445.64999,68690900
2023-08-14,444.70001,448.10999,444.38000,448.10999,47867400
2023-08-15,446.26999,446.64001,442.29999,442.89001,75707500
2023-08-16,442.45999,444.17999,439.53000,439.64001,80107200
2023-08-17,441.16000,441.42999,435.75,436.29001,95711300
2023-08-18,433.37000,437.57001,433.010010,436.5,98852000
2023-08-21,437.54999,440.10999,435.32001,439.34000,68719000
2023-08-22,441.17999,441.17999,437.57001,438.14999,64994200
2023-08-23,439.25,443.67001,439.10001,443.029999,68441000
2023-08-24,444.69000,445.22000,436.85999,436.89001,88517300
2023-08-25,438.67999,441.29999,435,439.97000,102325100
2023-08-28,442.23999,443.39999,439.97000,442.76001,61595400
2023-08-29,442.64999,449.45001,442.45999,449.16000,83081900
2023-08-30,449.51001,451.67001,448.78000,451.010010,69053900
2023-08-31,451.64999,452.82999,450.16000,450.35001,66084600
2023-09-01,453.17001,453.67001,449.67999,451.19000,58944100
2023-09-05,450.73001,451.059998,449.17001,449.23999,55166200
2023-09-06,448.39999,448.51001,443.81000,446.22000,70758500
2023-09-07,443.10999,445.54999,442.75,444.85001,70355400
2023-09-08,444.89999,447.10999,444.53000,445.51999,61659700
2023-09-11,448.23999,448.76999,446.47000,448.45001,60180100
2023-09-12,446.95001,448.53000,445.39001,445.98999,67565400
2023-09-13,446.22000,447.70999,445.079987,446.51001,60199300
2023-09-14,449.070007,451.079987,447.72000,450.35999,83430800
2023-09-15,447.14001,447.48001,442.92001,443.37000,111848900
2023-09-18,443.049988,444.97000,442.56000,443.63000,55752200
2023-09-19,442.67999,443.29001,439.94000,442.70999,66514600
2023-09-20,444.010010,444.44000,438.42999,438.64001,82562600
2023-09-21,435.70001,435.97000,431.23001,431.39001,104095800
2023-09-22,432.45001,434.10001,429.98999,430.42001,100829700
2023-09-25,429.17001,432.26999,428.72000,432.23001,70874500
2023-09-26,429.089996,429.82001,425.019989,425.88000,96168400
2023-09-27,427.089996,427.67001,422.29001,426.049988,104705800
2023-09-28,425.48001,430.25,424.87000,428.51999,92258300
2023-09-29,431.67001,431.85001,425.91000,427.48001,115111300
2023-10-02,426.62000,428.60001,424.45999,427.31000,83798600
2023-10-03,425.059998,427.37000,420.17999,421.59000,103760600
2023-10-04,422.070007,425.42999,420.56000,424.66000,87453000
2023-10-05,424.35999,425.37000,421.17001,424.5,70142700
2023-10-06,421.97000,431.13000,420.60001,429.54001,113273300
2023-10-09,427.57999,432.88000,427.010010,432.29001,80374400
2023-10-10,432.94000,437.22000,432.53000,434.54001,78607300
2023-10-11,435.64001,436.57999,433.17999,436.32001,62451700
2023-10-12,436.95001,437.34000,431.23001,433.66000,81154200
2023-10-13,435.20999,436.45001,429.88000,431.5,95143100
2023-10-16,433.82001,437.14001,433.57001,436.040009,75433200
2023-10-17,432.81000,438.14001,432.45001,436.019989,75324700
2023-10-18,434.19000,435.17999,429.089996,430.20999,93559800
2023-10-19,430.95001,432.82001,425.73001,426.42999,121323000
2023-10-20,425.98001,426.54001,421.079987,421.19000,123919900
2023-10-23,419.60999,424.45001,417.79999,420.45999,92035100
2023-10-24,422.64999,424.82001,420.73999,423.63000,78564200
2023-10-25,421.89001,421.92001,417.019989,417.54999,94223200
2023-10-26,416.45001,417.32999,411.60001,412.54999,115156800
2023-10-27,414.19000,414.60001,409.20999,410.67999,107367700
2023-10-30,413.56000,416.67999,412.22000,415.59000,86562700
2023-10-31,416.17999,418.53000,414.20999,418.20001,79665200
2023-11-01,419.20001,423.5,418.64999,422.66000,98068100
2023-11-02,426.57999,430.92001,426.56000,430.76001,94938900
2023-11-03,433.14001,436.29001,433.010010,434.69000,100167800
2023-11-06,435.47000,436.14999,433.67999,435.69000,67831700
2023-11-07,435.69000,437.59000,434.51001,436.92999,64256100
2023-11-08,437.54999,438.089996,434.87000,437.25,61746000
2023-11-09,438.42999,438.47000,433.39999,433.84000,83174400
2023-11-10,435.98001,440.92999,433.82999,440.60999,89462200
2023-11-13,439.23001,441.32999,438.42001,440.19000,52236100
2023-11-14,446.32001,450.059998,446.089996,448.73001,97176900
2023-11-15,450.10999,451.38000,448.79999,449.67999,77327600
2023-11-16,449.22000,450.56000,448.12000,450.23001,66665800
2023-11-17,450.23999,451.42001,449.29001,450.79001,83133200
2023-11-20,450.53000,455.13000,450.51999,454.26001,69936200
2023-11-21,453.17999,454.13000,451.95999,453.26999,49244600
2023-11-22,454.98001,456.38000,453.89001,455.019989,59394900
2023-11-24,455.070007,455.5,454.73001,455.29999,29737400
2023-11-27,454.64999,455.48999,454.079987,454.48001,50506000
2023-11-28,454.079987,456.26999,453.5,454.92999,62115000
2023-11-29,457.14999,458.32001,454.20001,454.60999,63146000
2023-11-30,455.48001,456.76001,453.34000,456.39999,79752700
2023-12-01,455.76999,459.64999,455.16000,459.10001,89183400
2023-12-04,455.60001,459.12000,454.34000,456.69000,72430900
2023-12-05,455.26001,457.59000,454.87000,456.60001,69793500
2023-12-06,458.81000,458.84000,454.31000,454.76001,69124700
2023-12-07,456.91000,458.89999,456.29001,458.23001,66995400
2023-12-08,457.45999,460.75,457.20999,460.20001,83194400
2023-12-11,459.69000,462.17001,459.47000,461.98999,65002200
2023-12-12,461.63000,464.20001,460.60001,464.10001,68327600
2023-12-13,464.48999,470.76001,464.12000,470.5,93278000
2023-12-14,472.5,473.73001,469.25,472.010010,119026000
2023-12-15,469.48999,470.70001,467.42999,469.32999,141553700
2023-12-18,470.98001,472.98001,469.89001,471.97000,70375300
2023-12-19,472.53000,474.92001,472.45001,474.84000,55761800
2023-12-20,473.95999,475.89999,467.82001,468.26001,102921000
2023-12-21,471.32999,472.98001,468.84000,472.70001,86667500
2023-12-22,473.85999,475.38000,471.70001,473.64999,67160400
2023-12-26,474.070007,476.57999,473.98999,475.64999,55387000
2023-12-27,475.44000,476.66000,474.89001,476.51001,68000300
2023-12-28,476.88000,477.54999,476.26001,476.69000,77158100
2023-12-29,476.48999,477.029999,473.29999,475.31000,122283100
2024-01-02,472.16000,473.67001,470.48999,472.64999,123623700
2024-01-03,470.42999,471.19000,468.17001,468.79001,103585900
2024-01-04,468.29999,470.95999,467.049988,467.28000,84232200
2024-01-05,467.48999,470.44000,466.42999,467.92001,86118900
2024-01-08,468.42999,474.75,468.29999,474.60001,74879100
2024-01-09,471.87000,474.92999,471.35001,473.88000,65931400
2024-01-10,474.16000,477.45001,473.87000,476.56000,67310600
2024-01-11,477.59000,478.12000,472.26001,476.35001,77940700
2024-01-12,477.84000,478.60001,475.23001,476.67999,58026400
2024-01-16,475.26001,476.60999,473.059998,474.92999,85014900
2024-01-17,471.82001,472.79001,469.87000,472.29001,68843900
2024-01-18,474.010010,477.059998,472.42001,476.48999,91856200
2024-01-19,477.64999,482.72000,476.54001,482.42999,110834500
2024-01-22,484.010010,485.22000,482.78000,483.45001,75844900
2024-01-23,484.010010,485.10999,482.89001,484.85999,49945300
2024-01-24,487.81000,488.76999,484.88000,485.39001,81765000
2024-01-25,487.57999,488.31000,485.39001,488.029999,72525000
2024-01-26,487.59000,489.12000,486.54001,487.41000,76641600
2024-01-29,487.73001,491.42001,487.17001,491.26999,61322800
2024-01-30,490.56000,491.62000,490.10999,490.89001,58618400
2024-01-31,488.62000,489.079987,482.85999,482.88000,126011100
2024-02-01,484.63000,489.23001,483.79999,489.20001,91891600
2024-02-02,489.64999,496.049988,489.29999,494.35001,99228200
2024-02-05,493.70001,494.38000,490.23001,492.54999,75757100
2024-02-06,493.51999,494.32001,492.049988,493.98001,55918600
2024-02-07,496.29001,498.53000,495.35999,498.10001,70556500
2024-02-08,498.10001,498.70999,497.26001,498.32001,52343600
2024-02-09,498.84000,501.64999,498.48999,501.20001,63979400
2024-02-12,501.17001,503.5,500.23999,500.98001,56502300
2024-02-13,494.53000,497.089996,490.72000,494.079987,113099200
2024-02-14,496.79001,499.070007,494.39999,498.57001,68387800
2024-02-15,499.29001,502.20001,498.79999,502.010010,61683000
2024-02-16,501.70001,502.87000,498.75,499.51001,75532900
2024-02-20,497.72000,498.41000,494.45001,496.76001,71736700
2024-02-21,495.42001,497.37000,493.56000,497.20999,59293400
2024-02-22,504.010010,508.48999,503.019989,507.5,76402500
2024-02-23,509.26999,510.13000,507.10001,507.85001,61321800
2024-02-26,508.29999,508.75,505.85999,505.98999,50386700
2024-02-27,506.70001,507.16000,504.75,506.92999,48854500
2024-02-28,505.32999,506.85999,504.95999,506.26001,56506600
2024-02-29,508.070007,509.73999,505.35001,508.079987,83924800
2024-03-01,508.98001,513.28998,508.56000,512.84998,76844800
2024-03-04,512.030029,514.20001,512,512.29999,49799300
2024-03-05,510.23999,510.70001,504.91000,507.17999,72855600
2024-03-06,510.54999,512.070007,508.42001,509.75,68382400
2024-03-07,513.14001,515.89001,509.81000,514.81000,58652100
2024-03-08,515.46002,518.21997,511.13000,511.72000,86532500
2024-03-11,510.48001,511.88000,508.5,511.28000,62557200
2024-03-12,513.45001,517.38000,510.85999,516.78003,73114400
2024-03-13,517.10999,517.28998,514.48999,515.96997,55104100
2024-03-14,516.96997,517.13000,511.82001,514.95001,110171800
2024-03-15,510.20999,511.70001,508.12000,509.82999,107646300
2024-03-18,514,515.47998,512.44000,512.85999,88893300
2024-03-19,512.15002,516,511.12000,515.71002,60755300
2024-03-20,515.77002,520.62000,515.080017,520.47998,69594600
2024-03-21,523.39001,524.10999,521.90997,522.20001,60256100
2024-03-22,522.10999,522.60999,520.96997,521.21002,79070800
2024-03-25,519.79999,520.95001,519.60999,519.77002,48512100
2024-03-26,521.22998,521.58002,518.40002,518.81000,65463700
2024-03-27,521.71002,523.21002,519.48999,523.16998,82999800
2024-03-28,523.21002,524.60999,522.78003,523.070007,96294900
2024-04-01,523.83002,524.38000,520.96997,522.15997,62477500
2024-04-02,518.23999,518.97998,516.47998,518.84003,74230300
2024-04-03,517.71997,520.95001,517.66998,519.40997,59155800
2024-04-04,523.52002,523.87000,512.76001,513.070007,96858100
2024-04-05,514.46002,520.44000,514.010010,518.42999,74546500
2024-04-08,519.15002,520.17999,517.89001,518.71997,48401800
2024-04-09,520.5,520.75,514.34998,519.32001,68049200
2024-04-10,513.47998,516.15997,512.090027,514.12000,82652800
2024-04-11,515.67999,519.47998,512.080017,518,70099000
2024-04-12,514.37000,515.82001,509.079987,510.85001,92561100
2024-04-15,515.13000,515.29999,503.57999,504.45001,92101400
2024-04-16,504.94000,506.5,502.20999,503.53000,73484000
2024-04-17,506.049988,506.22000,499.12000,500.54999,75910300
2024-04-18,501.98001,504.13000,498.56000,499.51999,74548100
2024-04-19,499.44000,500.45999,493.85999,495.16000,102212600
2024-04-22,497.82999,502.38000,495.42999,499.72000,67961000
2024-04-23,501.78000,506.089996,499.53000,505.64999,64633600
2024-04-24,506.56000,507.37000,503.13000,505.41000,55928100
2024-04-25,499.17999,504.26999,497.48999,503.48999,69122400
2024-04-26,506.35001,509.88000,505.70001,508.26001,64306100
2024-04-29,510.089996,510.75,507.25,510.059998,46415400
2024-04-30,508.56000,509.56000,501.98001,501.98001,77483600
2024-05-01,501.38000,508.19000,499.87000,500.35001,80242800
2024-05-02,504.14999,505.89001,499.54999,505.029999,62550200
2024-05-03,511.16000,512.54999,508.56000,511.29001,72756700
2024-05-06,513.75,516.60999,513.29999,516.57001,47264700
2024-05-07,517.56000,518.57001,516.45001,517.14001,52561300
2024-05-08,515.26001,517.73999,515.14001,517.19000,42047200
2024-05-09,517.38000,520.21002,516.71002,520.16998,43643700
2024-05-10,521.81000,522.64001,519.59003,520.84003,52233200
2024-05-13,522.56000,522.66998,519.73999,520.90997,36716400
2024-05-14,521.10999,523.83002,520.56000,523.29999,57535900
2024-05-15,525.83002,530.080017,525.17999,529.78003,59504900
2024-05-16,529.88000,531.52002,528.53998,528.69000,50244800
2024-05-17,528.81000,529.52002,527.32001,529.45001,59187600
2024-05-20,529.57001,531.56000,529.16998,530.059998,37764200
2024-05-21,529.28003,531.52002,529.070007,531.35999,33437000
2024-05-22,530.65002,531.38000,527.59998,529.83002,48390000
2024-05-23,532.96002,533.070007,524.71997,525.96002,57211200
2024-05-24,527.84998,530.27002,526.88000,529.44000,41291100
2024-05-28,530.27002,530.51001,527.10999,529.81000,36269600
2024-05-29,525.67999,527.31000,525.37000,526.099976,45190300
2024-05-30,524.52002,525.20001,521.33002,522.60999,46377600
2024-05-31,523.59003,527.5,518.35999,527.37000,90785800
2024-06-03,529.020020,529.31000,522.59998,527.79999,46835700
2024-06-04,526.46002,529.15002,524.96002,528.39001,34632700
2024-06-05,530.77002,534.69000,528.72998,534.66998,47610400
2024-06-06,534.97998,535.41998,532.67999,534.65997,30808500
2024-06-07,533.65997,536.89001,532.53998,534.010010,43224500
2024-06-10,533.17999,535.98999,532.57001,535.65997,35686100
2024-06-11,534.070007,537.010010,532.049988,536.95001,36383400
2024-06-12,541.63000,544.12000,540.29999,541.35999,63251300
2024-06-13,543.15002,543.33002,539.59003,542.45001,44760900
2024-06-14,540.88000,542.81000,539.84998,542.78003,40089900
2024-06-17,542.080017,548.53003,541.60999,547.099976,55839500
2024-06-18,547.15997,548.62000,546.72998,548.48999,41376400
2024-06-20,549.44000,550.12000,545.17999,547,70328200
2024-06-21,544.40002,545.65002,543.020020,544.51001,64338600
2024-06-24,544.33002,546.95001,542.62000,542.73999,45528700
2024-06-25,543.98999,545.20001,542.44000,544.83002,37936200
2024-06-26,543.69000,546.23999,543.030029,545.51001,38550600
2024-06-27,545.37000,546.96002,544.60999,546.37000,35041500
2024-06-28,547.15997,550.28003,542.95001,544.21997,76144500
2024-07-01,545.63000,545.88000,542.52002,545.34003,40297800
2024-07-02,543.70001,549.010010,543.65002,549.010010,40434800
2024-07-03,548.69000,551.83002,548.65002,551.46002,32789900
2024-07-05,551.77002,555.049988,551.12000,554.64001,41488400
2024-07-08,555.44000,556.25,554.19000,555.28003,36110500
2024-07-09,556.26001,557.17999,555.52002,555.82001,27289700
2024-07-10,557.070007,561.66998,556.77002,561.32001,38701200
2024-07-11,561.44000,562.33002,555.83002,556.47998,53054200
2024-07-12,557.63000,563.66998,557.15002,559.98999,53084400
2024-07-15,562.030029,564.84003,559.63000,561.53003,40584300
2024-07-16,562.87000,565.15997,562.099976,564.85999,36475300
2024-07-17,558.79999,560.51001,556.60999,556.94000,57119000
2024-07-18,558.51001,559.52002,550.42999,552.65997,56270400
2024-07-19,552.41998,554.080017,547.90997,548.98999,65509100
2024-07-22,553,555.27002,551.020020,554.65002,43346700
2024-07-23,554.53998,556.73999,553.28003,553.78003,34439600
2024-07-24,548.85999,549.16998,540.28998,541.22998,74515300
2024-07-25,541.34998,547.46002,537.45001,538.40997,61158300
2024-07-26,542.28003,547.19000,541.48999,544.44000,53763800
2024-07-29,546.020020,547.049988,542.71997,544.76001,39515800
2024-07-30,546.26001,547.34003,538.52002,542,46853600
2024-07-31,548.97998,553.5,547.58002,550.81000,65663400
2024-08-01,552.57001,554.87000,539.42999,543.010010,76428700
2024-08-02,535.75,536.98999,528.59998,532.90002,82789100
2024-08-05,511.64001,523.58002,510.26999,517.38000,146267400
2024-08-06,519.21997,529.75,517.87000,522.15002,84826300
2024-08-07,528.46997,531.59003,518.049988,518.65997,70698300
2024-08-08,523.90997,531.28998,521.84003,530.65002,63276600
2024-08-09,529.81000,534.51001,528.56000,532.98999,45619600
2024-08-12,534.21002,535.72998,530.95001,533.27002,42542100
2024-08-13,536.53003,542.28003,536.28003,542.039978,52333100
2024-08-14,542.84998,544.96002,540.12000,543.75,42446900
2024-08-15,549.5,553.35999,548.88000,553.070007,60846800
2024-08-16,551.41998,555.020020,551.26001,554.31000,44430700
2024-08-19,554.72998,559.60999,553.85999,559.60999,39121800
2024-08-20,559.15002,560.84003,557.33002,558.70001,33732300
2024-08-21,559.77002,562.10999,554.72998,560.62000,41514600
2024-08-22,562.56000,563.17999,554.97998,556.21997,56121500
2024-08-23,559.53003,563.090027,557.28998,562.13000,50639400
2024-08-26,563.17999,563.90997,559.049988,560.78998,35788600
2024-08-27,559.48999,562.059998,558.32001,561.56000,32693900
2024-08-28,561.21002,561.65002,555.039978,558.29999,41066000
2024-08-29,560.31000,563.67999,557.17999,558.34998,38715200
2024-08-30,560.77002,564.20001,557.14001,563.67999,62700100
2024-09-03,560.46997,560.81000,549.51001,552.080017,60600100
2024-09-04,550.20001,554.42999,549.46002,550.95001,47224900
2024-09-05,550.89001,553.79999,547.099976,549.60999,44264300
2024-09-06,549.94000,551.59998,539.44000,540.35999,68493800
2024-09-09,544.65002,547.71002,542.67999,546.40997,40445800
2024-09-10,548.35999,549.15002,543.38000,548.78998,36394600
2024-09-11,548.70001,555.35999,539.96002,554.41998,75248600
2024-09-12,555.010010,559.40002,552.73999,559.090027,51819600
2024-09-13,559.71002,563.030029,559.45001,562.010010,39310500
2024-09-16,561.73999,563.10999,559.90002,562.84003,36656100
2024-09-17,565.099976,566.58002,560.78998,563.070007,49321000
2024-09-18,563.73999,568.69000,560.83002,561.40002,59044900
2024-09-19,571.010010,572.88000,568.080017,570.97998,75315500
2024-09-20,567.84003,569.31000,565.16998,568.25,77503100
2024-09-23,569.34003,570.33002,568.099976,569.66998,44116900
2024-09-24,570.47998,571.35999,567.59998,571.29999,46805700
2024-09-25,571.14001,571.89001,568.90997,570.039978,38428600
2024-09-26,574.38000,574.71002,569.90002,572.29999,48336000
2024-09-27,573.39001,574.21997,570.41998,571.46997,42100900
2024-09-30,570.41998,574.38000,568.080017,573.76001,63557400
2024-10-01,573.40002,574.059998,566,568.62000,72668800
2024-10-02,567.71002,569.90002,565.27002,568.85999,38097800
2024-10-03,567.35999,569.79999,565.48999,567.82001,40846500
2024-10-04,572.34998,573.35999,568.099976,572.97998,42939100
2024-10-07,571.29999,571.96002,566.63000,567.79999,49964700
2024-10-08,570.41998,573.78003,569.53003,573.16998,37398700
2024-10-09,573.15997,577.71002,572.54999,577.14001,37912200
2024-10-10,575.77002,577.58002,574.48999,576.13000,44138100
2024-10-11,576.049988,580.33002,575.90997,579.58002,42268000
2024-10-14,581.21997,585.27002,580.72998,584.32001,36217200
2024-10-15,584.59003,584.90002,578.53998,579.78003,54203600
2024-10-16,579.78003,582.83002,578.96002,582.29999,30725400
2024-10-17,585.90997,586.12000,582.15997,582.34998,34393700
2024-10-18,584.070007,585.39001,582.58002,584.59003,37416800
2024-10-21,583.84998,584.84998,580.59998,583.63000,36439000
2024-10-22,581.049988,584.5,580.38000,583.32001,34183800
2024-10-23,581.26001,581.71002,574.41998,577.98999,49314600
2024-10-24,579.97998,580.059998,576.57001,579.23999,34979900
2024-10-25,581.51001,584.46002,578.080017,579.039978,47268200
2024-10-28,582.58002,582.71002,580.52002,580.83002,30174700
2024-10-29,579.84998,582.90997,578.42999,581.77002,42899700
2024-10-30,581.28998,583.32001,579.28998,580.010010,41435800
2024-10-31,575.56000,575.63000,568.44000,568.64001,60182500
2024-11-01,571.32001,575.54999,570.62000,571.039978,45667500
2024-11-04,571.17999,572.5,567.89001,569.81000,38217000
2024-11-05,570.73999,576.73999,570.52002,576.70001,39478300
2024-11-06,589.20001,591.92999,585.39001,591.039978,68182000
2024-11-07,593.080017,596.65002,593,595.60999,47233200
2024-11-08,596.16998,599.64001,596.16998,598.19000,46444900
2024-11-11,599.81000,600.16998,597,598.76001,37586800
2024-11-12,598.67999,599.28998,594.37000,596.90002,43006100
2024-11-13,597.37000,599.22998,594.96002,597.19000,47388600
2024-11-14,597.32001,597.81000,592.65002,593.34998,38904100
2024-11-15,589.71997,590.20001,583.85999,585.75,75988800
2024-11-18,586.21997,589.48999,585.34003,588.15002,37001700
2024-11-19,584.71002,591.039978,584.030029,590.29999,49412000
2024-11-20,590.38000,590.78998,584.63000,590.5,50032600
2024-11-21,593.40002,595.12000,587.45001,593.66998,46750300
2024-11-22,593.65997,596.15002,593.15002,595.51001,38226400
2024-11-25,599.52002,600.85999,595.20001,597.53003,42441400
2024-11-26,598.79999,601.33002,598.070007,600.65002,45621300
2024-11-27,600.46002,600.84998,597.28003,598.83002,34000200
2024-11-29,599.65997,603.34998,599.38000,602.54999,30177400
2024-12-02,602.96997,604.32001,602.46997,603.63000,31746000
2024-12-03,603.39001,604.15997,602.34003,603.90997,26906600
2024-12-04,605.63000,607.90997,604.95001,607.65997,42787600
2024-12-05,607.65997,608.47998,606.29999,606.65997,28762200
2024-12-06,607.44000,609.070007,607.020020,607.81000,31241500
2024-12-09,607.69000,607.85999,604.080017,604.67999,34742700
2024-12-10,605.37000,605.79999,602.13000,602.79999,37234500
2024-12-11,605.78003,608.42999,605.5,607.46002,28677700
2024-12-12,606.58002,607.15997,604.33002,604.33002,31543800
2024-12-13,606.40002,607.13000,602.81000,604.21002,35904700
2024-12-16,606,607.78003,605.21002,606.78998,43695200
2024-12-17,604.19000,605.16998,602.89001,604.28998,55773500
2024-12-18,603.97998,606.40997,585.89001,586.28003,108248700
2024-12-19,591.35999,593,585.84998,586.099976,85919500
2024-12-20,581.77002,595.75,580.90997,591.15002,125716700
2024-12-23,590.89001,595.29999,587.65997,594.69000,57635800
2024-12-24,596.059998,601.34003,595.46997,601.29999,33160100
2024-12-26,599.5,602.47998,598.080017,601.34003,41219100
2024-12-27,597.53998,597.78003,590.76001,595.010010,64969300
2024-12-30,587.89001,591.73999,584.40997,588.21997,56578800
2024-12-31,589.90997,590.64001,584.41998,586.080017,57052700
2025-01-02,589.39001,591.13000,580.5,584.64001,50204000
2025-01-03,587.53003,592.59998,586.42999,591.95001,37888500
2025-01-06,596.27002,599.70001,593.59998,595.35999,47679400
2025-01-07,597.41998,597.75,586.78003,588.63000,60393100
2025-01-08,588.70001,590.58002,585.20001,589.48999,47304700
2025-01-10,585.88000,585.95001,578.54999,580.48999,73105000
2025-01-13,575.77002,581.75,575.34998,581.39001,47910100
2025-01-14,584.35999,585,578.34998,582.19000,48420600
2025-01-15,590.33002,593.94000,589.20001,592.78003,56900200
2025-01-16,594.16998,594.34998,590.92999,591.64001,43319700
2025-01-17,596.96002,599.35999,595.60999,597.58002,58070600
2025-01-21,600.66998,603.059998,598.66998,603.049988,42532900
2025-01-22,605.91998,607.82001,605.35999,606.44000,48196000
2025-01-23,605.79999,609.75,605.52002,609.75,41152100
2025-01-24,609.81000,610.78003,606.79999,607.96997,34604700
2025-01-27,594.81000,599.69000,594.64001,599.37000,70361100
2025-01-28,600.62000,605.37000,597.25,604.52002,44433300
2025-01-29,603.71997,604.13000,599.21997,601.81000,37177400
2025-01-30,603.96002,606.59998,600.71997,605.039978,39281300
2025-01-31,607.5,609.96002,601.049988,601.82001,66566900
2025-02-03,592.66998,600.28998,590.48999,597.77002,65857200
2025-02-04,597.83002,602.29999,597.28003,601.78003,33457800
2025-02-05,600.64001,604.37000,598.58002,604.21997,30653100
2025-02-06,605.98999,606.45001,602.63000,606.32001,35771500
2025-02-07,606.89001,608.13000,600.049988,600.77002,50788500
2025-02-10,604.030029,605.5,602.73999,604.84998,26048700
2025-02-11,602.54999,605.85999,602.42999,605.31000,30056700
2025-02-12,599.20001,604.54999,598.51001,603.35999,45076100
2025-02-13,604.47998,609.94000,603.20001,609.72998,40921300
2025-02-14,609.94000,610.98999,609.070007,609.70001,26910400
2025-02-18,610.88000,611.48999,608.38000,611.48999,26749000
2025-02-19,610.080017,613.22998,609.56000,612.92999,31011100
2025-02-20,611.53998,611.67999,607.020020,610.38000,36554000
2025-02-21,610.15997,610.29999,599.46997,599.94000,76519800
2025-02-24,602.020020,603.030029,596.48999,597.21002,50737200
2025-02-25,597.15002,597.89001,589.56000,594.23999,58266500
2025-02-26,595.92999,599.58002,591.85999,594.53998,43321600
2025-02-27,596.84998,598.020020,584.65002,585.049988,74196700
2025-02-28,585.56000,594.71997,582.44000,594.17999,88744100
2025-03-03,596.17999,597.34003,579.90002,583.77002,74249200
2025-03-04,579.71002,585.39001,572.25,576.85999,109648200
2025-03-05,576.69000,584.88000,573.080017,583.059998,71230500
2025-03-06,575.47998,580.16998,570.12000,572.71002,80094900
2025-03-07,570.90002,577.39001,565.63000,575.91998,81158800
2025-03-10,567.59003,569.53998,555.59003,560.58002,99326600
2025-03-11,559.40002,564.020020,552.020020,555.91998,88102100
2025-03-12,562.16998,563.10999,553.69000,558.87000,69588200
2025-03-13,558.48999,559.10999,549.67999,551.41998,74079400
2025-03-14,556.10999,563.83002,551.48999,562.81000,62660300
2025-03-17,562.78998,569.71002,562.34998,567.15002,49008700
2025-03-18,564.79999,565.020020,559.059998,561.020020,66041400
2025-03-19,562.83002,570.95001,561.63000,567.13000,66556000
2025-03-20,563.33002,570.57001,562.59998,565.48999,62958200
2025-03-21,559.28003,564.89001,558.030029,563.97998,83763000
2025-03-24,570.79999,575.15002,570.20001,574.080017,58766800
2025-03-25,575.29999,576.40997,573.69000,575.46002,38355700
2025-03-26,575.19000,576.33002,567.19000,568.59003,51848300
2025-03-27,567.17999,570.90002,564.94000,567.080017,42164200
2025-03-28,565.53003,566.27002,555.070007,555.65997,71662700
2025-03-31,549.83002,560.71002,546.87000,559.39001,95328200
2025-04-01,557.45001,562.94000,553.67999,560.96997,54609600
2025-04-02,555.049988,567.41998,554.81000,564.52002,76014500
2025-04-03,545.10999,547.96997,536.70001,536.70001,125986000
2025-04-04,523.66998,525.87000,505.059998,505.28000,217965100
2025-04-07,489.19000,523.16998,481.79999,504.38000,256611400
2025-04-08,521.85999,524.97998,489.16000,496.48001,165816600
2025-04-09,493.44000,548.62000,493.049988,548.62000,241867300
2025-04-10,532.16998,533.5,509.32001,524.58002,162331200
2025-04-11,523.010010,536.42999,520.070007,533.94000,97866300
2025-04-14,544.049988,544.28003,533.85999,539.12000,68034000
2025-04-15,539.66998,543.22998,536.81000,537.60999,56892900
2025-04-16,531.67999,537.89001,520.28998,525.65997,83484800
2025-04-17,527.64001,531.16998,523.90997,526.40997,79868100
2025-04-21,521.15997,521.70001,508.45999,513.88000,69368100
2025-04-22,520.14001,529.29999,519.19000,527.25,75948100
2025-04-23,540.42999,545.42999,533.88000,535.41998,90590700
2025-04-24,536.71997,547.42999,535.45001,546.69000,64150400
2025-04-25,546.65002,551.049988,543.69000,550.64001,61119600
2025-04-28,551.39001,553.54999,545.020020,550.84998,47613800
2025-04-29,548.90997,555.45001,548.54999,554.32001,47775100
2025-04-30,547.57001,556.52002,541.52002,554.53998,93101500
2025-05-01,560.37000,564.070007,557.85999,558.46997,63186100
2025-05-02,564.72998,568.38000,562.38000,566.76001,60717300
2025-05-05,562.57001,566.65002,561.70001,563.51001,38659200
2025-05-06,557.92999,563.34998,556.96002,558.79999,48264700
2025-05-07,560.15002,563.82001,556.039978,561.15002,55588000
2025-05-08,565.23999,570.31000,561.70001,565.059998,65130800
2025-05-09,566.47998,567.5,562.76001,564.34003,37603400
2025-05-12,581.46997,583,577.039978,582.98999,78993600
2025-05-13,583.40997,589.080017,582.84003,586.84003,67947200
2025-05-14,587.81000,588.97998,585.53998,587.59003,66283500
2025-05-15,585.56000,590.96997,585.099976,590.46002,71268100
2025-05-16,591.25,594.5,589.28003,594.20001,76052100
2025-05-19,588.099976,595.53998,588.099976,594.84998,68168500
2025-05-20,593.090027,594.049988,589.59998,592.84998,60614500
2025-05-21,588.44000,592.58002,581.82001,582.85999,95197700
2025-05-22,582.65997,586.62000,581.40997,583.090027,70860400
2025-05-23,575.97998,581.81000,575.59998,579.10999,76029000
2025-05-27,586.070007,591.31000,578.42999,591.15002,72588500
2025-05-28,591.56000,592.77002,586.98999,587.72998,68445500
2025-05-29,593.059998,593.20001,586.070007,590.049988,69973300
2025-05-30,588.92999,591.13000,583.23999,589.39001,90601200
2025-06-02,587.76001,592.78998,585.059998,592.71002,61630500
2025-06-03,592.34003,597.080017,591.84998,596.090027,63606200
2025-06-04,596.96002,597.95001,595.48999,595.92999,57314200
2025-06-05,597.63000,599,591.049988,593.049988,92278700
2025-06-06,598.65997,600.83002,596.85999,599.14001,66588700
2025-06-09,599.71997,601.25,598.48999,599.67999,53016400
2025-06-10,600.21997,603.46997,599.090027,603.080017,66247000
2025-06-11,604.19000,605.059998,599.27002,601.35999,73658200
2025-06-12,600.010010,603.75,599.52002,603.75,64129000
2025-06-13,598.5,601.84998,595.47998,597,89506000
2025-06-16,600.40002,604.45001,600.21997,602.67999,79984100
2025-06-17,600.21002,601.75,596.76001,597.53003,82209400
2025-06-18,598.44000,601.21997,596.46997,597.44000,76605000
2025-06-20,598.38000,599.46002,592.85999,594.28003,94051400
2025-06-23,595.039978,600.53998,591.89001,600.15002,87426000
2025-06-24,604.33002,607.84998,603.40997,606.78003,67735300
2025-06-25,607.90997,608.60999,605.53998,607.12000,62114800
2025-06-26,608.98999,612.31000,608.37000,611.87000,78548400
2025-06-27,612.88000,616.39001,610.83002,614.90997,86258400
2025-06-30,617.38000,619.21997,615.039978,617.84998,92502500
2025-07-01,616.35999,618.83002,615.52002,617.65002,70030100
2025-07-02,617.23999,620.48999,616.60999,620.45001,66510400
2025-07-03,622.45001,626.28003,622.42999,625.34003,51065800
2025-07-07,623.35999,624.030029,617.87000,620.67999,74814500
2025-07-08,621.34998,622.10999,619.52002,620.34003,59024600
2025-07-09,622.77002,624.71997,620.90997,624.059998,66113300
2025-07-10,624.20001,626.87000,623.010010,625.82001,57529000
2025-07-11,622.73999,624.85999,621.53003,623.62000,63670200
2025-07-14,623.15997,625.15997,621.79999,624.81000,51898500
2025-07-15,627.52002,627.85999,622.059998,622.14001,74317300
2025-07-16,623.73999,624.72998,618.049988,624.21997,88987500
2025-07-17,624.40002,628.40002,624.17999,628.039978,68885700
2025-07-18,629.29999,629.46997,626.46002,627.58002,65621600
2025-07-21,628.77002,631.53998,628.34003,628.77002,63375000
2025-07-22,629.099976,629.72998,626.19000,628.85999,60046300
2025-07-23,631.54999,634.21002,629.72998,634.21002,70511000
2025-07-24,634.59998,636.15002,633.98999,634.41998,71307100
2025-07-25,635.090027,637.58002,634.84003,637.099976,56865400
2025-07-28,637.47998,638.039978,635.53998,636.94000,54917100
2025-07-29,638.34998,638.66998,634.34003,635.26001,60556300
2025-07-30,635.91998,637.67999,631.53998,634.46002,80418900
2025-07-31,639.46002,639.84998,630.77002,632.080017,103385200
2025-08-01,626.29999,626.34003,619.28998,621.71997,140103600
2025-08-04,625.66998,631.21997,625.58002,631.16998,73218000
2025-08-05,631.78998,632.60999,627.039978,627.96997,68051400
2025-08-06,629.049988,633.44000,628.13000,632.78003,64357500
2025-08-07,636.23999,636.97998,629.10999,632.25,74205800
2025-08-08,634.059998,637.65002,633.73999,637.17999,64051600
2025-08-11,637.46002,638.95001,634.65997,635.91998,58742300
2025-08-12,638.28998,642.84998,636.78998,642.69000,64730800
2025-08-13,644.90997,646.19000,642.67999,644.89001,60092800
2025-08-14,642.78998,645.62000,642.34003,644.95001,59327500
2025-08-15,645.98999,646.090027,642.52002,643.44000,68592500
2025-08-18,642.85999,644,642.17999,643.29999,43804900
2025-08-19,643.12000,644.10999,638.47998,639.81000,69750700
2025-08-20,639.40002,639.65997,632.95001,638.10999,88890300
2025-08-21,636.28003,637.96997,633.81000,635.54999,54805800
2025-08-22,637.76001,646.5,637.25,645.31000,84083200
2025-08-25,644.039978,645.28998,642.34998,642.46997,51274300
2025-08-26,642.20001,645.51001,641.57001,645.15997,51581600
2025-08-27,644.57001,647.37000,644.41998,646.63000,48341100
2025-08-28,647.23999,649.47998,645.34003,648.91998,61519500
2025-08-29,647.46997,647.84003,643.14001,645.049988,74522200
2025-09-02,637.5,640.48999,634.91998,640.27002,81983500
2025-09-03,642.66998,644.21002,640.46002,643.73999,70820900
2025-09-04,644.41998,649.15002,643.51001,649.12000,65219200
2025-09-05,651.47998,652.21002,643.33002,647.23999,85178900
2025-09-08,648.62000,649.84003,647.22998,648.83002,63133100
2025-09-09,648.96997,650.85999,647.21997,650.33002,66133900
2025-09-10,653.62000,654.54999,650.63000,652.21002,78034500
2025-09-11,654.17999,658.33002,653.59003,657.63000,69934400
2025-09-12,657.59998,659.10999,656.90002,657.40997,72780100
2025-09-15,659.64001,661.039978,659.34003,660.90997,63772400
2025-09-16,661.46997,661.78003,659.21002,660,61169000
2025-09-17,660.010010,661.71997,654.29999,659.17999,101952200
2025-09-18,661.89001,664.89001,660.27002,662.26001,90459200
2025-09-19,662.33002,664.54999,660.37000,663.70001,97945600
2025-09-22,662.20001,667.28998,662.16998,666.84003,69452200
2025-09-23,666.71997,667.34003,661.97998,663.21002,81708900
2025-09-24,664.51001,664.60999,659.66998,661.099976,68082200
2025-09-25,657.94000,659.40997,654.40997,658.049988,89622100
2025-09-26,659.51001,662.37000,657.88000,661.82001,69179200
2025-09-29,664.35999,665.28003,661.85999,663.67999,73499000
2025-09-30,662.92999,666.65002,661.60999,666.17999,86288000
2025-10-01,663.16998,669.37000,663.059998,668.45001,72545400
2025-10-02,670.45001,670.57001,666.78003,669.21997,56896000
2025-10-03,669.98999,672.67999,668.15997,669.21002,70494400
2025-10-06,671.62000,672.51001,669.46002,671.60999,54623300
2025-10-07,672.53998,672.98999,667.66998,669.12000,72020100
2025-10-08,670.25,673.21002,669.41998,673.10999,60702200
2025-10-09,673.53003,673.94000,669.21002,671.15997,66501900
2025-10-10,672.13000,673.95001,652.84003,653.020020,159422600
2025-10-13,660.65002,665.13000,659.77002,663.039978,79560500
2025-10-14,657.16998,665.83002,653.16998,662.22998,88779600
2025-10-15,666.82001,670.22998,658.92999,665.16998,81702600
2025-10-16,666.82001,668.71002,657.10999,660.64001,110563300
2025-10-17,659.5,665.76001,658.14001,664.39001,96500900
2025-10-20,667.32001,672.21002,667.27002,671.29999,60493400
2025-10-21,671.44000,672.98999,669.97998,671.28998,56249000
2025-10-22,672,672,663.29999,667.79999,80564000
2025-10-23,668.12000,672.71002,667.79999,671.76001,65604500
2025-10-24,676.46002,678.46997,675.65002,677.25,74356500
2025-10-27,682.72998,685.53998,682.12000,685.23999,63339800
2025-10-28,687.049988,688.90997,684.83002,687.059998,61738100
2025-10-29,688.71997,689.70001,682.87000,687.39001,85657100
2025-10-30,683.90002,685.94000,679.83002,679.83002,76335800
2025-10-31,685.039978,685.080017,679.23999,682.059998,87164100
2025-11-03,685.66998,685.79999,679.94000,683.34003,57315000
2025-11-04,676.10999,679.96002,674.58002,675.23999,78427000
2025-11-05,674.97998,680.85999,674.16998,677.58002,74402400
2025-11-06,676.46997,677.38000,668.71997,670.31000,85035300
2025-11-07,667.90997,671.080017,661.21002,670.96997,100592400
2025-11-10,677.23999,682.17999,675.030029,681.44000,75842900
2025-11-11,679.95001,683.57001,678.72998,683,58953400
2025-11-12,684.78998,684.96002,680.95001,683.38000,62312500
2025-11-13,680.5,680.85999,670.52002,672.039978,103457800
2025-11-14,665.38000,675.65997,663.27002,671.92999,96846700
2025-11-17,669.70001,673.71002,662.16998,665.66998,90456100
2025-11-18,662.099976,665.12000,655.85999,660.080017,114467500
2025-11-19,660.78003,667.34003,658.75,662.63000,94703000
2025-11-20,672.90997,675.56000,651.89001,652.53003,165293500
2025-11-21,655.049988,664.54999,650.84998,659.030029,123956200
2025-11-24,662.69000,670.059998,661.59003,668.72998,80437900
2025-11-25,668.63000,676.21002,664.47998,675.020020,81077100
2025-11-26,677.63000,681.70001,676.71997,679.67999,71879600
2025-11-28,680.85999,683.66998,680.5,683.39001,49212000
2025-12-01,678.81000,682.98999,678.73999,680.27002,61201200
2025-12-02,681.91998,683.82001,679.33002,681.53003,62953800
2025-12-03,680.57001,684.90997,679.69000,683.89001,57238500
2025-12-04,685.29999,685.37000,681.34003,684.39001,61970300
2025-12-05,685.46997,688.39001,684.58002,685.69000,79241000
2025-12-08,686.59003,686.64001,681.57001,683.63000,55231500
2025-12-09,683.15002,685.39001,682.59003,683.039978,58310100
2025-12-10,682.56000,688.96997,681.31000,687.57001,85671300
2025-12-11,685.14001,689.25,682.16998,689.16998,86173700
2025-12-12,688.16998,688.88000,679.16998,681.76001,113160300
2025-12-15,685.73999,685.76001,679.25,680.72998,90811000
2025-12-16,679.22998,681.080017,674.97998,678.87000,122030600
2025-12-17,679.89001,680.44000,671.20001,671.40002,110625200
2025-12-18,677.59998,680.73999,674.90002,676.46997,108650100
2025-12-19,676.59003,681.090027,676.46997,680.59003,103599500
2025-12-22,683.94000,685.35999,680.59003,684.83002,69556700
2025-12-23,683.91998,688.20001,683.87000,687.96002,64840000
2025-12-24,687.95001,690.83002,687.79999,690.38000,39445600
2025-12-26,690.64001,691.65997,689.27002,690.31000,41613300
2025-12-29,687.53998,689.20001,686.070007,687.84998,62559500
2025-12-30,687.45001,688.56000,686.58002,687.010010,47160700
2025-12-31,687.14001,687.35999,681.71002,681.91998,74144800
2026-01-02,685.71002,686.87000,679.82001,683.16998,89377200
2026-01-05,686.53998,689.42999,686.38000,687.71997,71927200
2026-01-06,687.92999,692.32001,687.78003,691.81000,69273800
2026-01-07,692.19000,693.96002,689.32001,689.58002,75588300
2026-01-08,688.82001,690.62000,687.48999,689.51001,64019200
2026-01-09,690.63000,695.31000,689.17999,694.070007,80125500
2026-01-12,690.67999,696.090027,690.63000,695.15997,63976000
2026-01-13,695.48999,696.090027,691.34998,693.77002,78309700
2026-01-14,691,691.71997,686.039978,690.35999,94676700
2026-01-15,694.57001,695.45001,691.25,692.23999,77862000
2026-01-16,693.65997,694.25,690.099976,691.65997,79289200
2026-01-20,681.48999,684.77002,676.57001,677.58002,111623300
2026-01-21,679.65002,688.73999,678.13000,685.40002,127844500
2026-01-22,689.84998,691.13000,686.91998,688.97998,77112200
2026-01-23,688.15002,690.96002,687.15997,689.22998,63059600
2026-01-26,690.48999,694.13000,689.91998,692.72998,60473800
2026-01-27,694.17999,696.53003,693.57001,695.48999,55506100
2026-01-28,697.049988,697.84003,693.94000,695.41998,61172200
2026-01-29,696.39001,697.059998,684.83002,694.039978,97486200
2026-01-30,691.78998,694.21002,687.12000,691.96997,101835100
2026-02-02,689.58002,696.92999,689.41998,695.40997,79286500
2026-02-03,696.21002,696.96002,684.030029,689.53003,107904600
2026-02-04,690.34998,691.45001,681.76001,686.19000,105204600
2026-02-05,680.94000,683.69000,675.78998,677.62000,113610800
2026-02-06,681.46002,692.31000,680.84998,690.62000,89127600
2026-02-09,689.41998,695.87000,688.34003,693.95001,73885200
2026-02-10,694.95001,696.53998,691.65997,692.12000,65185700
2026-02-11,696.39001,697.14001,689.17999,691.96002,76353900
2026-02-12,694.23999,695.34998,680.37000,681.27002,118829000
2026-02-13,681.69000,686.28003,677.52002,681.75,96267500
2026-02-17,680.14001,684.94000,675.78003,682.84998,81354700
2026-02-18,684.020020,689.15002,682.83002,686.28998,73570300
2026-02-19,683.84003,686.17999,681.54999,684.47998,58649400
2026-02-20,682.32001,690.059998,681.72998,689.42999,100034000
2026-02-23,687.83002,690,680.37000,682.39001,90558100
2026-02-24,681.90002,688.34998,680,687.34998,73798700
2026-02-25,690.17999,693.67999,690.099976,693.15002,56369500
2026-02-26,693.28003,693.29999,684.34998,689.29999,71671000
2026-02-27,683.090027,686.85999,681.64001,685.98999,83308900
2026-03-02,678.70001,688.62000,678.020020,686.38000,87477200
2026-03-03,675.059998,682.60999,669.65997,680.33002,105003100
2026-03-04,681.63000,687.090027,679.62000,685.13000,79182200
2026-03-05,682.080017,685.53003,675.60999,681.31000,106606500
2026-03-06,673.40997,676.10999,669.76001,672.38000,100687000
2026-03-09,666.39001,679.91998,662.39001,678.27002,102667700
2026-03-10,677.71997,683.35999,674.76001,677.17999,81505300
2026-03-11,677.58002,680.080017,673.34003,676.33002,68441700
2026-03-12,671.15997,671.65002,665.87000,666.059998,108882200
2026-03-13,669.27002,672.34003,661.35999,662.28998,97200200
2026-03-16,668.38000,672.070007,667.12000,669.030029,82023100
2026-03-17,672.39001,674.44000,669.70001,670.78998,87128000
2026-03-18,668.35999,669.71997,661.19000,661.42999,82062600
2026-03-19,656.96997,662.97998,655.16998,659.79999,111272500
2026-03-20,656.51001,656.69000,644.71997,648.57001,163617500
2026-03-23,658.070007,662.62000,653.94000,655.38000,134802700
2026-03-24,651.32001,657.030029,649.88000,653.17999,96457500
2026-03-25,658.66998,660.89001,654.23999,656.82001,90653800
2026-03-26,652.059998,654.84998,644.82001,645.090027,96494400
2026-03-27,642.5,642.65997,633.10999,634.090027,103649400
2026-03-30,640.10999,640.37000,629.28003,631.96997,99275900
2026-03-31,638.94000,651.53998,637.97998,650.34003,152534100
2026-04-01,653.90002,658.52002,653,655.23999,97841500
2026-04-02,646.41998,658.20001,645.10999,655.83002,68358700
2026-04-06,655.85999,659.71997,655.52002,658.92999,39105800
2026-04-07,656.65002,659.60999,651.059998,659.21997,69980400
2026-04-08,676.39001,677.080017,671.46002,676.010010,93606100
2026-04-09,674.84003,681.15997,673.77002,679.90997,57134400
2026-04-10,681.32001,682.030029,678.45001,679.46002,42253500
2026-04-13,677.40997,686.29999,676.58002,686.099976,54185800
2026-04-14,687.69000,694.58002,687.65997,694.46002,63480500
2026-04-15,695.26001,700.28003,694.20001,699.94000,58240400
2026-04-16,701.059998,702.78003,698.53003,701.65997,49972400
2026-04-17,706.14001,712.39001,705.76001,710.14001,70661900
2026-04-20,708.78003,709.90997,706.14001,708.71997,43546800
2026-04-21,710.28003,711.28003,702.64001,704.080017,58941400
2026-04-22,709.15002,711.45001,708.21997,711.21002,42518500
2026-04-23,709.5,712.35999,702.28003,708.45001,56174000
2026-04-24,710.75,714.46997,709.010010,713.94000,45182000
2026-04-27,713.16998,715.63000,712.29999,715.16998,33135900
2026-04-28,711.82001,712.88000,709.25,711.69000,43117400
2026-04-29,711,712.20001,708.37000,711.58002,41859200
2026-04-30,714.63000,719.78998,710.45001,718.65997,67240900
2026-05-01,721.25,724.87000,720.46997,720.65002,43049800
2026-05-04,720.070007,722.12000,714.98999,718.010010,51950600
2026-05-05,721.77002,725.039978,721.48999,723.77002,36933200
2026-05-06,728.15997,734.59003,727.82001,733.83002,53288900
2026-05-07,735.049988,736.13000,729.75,731.58002,51724600
2026-05-08,734.92999,738.080017,734.57001,737.62000,47227100
2026-05-11,736.45001,740.78998,736.45001,739.29999,44024000
2026-05-12,736.89001,738.84003,731.83002,738.17999,54185300
2026-05-13,738.46997,743.90997,735.46997,742.31000,44200200
2026-05-14,743.65002,749.53003,743.56000,748.16998,45307600
2026-05-15,741.78998,743.46002,737.96002,739.16998,60410800
2026-05-18,739.83002,741.41998,733.39001,738.65002,47843900
2026-05-19,734.78003,737.65002,731.53003,733.72998,54255900
2026-05-20,735.71002,741.87000,733.89001,741.25,45768000
2026-05-21,738.64001,744.87000,737.030029,742.71997,43332200
2026-05-22,746.23999,748.94000,744.47998,745.64001,41762000
2026-05-26,750.010010,752.13000,748.37000,750.59003,41123600
2026-05-27,750.88000,751.38000,748.21997,750.46002,42106300
2026-05-28,750.25,755.15002,749.22998,754.59998,41562600
2026-05-29,755.90002,758.080017,754.69000,756.47998,55075700
2026-06-01,755.35999,760.28003,754.69000,758.53998,43634900
2026-06-02,757.030029,760.40002,756.75,759.57001,31581900
2026-06-03,758.15002,758.79999,753.57001,754.23999,51402500
2026-06-04,752.099976,758.31000,751.46997,757.090027,49923000
2026-06-05,752.31000,752.82001,735.53003,737.54999,93989400
2026-06-08,743.35999,745.34003,738.19000,739.21997,49319100
2026-06-09,743.63000,746.90002,722.59003,737.049988,87683500
2026-06-10,733.39001,738.38000,725.33002,725.42999,60341300
2026-06-11,728.76001,740,724.40997,737.76001,86330500
2026-06-12,740.71002,744.44000,735.030029,741.75,57079500
2026-06-15,751.84998,756.67999,751.76001,754.83002,60176400
2026-06-16,754.54999,755.44000,749.88000,750.33002,67093100
2026-06-17,751.28998,752.15002,739.21997,740.96002,85945200
2026-06-18,747.76001,748.22998,743.85999,746.73999,80875700
2026-06-22,747.70001,750.17999,743.13000,744.39001,46628100
2026-06-23,733.81000,739.63000,732.29999,733.58002,66846800
2026-06-24,735.16998,739.95001,730.84003,733.23999,57439500
2026-06-25,738.90997,739.37000,729.59998,734.29999,53934400
2026-06-26,728.95001,736.53003,716.58002,728.98999,71034000
2026-06-29,736.53003,741.56000,732.090027,741,58035200
2026-06-30,741.28998,748.020020,740.89001,746.77002,55626000
2026-07-01,745,749.44000,742.38000,745.76001,47100900
2026-07-02,747.40002,751.31000,740.030029,744.78003,57447800
2026-07-06,748.73999,752.40997,747.40997,751.28003,50673300
2026-07-07,750.21997,750.96002,745.21002,747.71002,43721500
2026-07-08,743.15997,746.15002,739.51001,745.40002,43767400
2026-07-09,747.34998,751.96997,745.59003,751.71002,41441700
2026-07-10,752.049988,755.41998,748.099976,754.95001,42191300
2026-07-13,752.46997,753.90997,748,749.16998,44013600
2026-07-14,750.90997,753.34003,748.65997,751.83002,35143100
2026-07-15,754.23999,755.58002,750.20001,754.81000,43844800
2026-07-16,752.76001,754.57001,747.88000,750.71997,46409800
2026-07-17,742.080017,747.28998,740.79999,743.28998,62651000
2026-07-20,747.059998,748.72998,741.51001,742.090027,50422300
2026-07-21,746.28998,749.039978,744.17999,748.28003,34324300
2026-07-22,746.62000,750.020020,746.37000,747.40997,32836200
2026-07-23,739.37000,742.56000,735.21002,738.17999,55437300
2026-07-24,738.51001,743.71997,737.28998,738.92999,44782000
2026-07-27,744.90997,745.53003,735.87000,739.090027,41461200
2026-07-28,739.19000,742.78998,735.97998,740.85999,47322200
2026-07-29,739.96997,742.67999,729.099976,729.46002,70697200
2026-07-30,736.049988,742.45001,734.59003,741.69000,66811300
2026-07-31,744.67999,748.90002,737.67999,747.030029,62445900
2026-08-03,749.44000,758.58002,748.79999,757.66998,59927500
2026-08-04,760.63000,773.40997,760.52002,771.33002,69154800
2026-08-05,775.84998,776.84998,769.51001,769.78998,44689100
2026-08-06,770.21002,771.82001,767.46002,768.56000,38416900
2026-08-07,771.020020,773.91998,769.60999,773.26001,43586300
2026-08-10,772.59998,775.049988,771.62000,773.030029,39249500
2026-08-11,774.53003,774.60999,769.20001,770.56000,36740600
2026-08-12,774.71002,774.90002,771.28003,772.48999,33179100
2026-08-13,774.87000,779.37000,774.10999,777.88000,35634500
2026-08-14,778.53998,778.79999,775.42999,776.34003,31367900
2026-08-17,776.17999,776.78003,772.51001,772.66998,34356600
2026-08-18,768.70001,769.5,766.91998,767.45001,43920900
2026-08-19,770.35999,772.46997,768.099976,769.059998,40306000
2026-08-20,765.96002,768.15002,762.039978,762.59998,45520300
2026-08-21,766.049988,767.84998,764.16998,765.71997,39030400
